A,B,C
0.2164137785500469,0.2279475333552773,0.287325077479493
0.2721401192750238,0.2401330129598117,0.414374164815103
0.3085658201896766,0.3098174350419517,0.5371630641048438
0.3287729004872908,0.3211084998366053,0.4903917922006189
0.3244935112918976,0.3095789841103546,0.4601648955203893
0.3142981460388716,0.3541853644796133,0.4908359804082433
0.2459875377655926,0.2838987114447743,0.3629693970025251
0.3239089010701651,0.3246626326733974,0.512030890672667
0.3571009369457867,0.3683175203548009,0.486018726221309
0.2576308823220286,0.2309386861210748,0.3872436232696039
0.4410091025511526,0.4175864588669065,0.5791096984947959
0.2206180885777907,0.2156351906043751,0.3684512349354318
0.2197673706923179,0.2231726462366348,0.40018357520875
0.3846556641022736,0.3693566255329759,0.5244375705412538
0.2972504115556371,0.3203063161796522,0.4253611191776268
0.3086018938211028,0.333348770289926,0.4682703666354652
0.2544445587830398,0.2132063820487602,0.3518772970686113
0.2461150324341979,0.2679208320481072,0.3426495203290239
0.3467901443934835,0.3112757611295788,0.552254564068582
0.2838010399443645,0.2264906592379328,0.3607592343566295
0.3161096377501963,0.3599814717754688,0.5358901469853663
0.2677370186367491,0.2220171189835343,0.3670115025213722
0.1837825479592867,0.1686955520604361,0.2938983610167539
0.3607440104632843,0.3970204855979694,0.5516462033186468
0.3987569730114518,0.424671013011402,0.5928072382635472
0.2497494845616946,0.2781892970345981,0.391418881462485
0.2015287907035776,0.1927102863875296,0.3130827247621239
0.3651231729046582,0.4212651570043902,0.6436652793027694
0.3196698397942878,0.3341580541021878,0.4919964421717079
0.2542159069029518,0.260466884680293,0.400279268632
0.2558987533718407,0.2838973954561583,0.4076605256600223
0.2093011152289314,0.1989859210122661,0.3247997890069511
0.3041759497714925,0.2602235785622441,0.4850059865527009
0.2586199523188514,0.2300329472949756,0.3657768678511616
0.1519227900628051,0.1276762002575308,0.204487622775279
0.3818822017139925,0.3711691159571713,0.5167283315164118
0.3293946007476414,0.3232758308952459,0.5396844537766934
0.2310335013772961,0.2074317350462596,0.3245276122670263
0.3193395248817613,0.2701039064531346,0.4860806886644358
0.1900089375561817,0.197518044925726,0.2462826865200652
0.4280983327400271,0.4265518544248898,0.599570796548178
0.3364993697368965,0.3552586244904383,0.4360367662148611
0.2213456071198204,0.2192324290348978,0.3770938411358646
0.2892717995387158,0.3145953940306415,0.4515848277516095
0.3680528097140106,0.3323787773563369,0.5770906221440205
0.3157678682146654,0.3364765476593739,0.4842658545034971
0.2133999378550518,0.2147475997474917,0.2816186733266377
0.3420774191801933,0.3617971583567959,0.4937529572153455
0.1530108235100855,0.1291519173048629,0.2126933584355377
0.218562922147466,0.2044437324727979,0.2877461632658454
0.2618579322679748,0.2118595428593986,0.3489539777183981
0.3516812270031078,0.3799240134820425,0.5857421049879322
0.1536013457724486,0.1278560103967345,0.2115210850378465
0.3081729612330028,0.3467750919250484,0.4586822271351465
0.3305629700841827,0.3760189574598317,0.4999633648393365
0.2561682027882409,0.2321847708780794,0.3293171010616124
0.2673500980405572,0.2706450526272234,0.4145838255370414
0.1968213714670567,0.1995701735254609,0.2545133348282245
0.4099293348935456,0.4556094164779816,0.695840229442714
0.1645344211523989,0.1155215481313204,0.1755936657759523
0.4167269483348855,0.4741326724987998,0.7123728256584703
0.4507791275369747,0.4836644741338451,0.6843440899604989
0.2371282433306336,0.2399109739910637,0.356266990728906
0.2936117064909237,0.3126110239623448,0.4352807494749869
0.259037158570616,0.2948262729703711,0.407569394456063
0.3567911700541794,0.3436793648967404,0.540818754999136
0.3978849451628739,0.4567720169371492,0.6963628540782325
0.2228256920291618,0.2241100093167031,0.355272074570013
0.1927104887303176,0.1658513390948151,0.2984251650539036
0.3084458966441389,0.3230256614451357,0.4503629137440548
0.2617695814690642,0.2836248039790524,0.3642013038439767
0.4430151103419478,0.4654770824486432,0.6961954254059254
0.1636525507983235,0.1466864391613784,0.252728532288246
0.1442234237428646,0.1374304217354101,0.2330215501349322
0.4174359823188419,0.4513837217097914,0.6647358011400334
0.2771594207505379,0.2981055467012263,0.3930879278863903
0.2068347467281869,0.1838612764858325,0.3206616061120358
0.2751006516938379,0.296295997299967,0.4205223754459442
0.2100922980965396,0.1883228068534167,0.278907768645788
0.4093671582967711,0.4066725908257642,0.5854770832753325
0.3014708600426182,0.3385562177840089,0.4583066521568056
0.2071075052509053,0.2175897946171521,0.377610569283416
0.2723610547082369,0.2159914855163618,0.3662212468972302
0.3619108657750574,0.3877515845356984,0.6469211233468513
0.4813303600910477,0.4934130867338281,0.690252483922634
0.3794508301134039,0.406369453159095,0.5612581213532057
0.2686108585196942,0.2956073516798089,0.4051103121342481
0.1976924722014903,0.2021487042078431,0.2640551264715499
0.2618338754979348,0.2238896185743513,0.3068124781215373
0.4341363608827653,0.441549837937166,0.6271020543562499
0.2244852410410961,0.202859937406453,0.3610925691141253
0.4764824462389916,0.4765153132693639,0.7161735444700622
0.3961455883014927,0.4338148156015834,0.5913183351621318
0.2564439272043886,0.2943758322096116,0.3698284596737577
0.2063629050546152,0.1719217364737036,0.3215381532024241
0.2694509158258116,0.2730858126454257,0.4233519404443275
0.3675079304041525,0.4140957637688435,0.6354654247884777
0.3358208758544392,0.3839852919182392,0.5771523783485267
0.2221289053213684,0.1915468303394426,0.3607144191949409
0.3347134245282289,0.3640088829120472,0.5225693316694336
0.3097185836117287,0.2797160129320978,0.4657429172910476
0.3105371276483986,0.337197283583278,0.4235427305829929
0.4568811124639425,0.4436521663272853,0.6630518043615745
0.2230469858932582,0.2196556680015652,0.275243243137313
0.3838917414361543,0.3936152564912693,0.5818742039281557
0.4277432305748353,0.3468051579513075,0.6481329143746402
0.396958449790663,0.3645791673042428,0.6190404896119506
0.2294981094436052,0.2143882722442569,0.3628593379953324
0.1691524771084858,0.1735591475029813,0.2097178929342605
0.3054840599549315,0.2967719631291422,0.526535863236082
0.3781240802211533,0.4280044692318945,0.6363805375139179
0.279106484632132,0.2439053530861482,0.3973068552300044
0.2372543266811285,0.224468228774391,0.3582708418834807
0.3492370837767012,0.3622626957908267,0.5072051542985073
0.2560312719243906,0.2635007448496155,0.4626495063312075
0.3392854239290434,0.3503192664378184,0.4772175509369772
0.339382523636609,0.2707785812759751,0.4537448487896205
0.1651074395729102,0.1749401108254139,0.2308497537007776
0.224248561291758,0.2075834309460123,0.2810116304689492
0.2458243544456632,0.2778881932055646,0.3319222977818024
0.2378531667830329,0.2062755459448393,0.2932626226326499
0.1514112733826699,0.1688012175549492,0.2649228348008586
0.3346222203076539,0.3805691579841475,0.5491914791254524
0.1938168493190825,0.1545176826171902,0.2418203383848712
0.3300809116275924,0.3213746335852945,0.474866367451185
0.2533366409055958,0.2588945534971393,0.3858895833609647
0.4058667690456278,0.3885761254535994,0.6638226557373714
0.2113425713470819,0.1893650787618637,0.2748139790623441
0.4490712124549225,0.4620981549886077,0.6636197820217643
0.3063519484990792,0.3146335111796848,0.4743117011679038
0.2645143389678255,0.2733280973459454,0.4246273322768089
0.3389143910913393,0.3041035363365647,0.4984203589308387
0.286169394089047,0.2697991434052479,0.3650380683314443
0.2925839634835343,0.3181370941382272,0.4753570006918123
0.4194535789136903,0.4145768213594986,0.5812280514149049
0.203257209995278,0.1637479928518232,0.2670639469725873
0.3714345496542988,0.3744008741347534,0.549752359176915
0.2481593611146955,0.2354809041067408,0.4101818714203794
0.1817402770468319,0.1879326554334502,0.2897321045491589
0.2317250924643423,0.2574235359708807,0.3910630789837613
0.2625308075164921,0.2662587912169644,0.4037825985686868
0.2414861404148666,0.2078107446810438,0.3233697918071737
0.3897826126115044,0.3307412344960688,0.5706340235760446
0.3267849916908561,0.3348452477078744,0.5396160354486338
0.1799343366311451,0.181699725009838,0.3117761407466126
0.2081226461864772,0.1854146667528714,0.3405666893417535
0.1950518083035636,0.1773723270335498,0.3322692419275949
0.2267420715503921,0.2236150615213643,0.3926819182581583
0.2935377350885552,0.335394321031558,0.4613756470559012
0.3393248405281447,0.369556644188653,0.4999112716050231
0.266849413921993,0.2696401539702883,0.3401972894174025
0.3509312548203702,0.4059218098639084,0.6164482561353705
0.1563776347610757,0.1225420419232273,0.1984171773440047
0.3066404694269108,0.3125926584430456,0.4517525811378395
0.2621748609026815,0.2607289101583677,0.4528752672601027
0.2520133995254606,0.2089977622752484,0.3772997567328799
0.2639264675086845,0.2714839246183195,0.3795025617878795
0.2655593773956895,0.3198366708854139,0.4167685164702339
0.2266325240306913,0.2041113911422241,0.3334628922376899
0.2953979486250648,0.3383929560651916,0.4255975383792719
0.3684906399442411,0.3728569737281373,0.5089903655955054
0.3631462841602084,0.373837312310765,0.622454212599303
0.1398189628762032,0.1450266615648097,0.2367664977491036
0.2482912508834231,0.2293446038054968,0.3226559049419712
0.4194853685527536,0.4078017012100058,0.6305683581823242
0.4654545036323289,0.4720350353315908,0.7133288452619992
0.3207374427018358,0.3510547459545872,0.6541512719384094
0.3252151627128642,0.3205387084974586,0.5486346410693049
0.1987034813091199,0.1932444529482303,0.2511577405182348
0.4232406960488946,0.4219699973018379,0.5584136646089847
0.2851877438187776,0.2768147457839005,0.3990104638946146
0.4033012157662918,0.4488310032556026,0.6358392570237305
0.34416631022727,0.305092287501376,0.44833188716695
0.3266886251588169,0.3209539724518334,0.4356693701024218
0.3445055849167541,0.3846989544570329,0.5375094753102122
0.3432202185555076,0.314341602156756,0.4776219345804442
0.2437267544756501,0.2596739981575198,0.4096471913744343
0.2616326869947354,0.2515880959814019,0.3467150884220649
0.3334801737281318,0.3643160541369116,0.5390046580048171
0.2662878689911492,0.2482465414703224,0.3805423397337504
0.3643319453315839,0.3476589440469516,0.5765261654008297
0.2797388599431325,0.2347383546684636,0.3398013060330788
0.2379626041190876,0.26115789775496,0.3466903105539134
0.2658876545802675,0.3143462303900536,0.3966905342780601
0.2715313400583745,0.279646475752511,0.4362987414205553
0.2537300121340293,0.2928413844743289,0.4275142334577647
0.4142700947420121,0.4237382750818759,0.6429972438006021
0.1597444772238009,0.1576772521523426,0.2592745428762085
0.361648853680564,0.3981417097418718,0.5532683893709084
0.2760985911975594,0.2446414632456224,0.3909023506016721
0.4292407733864655,0.4466405071817394,0.6709173584026973
0.2296006774006784,0.2391126988865037,0.3769373160033561
0.2332800671444522,0.2137913694830948,0.3056890269852872
0.3114982269826359,0.298062259486909,0.4252842516278914
0.3315511512467261,0.2746781935167846,0.4220681035327689
0.2940466848919874,0.268455428338448,0.440830038142522
0.1388580011307731,0.1396254959592312,0.1896771158280008
0.1345946377320774,0.1444329477644333,0.2193258955349614
0.2373123748297276,0.2219423928577267,0.280585917018819
0.3902952888201951,0.3949368405384459,0.5323047434774785
0.2239620950790387,0.2465482139899729,0.3246582212605231
0.3451143200141804,0.3253812438170895,0.4860829413227342
0.2525738957479164,0.2684969937228325,0.378483330278948
0.2741244983298242,0.2461123835909256,0.3580232067623757
0.2912930773904296,0.2634017618917146,0.4139556366413546
0.3345089237065152,0.3786251237061152,0.5469675641529369
0.3910110659991407,0.3912206033335597,0.5781467213486915
0.3026817689623178,0.3286258386205731,0.5012107798341606
0.3596782343449599,0.3835818493260852,0.5418121811481851
0.4467195211541972,0.4418366941233663,0.7001377534273439
0.3643257527666337,0.3844964408752656,0.6321562388522329
0.1352871872569974,0.116937715690775,0.2009638437108141
0.1980686892884109,0.1513294398203366,0.2269253970653294
0.2351789379468315,0.2531958746584959,0.3434076952663201
0.2669933378881172,0.2244771168444866,0.3234968561411795
0.1597949669196942,0.1435423460466319,0.2319183020993992
0.2345788767582695,0.202932325388366,0.3242313705369438
0.1877484650727125,0.1373255455358669,0.2029591751791253
0.2092603474152971,0.2105528989739865,0.2665886146597165
0.3863866038691739,0.4234088384843287,0.6454624290370414
0.3728215831637997,0.4305662226977284,0.6348565970707629
0.1955242095979373,0.1590985967673367,0.2037084037505815
0.3677713096883442,0.4056250598701676,0.5634694174382743
0.4296633878210629,0.4603101008359233,0.6714009651986055
0.1802958821512543,0.1393396881168262,0.2481658875995503
0.4274200692595578,0.408347858404645,0.6486199191893892
0.3765712226839532,0.4053217354621357,0.5856111637458988
0.1976501080012595,0.1972404317199788,0.2748901724844451
0.2211048189138638,0.2060682278650323,0.3211825049355203
0.2044152774772465,0.2005148329127099,0.3170141256178189
0.1995166273994564,0.1739335891821487,0.2241520421502995
0.3613926087860413,0.35459421780534,0.5021760433483888
0.3018613422994591,0.3159816025664423,0.442725226069688
0.3087032938984108,0.3531089673365546,0.4799928831282609
0.3099148608708931,0.3156844851692791,0.4894803814102526
0.3082906630081262,0.3045267589079299,0.4701023511766904
0.235071860640999,0.2023874884343162,0.3263390876219739
0.3339543567038619,0.3477318340826779,0.4933323660502475
0.3837171159962894,0.3971182056647987,0.5665740352162553
0.3467503882636054,0.3170710005917836,0.5192182717040393
0.4582905571893179,0.4557720356582381,0.6332987429503355
0.4806294892041377,0.4475512509952869,0.7168918598059567
0.2674526684732733,0.2897635883183695,0.4379076348051697
0.3665140523988706,0.3773651775895062,0.6528512698214092
0.3945648463938855,0.4289533979087551,0.6478632870585431
0.3628564400180564,0.3286440423198474,0.5953710593399962
0.2931484414884852,0.2838678485635363,0.5188670288025916
0.3191650259852502,0.3217236150598562,0.3910436120750078
0.3433079708861815,0.3224077149982262,0.4790225662080486
0.3787861866851493,0.3731315056117953,0.5144424124268625
0.1717623731671024,0.1832149166125622,0.3155495167038353
0.158166033178012,0.1524603352965853,0.1927214169859474
0.2304843527798148,0.2433700292551512,0.3658058666220948
0.3644249212392748,0.4141580416094759,0.5661526310791739
0.2457924184652,0.2638186040821918,0.3389088653305181
0.297588590306713,0.3179161359931186,0.4826475218097903
0.4472912324296953,0.445976029108703,0.6855510616442614
0.3305205486060952,0.3429543741728084,0.5392334257532436
0.2627148004264274,0.2184925551574511,0.3883912302164582
0.1715324340690757,0.1617733936778261,0.1972984959386807
0.4678789365233726,0.4949303894998821,0.7591571137151372
0.3604851445102587,0.3758683413620706,0.4888522258486312
0.148196439112193,0.1177505827111934,0.1867427177103139
0.310111571639967,0.3231247345514862,0.3991107523377267
0.341662546844253,0.333887967272448,0.5287728239396743
0.3167679643293951,0.3519369019557175,0.5126745784926081
0.3688595113171296,0.3804276760460027,0.5368462591798914
0.1946253507908467,0.1656750724429402,0.2747309928903884
0.3869440750192012,0.4026006774618707,0.6807110337422894
0.2687280735574863,0.2868973109567587,0.4192034961189627
0.2498578290089056,0.2305190344377041,0.3777367786715532
0.3635101143842875,0.3494116499297061,0.5692646088948217
0.3789780783817383,0.4137744042666244,0.6174442593738529
0.2624312925275651,0.2300914172250549,0.3803404426492864
0.2191319648271109,0.1795524604390315,0.2327192837569276
0.3807262562277018,0.3838389759960051,0.5877092360277533
0.1992185678141989,0.1571872197083497,0.2779392524020633
0.4200902142651569,0.4158542080349843,0.6850111897111177
0.3192541082609725,0.3573149784799083,0.4863027245971411
0.3423988115487004,0.3828908980479317,0.5248884828068754
0.302904495320785,0.2584035174618674,0.4636180668811062
0.3808380582487265,0.3990674632715121,0.5713154579446689
0.2077960541766737,0.2068729424562071,0.3331376751975262
0.3596092313887128,0.3970486840426201,0.5410702399690722
0.2283633516349046,0.2623930590816994,0.4164097573927835
0.3000272917900353,0.3002111835627917,0.4122692621263743
0.3090663398855737,0.311165446456856,0.3916594181643966
0.283860959296565,0.306837166835865,0.4450248075199923
0.3765644371200456,0.3967244760366875,0.5226575579196503
0.3192273418807091,0.3434620384138079,0.4863873670998096
0.2015007423142177,0.1462802396244906,0.2049081923751052
0.1765404017517604,0.1649624207421337,0.2035700226838089
0.3494668246315949,0.3585946385180223,0.5059929677403934
0.2446609381168781,0.1905267477920543,0.3190140408343712
0.3123747783510552,0.3567067469420656,0.4901699601029352
0.3026084300851527,0.2634866574104346,0.3774100588689008
0.3733579561645985,0.3457418272937949,0.4893378956516699
0.3584501796150668,0.377533709610108,0.5427669880653124
0.3023240956360163,0.273645030026021,0.5155329993212266
0.2770253835540017,0.3156937283912374,0.4094087901814758
0.2155285059149497,0.2218046435223731,0.2992290016885046
0.3200294637660917,0.3460978083584765,0.5032723749765258
0.3572076514717455,0.3982856540411719,0.5527517372391758
0.4189257536394061,0.4479575219567119,0.6150526767857941
0.3109512272463983,0.2888623395742921,0.4115166776465409
0.473239433986669,0.4872907784914214,0.7035073807031921
0.3276048681429657,0.3494434918938885,0.531160072728651
0.3205014318104142,0.3297919826990787,0.4866943022696151
0.3032809215163934,0.2544348255713433,0.4057732574161551
0.2017918116730902,0.168834427206907,0.2925591075696666
0.3384757884046489,0.3937437203600558,0.575660476597556
0.2578931455312551,0.290219149177783,0.404028063869222
0.1694181960488469,0.1641390531213633,0.237975460863876
0.2969100805727924,0.3398297210425359,0.4191091282422445
0.2174357916814599,0.1955612502610892,0.2993030164675199
0.3025691886731897,0.3590569822399699,0.5086693428146402
0.322957997550413,0.3411573101771848,0.5217017180726673
0.4306560020752818,0.4494438539981373,0.6468832257846994
0.3443785438502333,0.3879065645505871,0.5754829455554762
0.3407621285055701,0.2945680788215263,0.5231451375060291
0.2860408400695833,0.2821905581235391,0.4820252641344806
0.2701840930680397,0.238616743368977,0.3721864389193442
0.2977486462819029,0.2947760185322806,0.4323867678351494
0.274396026919648,0.2725176728432063,0.3823002328297896
0.1650179818434324,0.1597558699138269,0.2709732446777437
0.2846086124760368,0.2996708974768591,0.421957519340058
0.3733574286097832,0.3999678180139295,0.7508421426827254
0.2434727805067969,0.2055651895443148,0.3541666769265457
0.3537646555978733,0.3672781316298771,0.5172057192274961
0.4393565438989479,0.4876434944882922,0.7205157566354382
0.3702009199353112,0.4050669134375555,0.5588732690303154
0.2769818677654475,0.3092869231963066,0.4276290817419475
0.2702202676044118,0.2494169138702965,0.3967126733655384
0.2723607784281217,0.2676330151384716,0.3530295470186749
0.39905033691728,0.4263860117992807,0.5830558260698063
0.2995844844387701,0.3346786124593128,0.4360355085270235
0.2080325464115114,0.2195837574317796,0.4282253588474655
0.3162194312554,0.3654989044335597,0.5134860540771368
0.3634247543352908,0.3626630372021643,0.5907985060179889
0.2278682772374063,0.2226210335940881,0.37258974526836
0.3253916652319195,0.321819877851116,0.5046988070176922
0.2321427560172038,0.2550108895923487,0.3871016800593491
0.4036220882446258,0.3514995007911328,0.58974194824376
0.2164164939692927,0.206602283049485,0.3359168875237647
0.2903778127030451,0.3081683526763661,0.4973659460264271
0.2172904288381472,0.2105918710709658,0.3120602958085305
0.2445813162060021,0.2694444666171097,0.3145364450094038
0.4021278085368349,0.4093677092116823,0.5716299960625324
0.2284961815190827,0.2307526826721936,0.364986668894088
0.3398603634598389,0.3755668070725334,0.5103345158143602
0.3235102074871417,0.3537934058426137,0.5566490870969518
0.2935951786135888,0.2920061103931362,0.3969485857837714
0.4877492347006127,0.487482735327978,0.6758317660191708
0.3370392037536442,0.3866324792086286,0.5201210717474855
0.3434476632618389,0.3472158024917788,0.4894521522001629
0.2679249752836583,0.2777303607887353,0.4422513062474489
0.4472570608344687,0.4556086139849877,0.676722312945852
0.1480363422950644,0.14444878831174,0.2256269721238559
0.2138352999931356,0.221394338073172,0.3198337190897904
0.2165643307450034,0.2008634059239419,0.3474975695398478
0.2079358941696398,0.2143001760778509,0.2665734559931239
0.2912407724650973,0.2886106725560886,0.4138211393490424
0.46171546486445,0.4883412790368061,0.7119362560850062
0.3784155022340284,0.3938069759636841,0.5594885402162045
0.3127457858881355,0.3400916083773164,0.570326364665774
0.279730873901581,0.2443130362939404,0.4905154569814257
0.2361540054376075,0.2221811190298709,0.4021820181203598
0.1418840273136135,0.1190498589727507,0.2193206884666012
0.1857331813524393,0.1827661629072819,0.2890748937381221
0.2540521602749181,0.2082292273526352,0.3470134801863194
0.4627413933785069,0.4950597002565575,0.6991551219372192
0.3085559727459638,0.3508359240979442,0.4787764863058331
0.3883056266652051,0.4039244363425429,0.586969590678742
0.5163892336066553,0.5652055102482163,0.904565425651143
0.2944208496983817,0.3024289879764651,0.4351874933699929
0.2543805101699723,0.2796575519903249,0.4352367960134902
0.2020624596251252,0.1492758739755117,0.2343791068567629
0.2452256880985669,0.2609038534123987,0.3601842422513573
0.3293182337151473,0.2678997015573719,0.4411233242835004
0.2270765294051492,0.2509995029595139,0.3370994924103266
0.343816092916887,0.3459744039240617,0.4881704949407052
0.3235773223106117,0.2945264360714452,0.4447427671761061
0.3325477987379222,0.3470325323513438,0.5049114084063124
0.3013054286112844,0.2834783700545212,0.4297169012812988
0.2398583355691701,0.2073049475601187,0.3793439472114995
0.1383784925875145,0.1544958105785407,0.1825780639672352
0.2647207552191123,0.2390725232066169,0.3882347503524082
0.2744925935705317,0.3056328874399989,0.4413847812940399
0.1889285981074944,0.1800348186321901,0.2812928051728506
0.2935736919485897,0.2593421911644215,0.4452868960205163
0.3985523345917325,0.4331218627190955,0.6198412663351429
0.3928833574243481,0.4127798201203912,0.6389102503998577
0.3737138415685134,0.3632062224156884,0.6237367366101272
0.4392914426397948,0.3631482690139966,0.6083366387901887
0.2969215108533141,0.3100174322189438,0.4694829452462585
0.3378703483422069,0.3256229818073507,0.4933776296606355
0.2495750295620809,0.279047491709853,0.4729333459291303
0.2499206353535544,0.2524897244306144,0.4179094056398734
0.2155248452027688,0.2070626364282665,0.3019888963156216
0.3768922334786898,0.4224525328899496,0.5841612075111291
0.4070787744242612,0.3994017545056859,0.6371427344503999
0.3058619045369419,0.323081234931372,0.4773048521584532
0.2708038290601938,0.2387504080223185,0.429736460636811
0.2710876919269359,0.2511999104658203,0.3545191727961448
0.333115596428552,0.3459423844941334,0.5493878345592244
0.4170684922383783,0.4553132599284082,0.6796701472451657
0.2230421990259281,0.2037236002248917,0.3551536099337093
0.3231794303348063,0.3678192887849625,0.5507081694409309
0.1201571900652262,0.1032569996941579,0.1392684401342464
0.3021853631679775,0.3404848975968034,0.4271786690883465
0.1883478821232535,0.197218608854409,0.2315904060105752
0.1619177519446606,0.1751948664876046,0.2999936930334234
0.2442559266737634,0.2515816793850443,0.3626103308634621
0.3443325410060174,0.3900363909953171,0.5548762854202123
0.2780062951166495,0.2872524190682853,0.4350552529006696
0.2518055654178369,0.2582882674252014,0.3929708739580421
0.2038136992950404,0.187636577578451,0.2810977422400745
0.3245250144469908,0.3730133166410392,0.518819574225646
0.3731952207406587,0.3509814184335447,0.4896230887985303
0.3490545799998905,0.3519148749305969,0.530701885322962
0.283075515388913,0.247466975446416,0.3397087006143883
0.3544462945687862,0.3534236758943705,0.5046502118158348
0.3855510640396119,0.4301572797659249,0.5814277171296023
0.2704055857874495,0.2035072216203765,0.2845615765019261
0.2115144825321169,0.1746101517730178,0.3070218806360613
0.2810546391796125,0.3096466836519485,0.4428187603326947
0.2165299726320649,0.2072097283445267,0.3568846149355003
0.166121178273383,0.1467805041453904,0.2509898252996063
0.3954032626805385,0.4360608267770791,0.6163536773108055
0.4258667275806075,0.4115813558449193,0.6847867940148962
0.2901217837521813,0.2442292428937205,0.3581129339780798
0.38119624632729,0.4235945833437137,0.6592020011887205
0.2188432862041786,0.1886216320653575,0.3212536343085693
0.3001117368474246,0.3240839337885755,0.4907755482329405
0.3298204526071423,0.3392075588760643,0.4605999806402859
0.3320964995901901,0.3191144547106391,0.4310505426150826
0.3995202452554788,0.3794923857599548,0.517313528852135
0.4134852681285604,0.4127519585617766,0.5432166734823117
0.1005471556906366,0.1031837930388619,0.1391097417676405
0.3167904786271899,0.359973128374712,0.4606954350004744
0.3672135667106146,0.3843645441766056,0.6026003253937142
0.3322438049543838,0.3077803854823682,0.4996818784723599
0.2976739616810774,0.3083405491119906,0.4615105702789586
0.2468961292781599,0.2423563264062479,0.4005984363170201
0.3110564623736463,0.2737008401791985,0.4485734873313104
0.3948906138263133,0.445111020054181,0.6759898657362362
0.3486155353353534,0.379646392477459,0.5925454215553484
0.3181548034404767,0.3355717903638843,0.3958823009494802
0.2693861584895889,0.2945210678286304,0.4828894575089092
0.2478559357007124,0.2499262111180779,0.3856944065165343
0.264797108650946,0.2932505952946204,0.4023284964375892
0.2406642192270629,0.2059154642587968,0.391872622873904
0.304501733816343,0.2870215545985128,0.4872606564277009
0.153382747892436,0.1536439615621271,0.2131008738679318
0.1716829440319266,0.1576520907407163,0.2641395588269018
0.2556196988566844,0.2549009049901226,0.3861669212807713
0.299646700197513,0.2919861583070543,0.4351552459873218
0.2461268990492846,0.2410905117723822,0.3365914861753025
0.2085231799402364,0.2024414867900854,0.3198370975622729
0.2339297294093323,0.2125728191342421,0.341130811179971
0.3186455073855059,0.3147917200017394,0.4782615302124671
0.3087515034989029,0.3375150154711737,0.5306098279756402
0.2867706300456037,0.3108004181688188,0.4970883321302596
0.3848856288487516,0.4078533859588715,0.5732292059365411
0.2299166992541655,0.206847787656799,0.3594205974254801
0.2190603030440283,0.1886892822531411,0.2997138953465019
0.3090109563346177,0.3207507200255212,0.4117497192375643
0.3529755241608514,0.4093758113508945,0.5992551897620724
0.3349026078774476,0.3535534190355603,0.4552534548104801
0.2883034419494086,0.2801424877111522,0.3915528658480448
0.2349083195954053,0.2108190928020192,0.347591042883172
0.17431059797424,0.1478485658532539,0.2560324306363641
0.2408020850242611,0.1798915890206479,0.3043282958860788
0.338238978935275,0.3184501502895988,0.4830311436696565
0.3010619303417086,0.3146949092956126,0.4428482689306224
0.3298370103301524,0.3278807218344913,0.5028462861516824
0.3687287818749354,0.3521802742578461,0.4752970340300479
0.353899125495918,0.3218234717842024,0.4702926624410927
0.1876251059398759,0.1833024784132768,0.2563249356076373
0.2799091332191826,0.288385405673221,0.4237104552480556
0.3093231720979733,0.2900053080576154,0.4549443869117354
0.3303620165051615,0.3644391890813428,0.5334101111996884
0.3204294936809196,0.3349091109650779,0.4589800384517699
0.3431997165386323,0.3559517450676087,0.5477741677068149
0.321075429030503,0.3427407482925638,0.5237711381870872
0.2285512761770846,0.22846246726156,0.3300811508762436
0.2732415254714104,0.2791374387477528,0.4468785132440075
0.3074962204328639,0.3285461193237357,0.4170130521536271
0.2267618329389178,0.2435715854018171,0.3728071210350213
0.2960815691352303,0.3329730041540789,0.4635719976097309
0.3172017253312892,0.3582077392102447,0.4835252833400281
0.1459487367522535,0.1233183682123106,0.1643797346419688
0.3643309883803228,0.3972148596927103,0.6069315038133378
0.4069693196012546,0.411510192769186,0.5572994764680096
0.3146936991428569,0.3292204039269972,0.4868055124630315
0.2262503253432653,0.2308421154522219,0.3110329249765435
0.1830695110882093,0.1521456534247082,0.2766224665236735
0.2726126236962635,0.2366258502183608,0.4054909816786768
0.1524135263506167,0.132518495427035,0.2359140188333586
0.2792024065994909,0.2604176666027934,0.4612799670458551
0.2779322016281152,0.2574090783268378,0.4663443736104766
0.2888736539128193,0.2775553593856859,0.365144407760374
0.2058045575562239,0.2154479969522707,0.3656223918477395
0.1891031792609585,0.1474723139191781,0.2202949695678686
0.2078515945882569,0.1865479141322267,0.3036820726075168
0.3343653571439309,0.3556534215202468,0.549353771492998
0.2195689909434116,0.2300372670890286,0.3116621491399715
0.2748372957890707,0.2469032202389582,0.4460468012878068
0.3168603148448224,0.2797966254376005,0.4641336966567624
0.2086802023992082,0.2300651502310132,0.3190841117787703
0.2135025176302089,0.1979620947411531,0.3452677190200602
0.3429828177629758,0.2913543895483651,0.4364984371383231
0.2187514897357527,0.2153975393851658,0.3373659244635484
0.3878062096160831,0.4419363427889446,0.6371974034495629
0.3264017445379258,0.313823171496367,0.4894063718600933
0.34031368305458,0.3584440503471593,0.49327207467345
0.2004265532139639,0.1673067916700241,0.2634099259122882
0.3047712441173369,0.3376147969182293,0.4610139627039716
0.2643157603765368,0.2852459525999994,0.3737190293878815
0.3145128312455024,0.3097226254035609,0.4705264735372685
0.3975619092964392,0.4028734834406564,0.5814603872016865
0.1825559258946173,0.1503247482907648,0.2570493985258262
0.2871173880090168,0.2760370265766551,0.4381686481814744
0.3275870754870165,0.3169283848215523,0.4835868013643665
0.2464781688536497,0.2746813288083392,0.455970560615087
0.3597115341144629,0.3348349046123402,0.5409382693484359
0.219433841627466,0.2358730144167954,0.3371631906991219
0.2295602987087812,0.2082248938222009,0.364273431301491
0.356909383423676,0.4079266333058841,0.6012606211828717
0.3475882893726686,0.3698973282805023,0.5681204786263134
0.3228536990688704,0.3105580231710393,0.4550403925799235
0.2667570302023672,0.2844921039142414,0.3805575590986647
0.3015190000213156,0.3458101449161548,0.4760715229171115
0.2198147293648743,0.2024909811058043,0.3359590541260637
0.3244390337794328,0.3752434253171324,0.5214197038093289
0.2889512884864582,0.3073536052451822,0.547294696245126
0.399681625471098,0.4511370137759335,0.7021217152255035
0.3764121846552832,0.4320476663998385,0.6290004483991802
0.4114864612853866,0.4056573481862541,0.53533581204374
0.2053104202923219,0.1784522472948674,0.3558504445585986
0.3630856912870161,0.41866239687918,0.6026956398174024
0.457085053598886,0.461507301773915,0.6926844678141334
0.2849065009663875,0.289995772996109,0.3868289140938869
0.3013262916245195,0.3104083050034807,0.4892900110361829
0.3234250926105795,0.2914383978264953,0.474654539159883
0.4409644905120451,0.4681938704349028,0.6749725298809908
0.3687450770868329,0.4141855829405556,0.6105196596201649
0.3199794280863221,0.3556165102184968,0.4524267932281539
0.2203390390489561,0.2384764514442336,0.3896011048211855
0.2683058369322538,0.2824061522241552,0.4607549780423368
0.3148784383813572,0.3409164081406368,0.4515414636799696
0.1843787954881027,0.1550617199999175,0.2557156159672803
0.412053098657377,0.4551087875306618,0.6324552698771102
0.3113196280047844,0.3614627598241002,0.504574369071754
0.2283151517956667,0.1740833847912402,0.3118586386175199
0.2344909647227923,0.2200656087815539,0.3383298869728919
0.4154537899975381,0.4381746550902633,0.675171664851375
0.1718759554800437,0.1589654762533407,0.3091221104401873
0.1573312073636306,0.1374478066126105,0.228479605146255
0.1679485567038489,0.1618891996590508,0.2819798582068344
0.3222856509799895,0.2878126580379615,0.4486712101646515
0.4514761831599415,0.495401569044685,0.7173959272177937
0.3350506465835437,0.3269832528103679,0.4913706593097263
0.2103842833442203,0.2255489211876648,0.3075581238916958
0.265122445049575,0.2236416635126565,0.3451002700181783
0.3062904818244953,0.3112582645656814,0.4783616459325717
0.2387058646795415,0.2119861018454438,0.3629614011396677
0.2872101187634541,0.2884267356162059,0.4430663439473964
0.1945923247046049,0.196053861629979,0.2602172603803418
0.2728781779945812,0.2820967626411703,0.4235599088170815
0.3989283091239887,0.4257253851800908,0.6720172329002776
0.1124738020261819,0.0944335439281784,0.1547822717311923
0.3025001982583415,0.3337509057869623,0.4364784270473406
0.2827960692229705,0.2838430673806609,0.3912917765512254
0.2830878451128895,0.2759553057044142,0.4920213876239127
0.1463028311651681,0.1448314775452837,0.2793896534563234
0.3115949808726128,0.2886597055985435,0.4313361395201721
0.0954336341757027,0.0737776482653043,0.1081474700611254
0.4003909887191613,0.4093376693888929,0.5986773531496208
0.1982897515305426,0.1795336265747832,0.3056789676532548
0.3762963000389863,0.3998067223025971,0.5585553741226515
0.4134054636474078,0.4420317257874384,0.6373970076371172
0.44703115311885,0.4544859264591121,0.7345372780633553
0.3398604940064996,0.3659109421246239,0.5385864555276771
0.2475522866897206,0.2313744521160166,0.4246720012218722
0.2877207451731976,0.2779507994796283,0.3702156273290884
0.2080735054176208,0.1940481326003358,0.2607590248428496
0.152352811088164,0.1437638813339077,0.2087020685606959
0.1387798172348285,0.1251882316154359,0.2166654273155259
0.2910616565036267,0.2755955297891874,0.4600013740170556
0.2326391953296707,0.2494810858402926,0.3755092596322714
0.2596013725724144,0.2030095420164165,0.358602948913958
0.3021243956578103,0.3186404580789646,0.4693809613668568
0.2705281778688875,0.2527243218132886,0.3762124358250681
0.3139197313744695,0.3603323908954945,0.4795798901942463
0.3330557407410809,0.2940621324987381,0.5120563036730545
0.3510697803223786,0.3958570465490277,0.5380339834754756
0.4311574827108311,0.4057700796908984,0.6612599356107244
0.3382442719569893,0.3557500522547608,0.5118631991684677
0.2707092541702861,0.27506515217769,0.4725178834462286
0.2591432425938791,0.2483930989437904,0.4314180509203597
0.2477589359255674,0.2369584438384951,0.3546425830668557
0.2202072118388726,0.2044245649039928,0.3448985812806031
0.2594836046771884,0.2788909105121447,0.4088270362488352
0.297816159382954,0.283583694960171,0.4088041019834175
0.3655185927184378,0.4081415095414699,0.5983319641715923
0.0767723054653461,0.0731322381884163,0.0928554867421406
0.3119521896600569,0.366538953429244,0.5206491314708336
0.2055558376486435,0.2123574717918475,0.3855630968394861
0.2909913979813197,0.2981589843232991,0.4557699951561019
0.3016102478334478,0.3011037028270551,0.5627652770384085
0.3268074904697537,0.3711624501521516,0.4944395521792847
0.4729202041401725,0.4891540406730976,0.6822997105164744
0.3333064491362226,0.3032604223222493,0.4532080784392601
0.4136757790604863,0.392245107626631,0.6340946327917297
0.2494509707092023,0.2335204412249075,0.3870955305494577
0.260174341048659,0.2786097504718681,0.4150403031945296
0.3215092229812896,0.2991491745067628,0.417136916390774
0.189323541102201,0.1974479315557565,0.3920450273554827
0.246350092711217,0.2312449177413999,0.3931373789164289
0.399313705911506,0.4242405195980544,0.5724265123896543
0.3107304212205272,0.2708349211528322,0.3797645713983364
0.2164277532923739,0.1993172026536866,0.2944832764023119
0.2567304651899968,0.2776088119066516,0.4001007702616457
0.2890492411232851,0.2727150235579401,0.4884032884160926
0.2852549675614666,0.2395282947916078,0.4296691156592803
0.2093421044149119,0.2367895816030254,0.3022139253773854
0.1914696289833631,0.1795853760895993,0.2659431160297171
0.2137990834833792,0.1747022024860771,0.2895484610250092
0.2724996741015801,0.2565087017388328,0.3776530253842218
0.3890324550827396,0.4163899571150187,0.5560911502385683
0.2016051906180605,0.2052109140887519,0.2863238220212916
0.2666812792656001,0.2422015961580977,0.4669270975141199
0.3526537476403515,0.3587187936583881,0.4884899986459863
0.4556913641235273,0.4612288574200004,0.6964869299423264
0.2658796982163344,0.2751905812509726,0.4555708880499541
0.155130472155505,0.1528512875580366,0.2312570454520428
0.3266085643017678,0.3559456534194502,0.4945167265375495
0.2577081548419744,0.3010859162437539,0.4230483067061654
0.4452363794075148,0.4715753346037317,0.6756268812323677
0.2161192963478777,0.2343163824291542,0.2802430783536156
0.2196750154947939,0.2188174115886321,0.3098867803631726
0.3326639502497408,0.3237508441914123,0.4609595737969377
0.3617017532817282,0.3945948332899084,0.6417590154792401
0.2100718890777058,0.1846261488489275,0.301763337506186
0.3435554585291733,0.3948843299240471,0.5603321326708237
0.1552666231552367,0.1267933272948739,0.2071775542102016
0.3469566440991199,0.3255204147543616,0.5258487595062857
0.3231842638403459,0.3629077360402152,0.5019520887730563
0.267511702665627,0.2364110900622259,0.3803082664433515
0.1759501944356359,0.1592909259828009,0.2307544454615321
0.2861178411764057,0.3134875324150293,0.4201249472554415
0.1596490149685984,0.138389422715014,0.2280526030764366
0.2746500409733728,0.3318867781810149,0.4563800436835477
0.2513900304332345,0.2209237393075463,0.3737405923657477
0.1780161572050756,0.1292173821450452,0.1842199862010098
0.393371953813468,0.3670445769542366,0.5513294691275965
0.2114280439847738,0.160537574798134,0.2950312242307674
0.5010683146570805,0.5310801788847398,0.7713053536612483
0.3455675652022565,0.3706837858672844,0.5517713248108884
0.2143933818697331,0.1929602892698652,0.3198616372391086
0.2325893894329499,0.2282108328518151,0.4410953557280597
0.2302550953627067,0.240677430123274,0.3530634463692019
0.3716536566261273,0.3812675324542576,0.5551841405749304
0.1444156470366994,0.1144297521261045,0.1800639567944464
0.1909988978889339,0.1954547806600499,0.2950560500312415
0.3886293898805567,0.4181065867131283,0.6529886187832765
0.2856148268120194,0.3163828271858451,0.4235713316786186
0.2497145862771665,0.2538667527127228,0.5167015769019052
0.5331096360437972,0.569324509058556,0.854661894462913
0.1393396253663284,0.1056510429128194,0.160335727546336
0.3469584249516828,0.3027745523032336,0.5078089777158008
0.2178875270127579,0.1842993040989565,0.3543703169378621
0.207394008461916,0.1989888587530967,0.3264702835850248
0.2829433941286463,0.2338989486224733,0.367838252140844
0.2457664639837063,0.2237380786148216,0.3757563674295718
0.1776368465250774,0.1520948841212241,0.2072996111876847
0.2965190207141779,0.2302311338214231,0.382670007802552
0.219412923809911,0.1758127095656362,0.2556799835999174
0.3938094711930059,0.4431918039817873,0.622287880808462
0.4508060762560699,0.4324041162591522,0.6567148232763164
0.3093983375898156,0.3170044245334606,0.4554734880911287
0.3167010387212473,0.3671071848790685,0.483610317023569
0.3586952210688869,0.3903389612211448,0.540985635206143
0.1819341342237863,0.1741468917908205,0.2932315727706746
0.2706317690590566,0.2778885483315061,0.4092421482336264
0.2363183722588404,0.2203726729160053,0.4246017846215741
0.2794522849708271,0.2680787559244056,0.4848849417222582
0.3613137660050575,0.4039670772922561,0.5685664487798763
0.3426931056690628,0.3813247925000974,0.606743723092666
0.3816470497413181,0.42334645298671,0.5737302562558811
0.1429414897443687,0.1328799882996987,0.1992015601590921
0.2896103910525805,0.2520687586966871,0.3801648622152519
0.3344556655365137,0.3041262409227127,0.5788637437703366
0.250169110545319,0.2667333047152527,0.3748107235270689
0.1586825018510392,0.1358670929675685,0.2367570853470612
0.3242588108642074,0.3313948610875981,0.4341420031964224
0.3425070499740485,0.3179776278450579,0.4555533817240393
0.242259672275095,0.2177603056381126,0.3527506509868705
0.252384314039704,0.2114921198832577,0.3413377832010595
0.2467659995932751,0.2489523511597666,0.3616684413714788
0.3343195390916009,0.3320107663858394,0.5206492156120672
0.1242979924601395,0.1068680365622346,0.1908647990404112
0.3646515072149447,0.3670633516601735,0.5804849697750996
0.4227602670742685,0.4493678409650197,0.690008588901804
0.3162850935607628,0.3073606733070244,0.4761883748006082
0.4211935386823558,0.4528492906070722,0.6789810066976959
0.3722301884530838,0.4000400679502033,0.5371427869101731
0.2791015957986197,0.2861066673757244,0.3754474827589998
0.2731681933972176,0.2783652818590194,0.4554800700202588
0.1703266211844049,0.1718264322740935,0.232486923304012
0.3834442710080634,0.3377911314003221,0.5110928692197728
0.3446649451644981,0.3835470281205391,0.5241660040341559
0.3052306656463778,0.3442066339387886,0.5004125951506525
0.2291304735750129,0.2455730367553671,0.4082790776424794
0.2776655973004774,0.3013562471255277,0.4158630157094368
0.3418102224893741,0.380523768145467,0.538999601511238
0.2286514309092474,0.216455255347025,0.3372009511428002
0.201006345695619,0.209945622725291,0.438945092332571
0.2487638371367455,0.1997024862135081,0.3222004535002702
0.3206555977944362,0.3212277625832748,0.5372256528714997
0.2907350888033828,0.2876425278578686,0.4084560706352966
0.3607835171263979,0.376082740092401,0.5476047077805328
0.3527302293339504,0.3809006882468509,0.5618769995695052
0.286927977470512,0.3131412531226183,0.4211391010977988
0.2189894042893039,0.1765479171372355,0.3111777611125379
0.2227012329440194,0.2002534005068279,0.3487854029247604
0.4780771132502743,0.5078024963233071,0.7416824446149324
0.3428344999466376,0.352111942131203,0.4591859355303979
0.2912816759109766,0.2570959582848747,0.3860015280864307
0.2313095033658209,0.2200909416163546,0.3459762358684574
0.3168701075827354,0.3192723139163061,0.4245423585932846
0.3409215593202377,0.3268531256452091,0.5441006773009969
0.1713991196541761,0.1859768392268597,0.207361778094456
0.2135050866365814,0.1731218648248941,0.2825178773319817
0.2379652047273554,0.2572091161937661,0.3494695962413203
0.2826543420070921,0.324172844487903,0.416610055401257
0.3664763744507047,0.4165510345931582,0.6190263507781029
0.2175703675547777,0.2190775501154391,0.2965883368644421
0.2597583575949752,0.2561606089591307,0.3812476999451871
0.2862081849318546,0.2973519444688945,0.4753041467925744
0.213291024610525,0.1844185468770031,0.3308892998824896
0.2095750383500193,0.2152421185580658,0.327867658335771
0.328663718165077,0.3613582356457869,0.5086232077273951
0.2366401832306949,0.2211493528306232,0.2977754249162161
0.3118680099628972,0.3121836653122231,0.5723374227646746
0.2690762980565055,0.2742067441932687,0.4035714215388397
0.260190026682665,0.2415426699698293,0.349706357083023
0.1229246163788704,0.1178957475931048,0.2009550039022282
0.3054011701403304,0.2782379758171714,0.4355141914666564
0.339042771878532,0.3173358627536835,0.6237220746295717
0.2354770978700262,0.2219209839414002,0.3648304234701573
0.2351562728449309,0.2275963207435396,0.3015435220099371
0.3853648110357106,0.4218740512079432,0.61514085864646
0.4486468671146567,0.4816857261076732,0.680762184390314
0.3436721133365158,0.3442449830228243,0.5002300700902212
0.2973370409455594,0.3356217708545604,0.4696536253789802
0.1664198306335205,0.1650207072657436,0.294273123037603
0.2915870376850077,0.3008113337107628,0.409443813810856
0.3063325525142024,0.3367228053640435,0.4797318427154596
0.4234833106176233,0.4118658743624747,0.6312560084883263
0.3221518146446387,0.3396186743543595,0.5232352869121965
0.1940012079511004,0.1700533469866952,0.2838079402209779
0.3291396476217799,0.3378545256152458,0.4752119417419391
0.1922908548388662,0.1469077161773755,0.267271022147803
0.2998403395245881,0.2635826466697176,0.4409142506731598
0.3331389373092236,0.326643442753197,0.522330471407136
0.5119454510655289,0.5196161628524304,0.739476509645288
0.2608446562766519,0.2660265461993715,0.3879295657482407
0.3115930977792804,0.3395436479840936,0.5228364956413444
0.3378408835704722,0.3294611490374599,0.5385833251406175
0.3482653839111413,0.348231642931196,0.5458994347549403
0.2413165165288107,0.2533959308920345,0.3976926852820041
0.235848302138944,0.2608285959878818,0.3475823821562845
0.248660705532022,0.242292716282848,0.3950037916664435
0.2327309843877497,0.2277872159370753,0.3643786663322899
0.2128807788315349,0.2004087696091921,0.3896763148173587
0.3393176579258599,0.371666892053855,0.4974279917856605
0.3589216390466472,0.3951836754584145,0.5562333080329306
0.2661702303279941,0.2351873443246167,0.363744172894655
0.1791084351927263,0.1943494653170695,0.2615577696497413
0.3637916563828942,0.3697875028445552,0.5681153573574486
0.3730076908966327,0.3749929100450446,0.5426511884985454
0.3741509815736995,0.3212428701812803,0.5138404045535466
0.309569590897789,0.3245184178961608,0.4665124160674573
0.2468886435507062,0.2444111710482356,0.4173124945273161
0.2599727471289121,0.2839128701557797,0.4113597355727118
0.2791249755765839,0.2817867785872649,0.4635349614742265
0.4025098658374812,0.4090589745473204,0.565494600151792
0.2096385187187671,0.2061891111066431,0.3373244558666452
0.2155949875792165,0.2080607272040079,0.3180570916543387
0.239714695911128,0.237044350464956,0.3977777160513425
0.283573513939086,0.3247381026095168,0.4784690446429943
0.3996322444062689,0.3933671905587239,0.5891962862910636
0.2248251280302202,0.1998382510162485,0.3402224268339993
0.3056395512472517,0.336068091573755,0.4877584861386382
0.3424907100240059,0.380527390909884,0.5419434466782157
0.4844050556902372,0.5097837712243123,0.7310380030688736
0.1891520858516553,0.169359000155646,0.2906453289177321
0.1832547611034677,0.1339156645299656,0.1983703685264691
0.2312463077803531,0.1939568959014509,0.3171376602035837
0.2381367556874544,0.2774153381677018,0.3568856943883737
0.348619540828096,0.3383170319767101,0.549337257973028
0.3322635640970131,0.3759338186057677,0.4871442273631911
0.4636523509012681,0.4991302851813946,0.7168083939184782
0.2680412749521232,0.2767731967543835,0.4322646590679438
0.3155378655117743,0.3083035954489996,0.4981136337992076
0.3139671773980405,0.2760321504429977,0.4425378712127928
0.3233402348625448,0.3626471873557153,0.5051900728114497
0.3533894997569167,0.388953600356303,0.5434660087593685
0.3034967348737603,0.3362263931016661,0.5000417738544453
0.407374904374491,0.3929394162612983,0.5373119644626502
0.1474329162866924,0.1362546275803718,0.1922591288872406
0.2797633340958868,0.3256850119947015,0.4495364540612843
0.215477852416719,0.2058414703082615,0.3041530394320572
0.2643067035414231,0.2560037328435557,0.4257816811241806
0.3151952057839884,0.3546601098219765,0.4917669828144386
0.2779771082161031,0.2549979475799361,0.3630963478625235
0.3862355428951008,0.3160392199844479,0.5616699038899263
0.2442442293126593,0.2355348233849379,0.4080758359554837
0.3059289800588872,0.2642527274301313,0.4335705610104187
0.3711759316688822,0.3630027733242824,0.5981531857535439
0.5321268834914457,0.5576495831339613,0.8065945102769244
0.2798151648418925,0.2652081509082144,0.4160049155347321
0.2477956198332301,0.227780235569818,0.392769359345257
0.2798075939329895,0.2840356618378765,0.4544479068741023
0.3448200000570981,0.3632617935173641,0.5320347086360406
0.283025360409242,0.256749987170029,0.422965812745646
0.299219997653279,0.3020816286750198,0.3557827185614222
0.2152904406604445,0.1910308288071867,0.3021374644205239
0.4135655425439355,0.4250265657123586,0.6103848015241955
0.437628875614545,0.4344094256865689,0.6285328332442914
0.2394516900244926,0.2031819216312028,0.3593670325676076
0.3401776882606442,0.3244527053804915,0.5162967719502015
0.3825904369136938,0.4260929725838709,0.5770782226089077
0.2738147832629831,0.2876164596526273,0.4477463358388254
0.4446604984922213,0.4566096675604574,0.6203769415912501
0.4124284461789628,0.4523525183494922,0.6709929382505304
0.2669182461846749,0.2826291269527354,0.4321566323602462
0.3820184742024459,0.4272497459152689,0.645081259202456
0.3479493443538623,0.345267227253169,0.5557023633730725
0.1834642070752964,0.1542357990956201,0.2618235165791936
0.3236596214166262,0.3716689311827331,0.5760110122738452
0.2426403058856037,0.257323108121244,0.362959283720774
0.4172134161616435,0.4461066291006159,0.6872657194400122
0.3180306098269823,0.3222292384862373,0.4984384932226553
0.1174243310239301,0.1326499024147455,0.1809840000642642
0.2042479047732874,0.2077791652075907,0.315479545576831
0.3883364318080303,0.4435579758829825,0.6539355584692436
0.3008298653753112,0.2928981427054244,0.4681873164219746
0.2048140283319143,0.1796680608711207,0.2750373680544954
0.3398251368837405,0.3503902082897536,0.5603371784070598
0.4276650534076301,0.4652837805988179,0.6537573376352145
0.221703327499777,0.1862223379135583,0.3368879201885914
0.2858760123686217,0.2656688425683019,0.449612587035997
0.3349775034904164,0.2981863998620268,0.4970805255687802
0.4142454033477363,0.4072980583448322,0.4984416026567917
0.1618846701300374,0.1760166167489557,0.3266343280512125
0.3697549172542943,0.3825690253989751,0.581998364689467
0.3144072912662231,0.3036412696101136,0.4691174313942891
0.2740218490444369,0.2456778279848794,0.3939639715963006
0.2173840547757733,0.204963185702831,0.3432724499015429
0.2460693886050851,0.2179250383915111,0.4035377473913762
0.2595760584653321,0.2778827470394738,0.4213915778470821
0.3067987637835159,0.2588798236629886,0.4610566052065819
0.4409601802566935,0.3541044081148004,0.6008332127141456
0.2743176839173047,0.2727904073357486,0.3654416977216883
0.1789873818793443,0.1632311081898287,0.2632388240021594
0.2928681699815559,0.3178292250610178,0.4713405559038083
0.2137908232895323,0.1926109791043937,0.3193284842520194
0.4177371827180701,0.3951229263415819,0.6434558745927872
0.1512007442153328,0.1448019093721726,0.2291184336527743
0.2701676555905897,0.2905434250845394,0.4173313830574727
0.3865973107821904,0.4199106881400919,0.5656683069091651
0.2407446035028715,0.2330091276857257,0.346220423170699
0.2091669378598085,0.2258618378881146,0.3069537088658353
0.1851528612080377,0.1852711065858356,0.2616716512891506
0.2122816888116687,0.1972024596905151,0.3600311933351104
0.3182228711679025,0.3165484542240687,0.6326053468738988
0.1954518636452559,0.2045529416909026,0.2951378647352638
0.3113174043858135,0.3533942202713311,0.4358798626084309
0.31971014117807,0.3365983808912405,0.4481079477082599
0.1728540140250809,0.154559479597416,0.2886840549760104
0.2885916804820674,0.2489812405755583,0.4122090521561721
0.3303766782671134,0.3147501240766248,0.4487683467897829
0.3301456938192368,0.3332947718795265,0.4816851421320313
0.4161376713532922,0.4377485833248268,0.6507771166958672
0.441771387075955,0.3728432780669313,0.5958746202655074
0.3705238782382804,0.3460813898532116,0.5595631242235514
0.2588618811385736,0.216302400306352,0.3643455482694187
0.3656575050506968,0.3849077144793951,0.5574426719192866
0.2470445140351464,0.2658774446940808,0.3929946540805072
0.2783117982400496,0.2535071566124118,0.3714399030898095
0.2880717085097538,0.3231001057207102,0.5332518001024197
0.2793965928151172,0.3249876174734202,0.4305636824059483
0.3058837267249816,0.3621593529228524,0.4912428332785253
0.2420126276005171,0.2507953331480514,0.3657953258388559
0.1861181251014167,0.1906873236450964,0.2960399570427266
0.3191108956170856,0.3293376297502669,0.4337206940406595
0.2389653192176629,0.207658754852869,0.3883956956932862
0.2996310943747144,0.3120111999170402,0.5035184286507524
0.2499270088588973,0.2432710535249929,0.3815315066211181
0.4014022495273681,0.447242464222208,0.6424556197790076
0.3394641639548554,0.321134156614263,0.4973935858474267
0.3098147911376153,0.3125682392259968,0.4397245552863956
0.3403053319655015,0.3477800137225745,0.4868863341433163
0.426730771885284,0.4587251107100197,0.6348748298328003
0.2209089878265523,0.1910563667056547,0.3790829977959917
0.2060854004255864,0.2179599079491475,0.2724766112973981
0.2496500385322081,0.2571787029822755,0.394291480682341
0.3736921430325694,0.4086538465257099,0.646970886802054
0.1529957236346592,0.1564362574919515,0.2545726544733416
0.3012478666719774,0.3127765957650463,0.492138954724587
0.2352506551877702,0.264964662912366,0.364177569745182
0.276950767619419,0.2942413460941568,0.4128678247889798
0.3494625727455122,0.3836015990029763,0.5585419742767469
0.4049088665270554,0.4572932746141711,0.6732004112936213
0.4276447794518115,0.4564619785483383,0.6319889884834083
0.3505119887269301,0.3785994380520399,0.5444431181428917
0.187200280893437,0.1693851944615078,0.2733562479228386
0.4155709457029931,0.4253351852948029,0.6319612777469187
0.1538728895964033,0.1201860545348014,0.1940388284759786
0.315590920377877,0.3071666373112075,0.5886358187374258
0.3173754566205365,0.3570536314124718,0.5095574837234631
0.3174187756766737,0.3375454527965185,0.4895261391258637
0.3561758170256177,0.3325777886403596,0.5281147139308422
0.3978384928499526,0.4229240070837454,0.5844013368491892
0.3069087984107471,0.2510479130435097,0.3894942325997697
0.3741414668780639,0.3841521095023895,0.5315494338222476
0.3101741564335536,0.3079935924401851,0.4880368552441836
0.3080275162380413,0.3312604757323521,0.5100186771964428
0.3561541908677302,0.3982069830233894,0.5272874194570633
0.2826102166883082,0.297203563279601,0.515692606035468
0.2783577743812478,0.2716519580650552,0.4229035449303652
0.3785008584592224,0.3470015194593591,0.5544561484358773
0.2984222670140469,0.3259931343630093,0.5058128105363386
0.2379073717681442,0.2801006825994689,0.4316389554930749
0.3069668731015036,0.3522643989108567,0.4963244039253053
0.3112028558997696,0.3181561324599087,0.4930899888302536
0.2979049062759645,0.3123055451556291,0.5067828765446989
0.2707842500301898,0.2992333814101824,0.3906822677539018
0.4591580785824387,0.4224521558280678,0.6118616628539226
0.4312770531136549,0.4435809931232829,0.6448362680398333
0.3239583294359843,0.3073190535498583,0.4866766824035541
0.2835056522076946,0.2938215314086972,0.4854070078918183
0.2942469379861119,0.2581653834119326,0.4207427011517823
0.2518584377354502,0.2549834318916242,0.4011285898032434
0.3356966491758546,0.3737918684435371,0.6141476412207622
0.4084363322077268,0.3869954636115739,0.6201224168776582
0.2348436736994425,0.2125306544397393,0.3723238262861212
0.2709015821113573,0.3218693179408967,0.4634999984042978
0.2293359052054982,0.2066138217883557,0.3842461399129573
0.2369667293431745,0.2059678784357845,0.3029478953772431
0.4081667093335908,0.417886789863364,0.630111906085959
0.3653058932107388,0.4060741122357426,0.6304670536845131
0.1888627162679401,0.1874567989581721,0.2449957113867354
0.4361533062933215,0.4745808953111972,0.6772773762239397
0.3206261629918503,0.3014926738427654,0.4715932161783097
0.1792032195857939,0.1966371742129891,0.2748778440336271
0.355252870345559,0.3284212473054226,0.4941959257264227
0.2504456963257092,0.2051969932855709,0.2754125023044231
0.2249205738982056,0.2121261689934638,0.3188081067379588
0.2780409115155433,0.2548354322251637,0.363081755836127
0.3037672518288165,0.3017119526088564,0.4218071970727269
0.3243667213453224,0.3559737431066638,0.4868777367372969
0.2131696560423099,0.2350217692569273,0.3698422629752033
0.2746581169028314,0.2577635463084363,0.4254828348187558
0.2687556681415431,0.2965663099061417,0.4320935397962201
0.227496347272309,0.2251072548443883,0.390475821363981
0.390237529126176,0.4122369636067308,0.5610820051944072
0.2458338549959975,0.2389936296454434,0.2984859691601959
0.2855531171462787,0.3440150655863593,0.5044006398481845
0.2938841202204837,0.309212678538018,0.4926430351495875
0.3229233344697318,0.3606730780762069,0.4916104261438787
0.2454277349127007,0.2502327470280596,0.3901788712028404
0.3806317351753125,0.4087589235510125,0.6135292794162597
0.3143096161463232,0.2979020309557106,0.4865021881626848
0.2596231704184151,0.2762244621592938,0.4024536531046844
0.320118258182228,0.3689326477890959,0.5631140648857058
0.1380058657300109,0.1239073515198034,0.2346493810852288
0.1917303182254586,0.1603198045868803,0.2358130494828071
0.3269444068018546,0.3660009775433855,0.510243667125256
0.4186128514339027,0.4527560475710583,0.6553030337443422
0.2058947891283179,0.1992944265140956,0.3774356361846072
0.3066790645974666,0.3239100826344907,0.4658197685805312
0.4726486377167694,0.4715549365806047,0.6460368553797572
0.1884645786402538,0.164639541993862,0.269893876629489
0.4445759810655306,0.4480178860445192,0.6621430726930952
0.2408767952642379,0.2313879379650932,0.3734483819067108
0.304096077608656,0.314676855713452,0.5189142644257209
0.3539440713068194,0.3413634127368795,0.5317531585212577
0.2859027339481328,0.3079612037419244,0.4171272483922748
0.2960345208258774,0.2948400622549904,0.4689159698289784
0.257343844057964,0.2572459061709153,0.3030477923225778
0.2951597810812287,0.2867025289573254,0.4606910974937028
0.2612262904271836,0.2525598565983661,0.4611953545782264
0.3087833731383032,0.3227471654480178,0.4000344531288394
0.3700395596871908,0.4009225955538755,0.5107442433984033
0.2310987135743188,0.2473770825256117,0.442194821208275
0.2476770676367329,0.2466616972453545,0.3901840117162098
0.3583196587899627,0.3774894855848782,0.7109961138348294
0.4139023036667732,0.4256599426472041,0.5575518384407422
0.2896072767277649,0.2648200810167013,0.4007685642791371
0.4097252013181621,0.4379689409408449,0.5962166049235033
0.3318369488981186,0.3342574061530379,0.4662316707943304
0.2120111470487853,0.1964567642742953,0.3017431161065147
0.3649784756682351,0.3226203597869408,0.502540463177034
0.3324006923575432,0.3514955990124127,0.5048598566036322
0.275915079300822,0.2558004863431271,0.3708896050678518
0.3177570872475945,0.3460977243594012,0.4302838110211396
0.1847157687916782,0.2007474253816561,0.3042312547267693
0.1876060425119977,0.1955314782721928,0.2913960347996199
0.2576852649889289,0.2500162211769632,0.3712706697546222
0.2504512083066846,0.2065862657006389,0.3533093960311573
0.367071838390954,0.3494268781422219,0.5621265621210887
0.4807850286429858,0.4885441697356974,0.7480539608431891
0.3731508153867633,0.4177864090706067,0.6294917818723966
0.2176199294726877,0.1745931140716179,0.2785002038787421
0.307773429843112,0.3489064980569967,0.4760092633004252
0.2493087181613324,0.2501322004820615,0.3791958904210701
0.2023905394566449,0.1661238667446676,0.2748114629029103
0.2800453596889825,0.2367782819400258,0.3836720344238263
0.2900708078498447,0.2234445691404831,0.3156247260415391
0.3079219219451636,0.2920750649112165,0.4685736394354562
0.3173579326979343,0.2722606555397598,0.4984904978119915
0.2016510844896245,0.171665230039638,0.3114060525875634
0.1972419900135084,0.1918143290724626,0.3200718804197096
0.473726582413071,0.5120725140296741,0.7700504024255255
0.2971257921016195,0.3415101786173993,0.4955166499223112
0.2974664750051191,0.2941991746980098,0.4336731822313034
0.1926628449394686,0.1513737177188365,0.2703585337091799
0.3750036147872267,0.4266735019250439,0.623358175955032
0.31829756310378,0.3526397405086431,0.5020771342027857
0.3130823596182426,0.3486382450232744,0.4530535689255306
0.2933975140509257,0.3092414279228879,0.3678453365862779
0.2507519293267818,0.277715492874842,0.3837321005327911
0.2210147697204522,0.195388413476137,0.2995848170887036
0.4969428396702834,0.5081596920296019,0.7997824408822035
0.1721691050468211,0.1551505874379202,0.2535049704284599
0.416494996699037,0.3820629749658626,0.603690950811663
0.3117633323113847,0.2605857380473006,0.4237313736287142
0.343545491904482,0.3411455660233282,0.5094841566537264
0.2429986392534008,0.1984909487849823,0.324972592226122
0.2456001184431264,0.2182604690343915,0.3850074235326192
0.2884734561176152,0.3040711213342733,0.4208364622006964
0.4075998124498586,0.4034571499077537,0.5359181200169393
0.2158580338774944,0.2032513492166284,0.3167124476774245
0.4277956156690377,0.415721433764921,0.6243248496545146
0.1465797150074,0.1573847999299961,0.2731826369620019
0.2670013269490224,0.2758748142979308,0.44021365691344
0.2268885286656043,0.2351989866621274,0.418952585773005
0.243528060164811,0.2558147710428883,0.39782449177916
0.2167840225841268,0.2607159768516597,0.3206536225998305
0.2266094369508531,0.1807761201995681,0.3052272910567138
0.2638971514416851,0.2534857751323198,0.4082367612523788
0.2828681186220153,0.2772416249970649,0.3547489510172284
0.1857192347849293,0.1653110934975046,0.2127497172115567
0.2663182250688506,0.2876504709558181,0.4802812168236087
0.3467353129407313,0.3639622143885418,0.5083344873558472
0.3210314100403756,0.3738897181570695,0.5307812618581442
0.2147033907840032,0.2227542388476209,0.3283993252797467
0.1521662378234366,0.1196934337637162,0.1749747188001893
0.3216841815437703,0.3689037831333777,0.4940330544110793
0.3032773331264193,0.3466358351354022,0.4576805375260145
0.3000074494894421,0.2976833835898529,0.4303865168194093
0.3645407379561695,0.3845387362690264,0.4951059054921584
0.3030045777705799,0.3718624734739996,0.5626808611427939
0.1621463252916735,0.1487073778219842,0.2752366616957104
0.2134747771641177,0.2025276599923375,0.3237226757626739
0.2510098366906195,0.2921687099900964,0.4133298704914112
0.4400336176473089,0.4731848653785017,0.6581775024065802
0.1611477270264857,0.1302913353596821,0.1873353898287096
0.2745653251110149,0.3093201947069397,0.3878606769225672
0.3428673656440529,0.3310920999397599,0.5183022158812297
0.3505605685816011,0.3701706444550206,0.5554685378692763
0.3896921886945591,0.4179221264273394,0.5628577410410434
0.3050373490609124,0.3107663875916763,0.4986837873797527
0.2693624832793974,0.2424792649139875,0.4845746138246118
0.2085704163366205,0.1614713305515438,0.2556102647368946
0.3469363815564605,0.3859815932260756,0.5983620460382986
0.2521631785221776,0.2948883837431379,0.3971129123517354
0.2609274438713364,0.2484087676310205,0.4242686503106377
0.3958373132124476,0.3492140705837164,0.5275354795412176
0.3144457834611102,0.359473983761401,0.5047390679446345
0.289492713507537,0.2627826739305023,0.3565749158083633
0.3091229287638036,0.3361479856420517,0.4940430548822278
0.2214392932295723,0.233500776695357,0.2904432221148538
0.223306631640409,0.1909041879086392,0.2416088884658236
0.3771282483981802,0.3840674749414279,0.6110974699585808
0.2926251643992559,0.3110470313568874,0.5196725929885406
0.3377170518452087,0.3351492941860304,0.4492445603697264
0.202151958311958,0.1764525015920537,0.3227257911603112
0.2445582739472819,0.2045044324505489,0.3475327018413691
0.2915577429320218,0.2991000463766938,0.4673632145362353
0.2656428921501411,0.2442721013407819,0.3979358123375699
0.3067484215904651,0.2667787792558064,0.4403343527418818
0.2717506393062842,0.2565553060038872,0.4182327154834805
0.3596733395429929,0.3834535405949075,0.4654637233695219
0.3504711296671194,0.3851626376168186,0.5921720476719451
0.3484566495053153,0.3970754413960611,0.5603196484741814
0.3332239483766823,0.3455325980214542,0.5411239742904022
0.2828007263675907,0.2630169281858325,0.3852978426901298
0.2765148456509543,0.2729787462301025,0.3868785692359858
0.3224154204518307,0.3493823227170651,0.4832035014202659
0.2615344153015211,0.2378487270908691,0.387993792956177
0.3384159902311872,0.3688376071796621,0.5236704076654985
0.2463525346466613,0.2840370310420625,0.3415466157675014
0.4466509642962784,0.4858264426841144,0.8653908687290167
0.2213631410369297,0.2447392827796532,0.318879314852757
0.2911247796375049,0.3116642150072881,0.4662205490941561
0.3287211284075466,0.3423530641530671,0.4880272614553958
0.3331936005264417,0.3604885312967516,0.4904046095407947
0.2099584456926518,0.2065602414407414,0.3101496127441636
0.2813284967014042,0.3005555265658335,0.3941255473789821
0.2759988691110678,0.2693693513786091,0.3949226649366096
0.4718116019745517,0.4601603071259138,0.6624908616395492
0.3130604518107484,0.3468156282670053,0.4876167367169429
0.1913775136212189,0.1538310055055825,0.2794216232909184
0.291288995612835,0.3347836242903693,0.428639896678782
0.2312566759876718,0.2366999266558708,0.4371085491981542
0.4547009284250762,0.472322074522628,0.7264155316485915
0.2757208083227632,0.289459403076853,0.3555474944859221
0.2005347344761672,0.2018736759371531,0.3237731621660471
0.3015169830670539,0.3538217777829914,0.5036580191611182
0.2068718120816393,0.2186899198464049,0.349022587388047
0.2687886679476574,0.2272785298789421,0.3735406346068593
0.2738814078872098,0.274451487883697,0.4401223132118504
0.2657357329473663,0.2759766547136412,0.4373017781001012
0.3412133466413757,0.360709396070736,0.5309391630961146
0.3524618849856973,0.310445617140563,0.5202026735357601
0.3240001588894294,0.3596144975133488,0.5534892138907475
0.2929326039326318,0.3022936452975969,0.4492276468053864
0.2908871452206593,0.2868942148082012,0.4244553622485144
0.3858935126593621,0.4083276484358856,0.5817597801535592
0.4570525491065159,0.4855347266935724,0.747959855420924
0.3949323038546971,0.3366040429828538,0.5686014055253399
0.213197896428016,0.1944716617850312,0.3373081833090099
0.2476357595993455,0.2803113017769795,0.3881598830598868
0.3338233637423966,0.3853656842267839,0.5442672277318606
0.4074404523151492,0.4096696288395104,0.520250750253551
0.216865146159344,0.237893693048883,0.377312554733647
0.3098599075635038,0.3449485220568575,0.4917332006290711
0.2724133681506719,0.2645656797491663,0.4133028661597067
0.2275599738846308,0.2243387886604675,0.3958228745347958
0.3986413658227642,0.4082741532217026,0.5692281805016928
0.3762820244598662,0.4212593877364508,0.6311891077947994
0.2259637248635974,0.2142039834221344,0.36164647562039
0.3628349124380063,0.355251105816347,0.4651063373351368
0.2573319188871908,0.2562749254466978,0.4042898037999486
0.3775882637863799,0.3297000942955869,0.4897649942902719
0.2999209364740969,0.2439602659102499,0.3493237869749611
0.2772131832800929,0.2795133057708029,0.4286789687552922
0.3908315544480036,0.4034237720381485,0.5685988456575313
0.3369701798745341,0.3308786945187629,0.491421670149427
0.1742350776103235,0.1627408905112549,0.2748671116076931
0.3311510513006772,0.3162403795561234,0.4990275169171514
0.4062973418469342,0.4150891415116866,0.6223549006630308
0.321531698120965,0.3003201909477996,0.4218722964420251
0.3084763465928124,0.3316690647305259,0.5571626650741025
0.3791936734347877,0.3828729337559761,0.5496572642941272
0.2998081426875194,0.3489558491278188,0.474926865660211
0.273014865072583,0.303623842021474,0.4920208510277324
0.301200384304137,0.3448191918282479,0.5091908287484589
0.2385084321055281,0.2082798490679836,0.2999897745848153
0.3031433765296944,0.3009045107222884,0.5121890343010518
0.3596735908780828,0.388221763561714,0.5921844122389588
0.2692778490859356,0.2970858156212563,0.4106272962501555
0.2062009841971561,0.185117714338627,0.34406597247609
0.3409052900042466,0.3685131870085761,0.5573239460226638
0.4971068015851023,0.5177123755666231,0.7351830255779706
0.2625920908396532,0.2677243467158356,0.394671976619097
0.1985112746292216,0.2135481849600636,0.3447243569009551
0.4261012098751265,0.472114117048999,0.65945835501288
0.4013464520706209,0.4257225884584364,0.6230628429932763
0.4897594244720428,0.501236887542027,0.8022775306520532
0.2805222763085641,0.2000470392162669,0.2859715096064962
0.2611169935205229,0.2259451834252764,0.3765044672298175
0.3751889524813372,0.3510571546752138,0.5787010625039419
0.2130094172306701,0.1918350161280524,0.3255529924990409
0.451850061915222,0.4881145709243911,0.7332511234339048
0.2071804547784987,0.1753360188279741,0.3144058520991319
0.298447824511504,0.3331498308312692,0.4560223378623388
0.2651546232914726,0.2843377439445593,0.3695731502898591
0.3646753023207598,0.3803457860264816,0.5158651622311553
0.3532149613599849,0.36362715211186,0.6206171522948245
0.1920110271260579,0.1745348308694785,0.3089167348830885
0.5325598773254824,0.5443538580075075,0.8013232438487294
0.2018652149885565,0.1923462032525815,0.3163116287536435
0.2365847798017509,0.2285900822041568,0.3744955185514958
0.2736203144812748,0.2992132098691291,0.4534368862718208
0.262917065939351,0.280830319042563,0.4692145704160039
0.2771954069863864,0.2779197006476286,0.4567968037057088
0.1474580450473397,0.1107671225534531,0.1756283292750575
0.3448237745655375,0.3645483056814868,0.516321680303703
0.2736798181592849,0.2728168305390913,0.4124435624269272
0.310521686787403,0.3011815534561484,0.4387465043795819
0.1879313200410227,0.1899015067381036,0.2789365917596947
0.1994700388918885,0.1709025285472141,0.2716652852897113
0.3271519497762379,0.3333983859670663,0.5212938787211625
0.0549283334489041,0.0442501461343604,0.0439332011333788
0.3916616150053291,0.4174348131451865,0.5723114225639028
0.1355514460939814,0.1011207431718424,0.1739242755108375
0.3461323555338382,0.3809393186147765,0.5453062681707967
0.3813865771946801,0.3735716974368924,0.5749353974232707
0.2906963311114512,0.2743540582859885,0.3741749139142509
0.3652126944336867,0.3905725295582035,0.523260281317272
0.2601958789268442,0.2575119472095045,0.3971558873922386
0.3244733066235978,0.3633114756479693,0.578642250143718
0.4407717151232222,0.4468110396977204,0.6542753768606993
0.3093768093482164,0.3556482370562023,0.5332776550942945
0.2162656194549223,0.2003282827245977,0.3079963824464414
0.3042120678377198,0.3111818680621666,0.4396277576036974
0.3800051291145732,0.4082640252517494,0.6055971105311984
0.3020190351813854,0.2482928631182094,0.3660891244461913
0.2843770535609989,0.309994351488176,0.4524812079008354
0.3429687708999402,0.3619506960622758,0.443663541921539
0.4341078642549768,0.4702199216980394,0.6736025651307843
0.2485316458242408,0.2423830920361091,0.3700350689226462
0.2413584081697237,0.2380606213003682,0.3698698182898198
0.2607364648023457,0.2193336276697453,0.3370962952445707
0.3345688097910084,0.3708745693327542,0.57137064357439
0.1615952913409403,0.139741139904458,0.2218058787650344
0.3014145239194584,0.2470591019482291,0.4464379898296258
0.29912315943446,0.2809964138979767,0.4193749087300369
0.1949186150118174,0.1598541040003182,0.2648613931874737
0.2764620797729647,0.2617684954430254,0.4629763749831372
0.2342637769196176,0.2442097590668722,0.3033421400302923
0.275064974434905,0.2279002809911022,0.3290212485113526
0.1969246268960532,0.1571551224392736,0.2510974199058534
0.2855098470629061,0.2644039498580445,0.4115461889992889
0.2003008636984131,0.1846696267520139,0.3233948247470281
0.3226661639331832,0.2975739180627098,0.5169483982612063
0.3211109011364355,0.3370568351467038,0.4741432898610188
0.0866654177577758,0.0795914187456655,0.0991007054591335
0.4625250067788569,0.4159638544680282,0.624262634724304
0.2860410251457129,0.2780712780941627,0.402775932307247
0.2912773682062753,0.3317761551670739,0.4711606953825834
0.1579838751692866,0.1320184982912365,0.2320554725440565
0.2384001330596658,0.2300524912989572,0.4120258938086912
0.3832373285965325,0.4112245901406129,0.5946853045670946
0.3198958392639349,0.3683758075607506,0.532528878995011
0.3872465315883132,0.4379377647882186,0.625225947463562
0.1389660388002269,0.1302253036898459,0.1917796615199243
0.322375565630788,0.3535846515357875,0.5143671276460199
0.3556335715464845,0.4028246089737643,0.6460464491052441
0.3233830273602999,0.3681900041172538,0.5063158174560553
0.2046119045158116,0.1926376248243659,0.2663404511914377
0.3526777896996594,0.3509356601260969,0.5259732170667318
0.3604599972932927,0.3813495332814451,0.5101605014313185
0.3337792131021089,0.340616129906345,0.5019552462335533
0.4287757796844236,0.4448273137939185,0.6542049248475713
0.3724368641536321,0.3365829544364904,0.4987758686606063
0.4140544470120614,0.4235589253114033,0.6225636273876775
0.2530799669932716,0.2329564867186859,0.3612640194290005
0.2622044183076966,0.2194697905005261,0.3364951981273629
0.3349651942691962,0.3399008373942371,0.4917913406367875
0.2067404439267012,0.1981245513907576,0.315141042436548
0.2630092680070292,0.2647983230474128,0.4266741003035246
0.2099917063075977,0.202623198688461,0.3180280378106209
0.2856220666779757,0.3015188492829022,0.4348438234909543
0.3188745911373389,0.3236553236544915,0.4536061298504573
0.3744275923906512,0.3762079724147329,0.4628371248651311
0.4549302581117171,0.4677838882236481,0.6792927554399738
0.3672622584033531,0.4107563840906121,0.5954749728402303
0.2153695515299711,0.2342976957963438,0.3724307592001744
0.3541761643930107,0.393289400441739,0.5923074926482326
0.1176915549864748,0.1150018342303899,0.1845921130384715
0.3837638038531447,0.4099426285283352,0.5423569209826626
0.2601664976014495,0.2321976458117841,0.4056518684584898
0.2279006836518977,0.2180933279595898,0.3643176977475468
0.2914621099992667,0.3436474029283914,0.4634595914016388
0.1348067288339135,0.1201883215192407,0.2090447654351861
0.3643333077251028,0.3458841365700053,0.4483782839438753
0.1629529324947896,0.1399188538520315,0.2469917156549099
0.2599446036137649,0.2502497691129473,0.3984581161786468
0.2709896505964076,0.2529696790402581,0.4130847248806735
0.2858260621819486,0.2523310563297355,0.3819368411990354
0.2428010177074974,0.2395042382001966,0.3090391324543571
0.2467626421066094,0.2217766954330604,0.371312365887955
0.3110546863104064,0.3481917423051753,0.5264788483234587
0.3251426034869846,0.3699960458072207,0.5051746331247357
0.2380593192334495,0.2284031811317325,0.3083059346425369
0.2632708122173346,0.2682736049027686,0.3836519437628116
0.3548806561326968,0.4035319782302456,0.5741662371492684
0.2325871355857467,0.2003344901237401,0.3709335691563943
0.2222641148815483,0.2437034055370062,0.3520583340679644
0.3420372795513989,0.3911186924855782,0.5569915892834981
0.2824571347216017,0.2609377945222372,0.404723123142116
0.3189538957975746,0.3410193875039822,0.4858225721383991
0.3043610024865219,0.3540723392448637,0.4738790866191
0.3246385958225892,0.2737142586048475,0.4330153222165142
0.4030918115415763,0.4258732226460621,0.5809331168195161
0.1078869151973924,0.1160629300957772,0.2112439819041308
0.2793551813844757,0.3120431790396786,0.4186339908004163
0.3949089667405813,0.384126442766282,0.5395030752227179
0.3175332113164111,0.3504844997137559,0.514443855655966
0.2956066055142006,0.2476915860423721,0.4585529857721075
0.249388063612404,0.2776475386063277,0.3242946329914263
0.3705835180650906,0.4084903721337976,0.5537132732476492
0.3628450345191762,0.4037833805882806,0.5850446286787931
0.2240901449994368,0.1966207392752098,0.3588557034175973
0.3165007034768091,0.3119026124250089,0.4743212199814824
0.1999088341966244,0.1854583457995232,0.3439231819293463
0.2538134776652413,0.2564828195893737,0.4011595790249346
0.3501072994313335,0.3922821061289909,0.5793234348611617
0.2513631777915548,0.2345381323605143,0.3537881510447359
0.2278383861128357,0.1977934412191688,0.3640543114296858
0.3378659964642112,0.2893047379475978,0.5201190236238643
0.3348432504738562,0.343086085538345,0.4887456866271648
0.2319708727245143,0.2386769551379,0.3501186172964481
0.176408695622987,0.1432679780338297,0.2357429202195498
0.2657163621074458,0.3046928451027331,0.4504334453748063
0.1845390506556985,0.1775822938224339,0.2766759378042718
0.097639635982144,0.0889457739860236,0.1275891580174175
0.2182340871269141,0.2373504129390446,0.3275940492013626
0.2390872980718008,0.2018138767424828,0.328936306681089
0.2234717842416592,0.207356857852705,0.371962069814124
0.331883489634309,0.3617345435751147,0.5120484714770316
0.2732152379153398,0.3016210898710159,0.4429684043785798
0.2518328129655376,0.2876257670848673,0.423132681053922
0.2996004701408319,0.2932787600691994,0.3872706700200571
0.3413291515944927,0.3821965263578132,0.5485930317269953
0.3514270516987147,0.3287742677095371,0.5196152239818216
0.2326261823901505,0.230518499691585,0.3253148954750154
0.3048653902140124,0.3050319322653093,0.4082594918943198
0.2904206996426335,0.2619259889377171,0.4244897554950169
0.4359643832709213,0.4634577025160438,0.6923353496818638
0.3194345133273626,0.3635899253593005,0.5075464854963176
0.1855754531720303,0.1668849385230068,0.2152853722765335
0.2769147307391015,0.2357989490631206,0.4067964712769338
0.2216281226193127,0.2111172699337773,0.2924930109809923
0.3275578109772282,0.2932044219653434,0.5008649293112308
0.3271694104897831,0.377424172012378,0.527792136865034
0.3992898729000131,0.3786071924813602,0.5996915796272532
0.2531041606028326,0.2564029041349107,0.3653753291812326
0.2337206074610751,0.2312441470156226,0.3432542401784383
0.215331737746668,0.1746788078927793,0.3203214536911463
0.230402492364325,0.2236545682900406,0.3486313631236024
0.3181771502233078,0.3240379004851993,0.4686838254678726
0.1167966873939952,0.1055307833123937,0.1490427352798344
0.314055802430671,0.3455573024212016,0.4636083809374472
0.2418969659160708,0.2281162408129531,0.3284720095039249
0.2772139464340796,0.3110992687726769,0.436683182512485
0.2118489023583293,0.1934143110528925,0.3175898501884928
0.2984461184284156,0.3149942116681998,0.5202932342966132
0.2804120016309141,0.2897370056682165,0.4467551590247692
0.2299871913299126,0.2580371448412734,0.2953696986825654
0.1511223460443662,0.1351802082473076,0.1842688814063168
0.2399479817911219,0.2712916128247004,0.4024421547863318
0.2951735612876454,0.2371517433995275,0.3877083342950401
0.185156310695343,0.1967831794145901,0.2392203907164182
0.3560739189588627,0.3532854604930622,0.4863032361629739
0.2760473045634046,0.2659100052213105,0.4090092371650999
0.3943485841660034,0.4189140762014536,0.6178713551272285
0.3257744080308757,0.2750384500540915,0.546885359769512
0.2409836679882628,0.2558778025359641,0.3261436600027824
0.3621963951884343,0.3876308786510483,0.596339560510083
0.3522336257124689,0.379528059786877,0.5551561084009646
0.3112179032848263,0.3544837635307419,0.5627666113691204
0.221405560849733,0.1992672150481437,0.340469056771403
0.3412370766511107,0.3725638508687419,0.5451187217290615
0.2738602303613549,0.2956092049325515,0.409861107234778
0.47721569114184,0.4887601999482707,0.7233105110092672
0.3880923895801677,0.3444540489625644,0.5712377609929042
0.2483205562424335,0.2391980566566881,0.3655772382360535
0.3848444002565032,0.3706294424981524,0.6254380373646299
0.285877262817678,0.3112501313825597,0.4149173093659406
0.3509878013894899,0.3867269527354919,0.6593881669026119
0.5057764949591419,0.4900717100733086,0.7492543955659638
0.2769320371136433,0.2872731282343633,0.4505864132263277
0.1815788488410475,0.1825717926089225,0.2578708686915362
0.1874749156390496,0.1765644026145118,0.2809590799538641
0.1536748395557149,0.1371150047526022,0.1646408293842664
0.35233638060811,0.3399728929601969,0.516874347253421
0.4223078927284691,0.4640137690918502,0.7092545894360245
0.3499014598142012,0.3652062427478156,0.4990644639655626
0.2319046415865308,0.2297222720281127,0.327789932545859
0.4076752565257608,0.4042005329263037,0.638555240005921
0.3842135701266093,0.4135912765433575,0.6014737644020876
0.3477179652314631,0.3719503660704437,0.5319120532004996
0.1496599453462626,0.1225444647245601,0.2040709718966907
0.2815578631762285,0.288977582298757,0.4695807703314356
0.2703741492051529,0.2952675988491853,0.4119421733924891
0.2640772488587641,0.27278478790988,0.3225598233645297
0.2996299018056027,0.2680492411640759,0.4181803066004373
0.4606873436532851,0.445567681769712,0.7218716058712676
0.3396923647312638,0.3702410502537333,0.4992459188851605
0.3797958373968805,0.3944597789327788,0.6296019161937231
0.3705628064852744,0.3721006813333511,0.5854883052927642
0.1978448687090953,0.1698295839136303,0.3090220699993257
0.3146616212264045,0.3143843485542381,0.5355625887452038
0.2769270957916174,0.2295101694564144,0.3942135506305718
0.2678288365824564,0.2668072644535643,0.4014579959384388
0.2560724725448458,0.2447794868748392,0.3026161292165305
0.4201926328536221,0.373661059196546,0.6051174608908876
0.2370422938860855,0.2326609672415445,0.3460417161176345
0.2833695051445632,0.2837414397521948,0.5105869861247996
0.3459941158567843,0.3577105115279555,0.5723911669362509
0.2976931828637981,0.3238549205555092,0.4674738210560397
0.365353286731352,0.3885133752444563,0.5052105832553087
0.3822265074135875,0.3518630597083314,0.5632964530698162
0.3627096120211739,0.3454789066032158,0.5453012746118807
0.3165282022108163,0.3523401269427392,0.5348625871333406
0.4467621818358787,0.4582879188287915,0.6722079340617135
0.5161189201655023,0.5466140627792966,0.8051155287635893
0.3440160197819044,0.3120316967135513,0.4528338259074496
0.3279706815477893,0.3119056477167645,0.4933903078389982
0.3515566349033123,0.3226910214610654,0.4710653104394691
0.1658574073831699,0.1386594940440936,0.221828335240516
0.5069809214650873,0.5121200572220487,0.7666055588709705
0.4719762331703575,0.4615213425947189,0.6877765886306461
0.2250205600667517,0.248451163391336,0.3537907055716477
0.2798355709070344,0.2566511654496712,0.4920428509999322
0.2534912719812309,0.2507942659892679,0.4539385269763743
0.1984951363360171,0.1912904249886048,0.2733495280506215
0.1807874680668984,0.1499396662202824,0.2518335333632705
0.375278723449534,0.3718098541467345,0.5497954984063175
0.346745306607756,0.3930352633580718,0.5750596002206861
0.36242240284824,0.3722070339980897,0.5426338717787149
0.3738092354116776,0.4002466434847471,0.5297090681534895
0.1660968247880135,0.1830466686143623,0.2746579415331177
0.2857975412178788,0.2624075420117957,0.415679133855134
0.1689792018465591,0.1731847402990015,0.2439427106432568
0.2814778882373536,0.3138589297826604,0.4557883771458955
0.2552591192324909,0.2221915829686883,0.3792280336307497
0.3424629878488575,0.3506310448077407,0.4922757174728484
0.3591189417502413,0.3971217849781083,0.5357809352340479
0.1968959883657881,0.1804716602690454,0.211224160903219
0.2612226819456733,0.3013688058927716,0.3946135708153853
0.2651794257673671,0.266531937172808,0.3659797765099892
0.3423399353209384,0.3275029061024638,0.4570901867893653
0.2408484426500062,0.2572915253080071,0.4685488785755722
0.3122779357396522,0.3363675261195811,0.4537613591054649
0.204889320664162,0.22725301133518,0.257704779056575
0.2176784990313016,0.2222710909296531,0.265773126417935
0.2796000931375879,0.2784942394449469,0.3940890718606835
0.3242978259680761,0.3594820951770919,0.5280322419858645
0.2740156344758316,0.3211039033681164,0.4100501131896724
0.3327145675821069,0.3127715736028748,0.4763003988294015
0.3592629899593614,0.3397765194551851,0.5882585077717647
0.4644929953971396,0.4915921827916428,0.7309570673994613
0.2321815519872901,0.1955018107351711,0.2711621280137217
0.3289004216499109,0.3539497260980356,0.5186954568367238
0.235165695754784,0.2501779307139765,0.4450043654594234
0.2354312518979643,0.1933458511892995,0.3374823314422655
0.3231956138032403,0.342275943580351,0.5345283989683283
0.4082529561154222,0.4125560300358393,0.6103601337750821
0.3064620287306154,0.2734737731082323,0.4517363088474242
0.174435841182679,0.1398601134191205,0.2339201607128559
0.2634049351764401,0.2711523653923495,0.4222270630855208
0.1218461243786024,0.1042843495107879,0.1346753080948956
0.1650644395708316,0.1693262427086024,0.2871364648962329
0.3097360118338616,0.2815673794758749,0.4651685652484421
0.3183951764849568,0.3694384209915952,0.508745640289308
0.1253332806877299,0.1245355250096915,0.2043325728695371
0.3136582859884195,0.2788311894229587,0.4534230034289455
0.3089088897741487,0.3284951594799948,0.4007847119089084
0.2405014286802921,0.2706481312272833,0.3728971839235731
0.2688107487666114,0.2693539056412667,0.4035887891886961
0.3699815425698649,0.4092328187736688,0.5801329432133858
0.3180415032686242,0.3582832807872578,0.4900269853992636
0.3212555609136965,0.3703121201350479,0.5633640760135203
0.2122120533664707,0.1899578594007938,0.3144688901845574
0.1877932826110631,0.2167033851726421,0.2960559196849391
0.4107549042128809,0.4124172891754979,0.6584230022341876
0.2101428163397916,0.2105767621787379,0.3375091304528288
0.3106900270061669,0.3315392452048037,0.5492663345024565
0.3754800718794606,0.3436737553719355,0.4873313976998309
0.4480723864620731,0.4613391318258063,0.6832812030497275
0.3760347544030492,0.4001030352096208,0.6123716850868477
0.2910004301511443,0.3108554730618805,0.440031399683905
0.3285700608982544,0.3499681193033053,0.4884162790762499
0.2169913080468618,0.2272238879797168,0.3121976776332513
0.3030155479227135,0.3313492651234351,0.5053149400419366
0.3684110127927315,0.3536247933434764,0.4937941389106982
0.230113195733529,0.222243258581864,0.3281279061233935
0.208746916098396,0.2222227706154847,0.2773413058576754
0.2788306988494085,0.2926569238095649,0.4712570936260367
0.4058596904668464,0.3747913356583549,0.6739837989409048
0.1141590362459207,0.1138234941768425,0.2108786390017252
0.2983427343198731,0.2993561855983073,0.4599443635644265
0.34734947505947,0.3480754391264309,0.5454171963010901
0.2384736153627698,0.2018008321253332,0.3785212033225972
0.2261983925155598,0.2176557099840556,0.393191975296818
0.2301237429086278,0.226951635259526,0.3807608869887896
0.2433717000503835,0.2089208869187612,0.4118889772534523
0.3319437678404903,0.3517182258244745,0.5571475094728043
0.2396584974703989,0.1777150075837498,0.3371365894771704
0.2939019911816709,0.315701708105424,0.4178480855409835
0.1066320134868341,0.0924613337700032,0.104236190534876
0.1382318324216493,0.1491077474947808,0.192696123853013
0.2285012321645871,0.2090121091775816,0.3540345309406955
0.1866748091394119,0.1518989921061584,0.2829665693695244
0.2804030288333453,0.3206594041625686,0.4334057363637823
0.2906018660584317,0.2980436440827141,0.4712955115496576
0.1617959258313028,0.1576627032478986,0.2575547461788453
0.2894085604115257,0.3268374455149418,0.4080071112194867
0.2349503310414249,0.2122248850013792,0.3413643396435767
0.2509916645134506,0.2586695008343904,0.3841322940164684
0.299386154800676,0.2952940678802869,0.434518322353621
0.2983545669208937,0.3248725210552853,0.4630291184088178
0.2550442009930314,0.2566345451642695,0.4576694159557665
0.3522226150220832,0.3829415521217863,0.6039952684228899
0.3362360436824646,0.3545661492925612,0.5369827175700993
0.4506075200796836,0.462631876542005,0.6966180807928029
0.3391666584655883,0.3154636780681736,0.5194763932774564
0.4247173462045648,0.4361452949199448,0.6417303694301534
0.2220117080591624,0.1912866484048318,0.2755483994338396
0.2267788753080032,0.230080378457548,0.2845708171326814
0.2408161585265719,0.2289840318453612,0.3128073574432205
0.1767487269512175,0.1436358500359721,0.2202365826221664
0.2139544947807934,0.1856216986550345,0.2935327684044685
0.2345235004391589,0.2740387849610572,0.3065737336634181
0.336943852828518,0.3766187416193032,0.5032678726814671
0.4232585460651604,0.4813671429765528,0.7222679833560259
0.325478266992132,0.3061396669677353,0.5235886333046662
0.2756584252856547,0.2339879061815421,0.402020842983144
0.3322704101319117,0.347775148803969,0.542546798738529
0.3032562382998822,0.3312743046307884,0.4590659267923999
0.3122060930680174,0.3578787574048526,0.4849093292332834
0.365524337078567,0.3741297010475757,0.5690510884587318
0.4407387548297385,0.489375220697097,0.7221447295556085
0.3049742058591064,0.2877437233651392,0.5535082853916081
0.3028112101073475,0.2950266408905742,0.4778709230309177
0.1943287868166909,0.1564467582104083,0.252717934509698
0.2680362719200649,0.2775216940625482,0.4330400042041524
0.3933754127853464,0.447011347433801,0.6414648308585638
0.2333302642567282,0.2252692141063781,0.3814828411954723
0.210219050938864,0.2060169156793345,0.3434280655408629
0.2815037898092025,0.2602597421740327,0.469273069056851
0.0990316518972486,0.0831808071914884,0.0928477689384955
0.3013211514116253,0.3327666333452891,0.4903234616708063
0.3221223949278976,0.3562488174803946,0.5637167199398001
0.3405641637340159,0.356674914996172,0.4712044268249959
0.29668740063177,0.2656343865897383,0.4779839274687407
0.4247281130353659,0.4467571760847301,0.6353307473467654
0.3988753821782755,0.4337208886896952,0.6170170386162687
0.3186833282385024,0.2948169762774249,0.4608358851742163
0.2634829161702719,0.2389887318251398,0.3996235149654306
0.2481230460815953,0.2211014358532421,0.4386644624742116
0.3274347740390464,0.3634761161327305,0.5275089896936429
0.4290492229328663,0.4087664908853907,0.5574394788306539
0.3126765971397139,0.3503864721787251,0.485426567506883
0.2698358473219764,0.3079959829928431,0.4349899069458211
0.2200636791438449,0.2098837590108293,0.3114036661974338
0.3003630923185229,0.3339926342404985,0.4876066970095631
0.2877293661361301,0.2473992791768163,0.4055189206548541
0.4030809454701168,0.4224285056508171,0.5569380501779959
0.2211157789149046,0.1966834875349213,0.3674844520405433
0.3381343408606662,0.3083816982170286,0.4863085335338449
0.2432053346581847,0.1992167094058058,0.3304195523265586
0.4279636198440006,0.4805030792884493,0.6978131644616955
0.3978268451379233,0.3682692696528016,0.6683202453062396
0.3546631488596594,0.3714175340381572,0.5550302768149518
0.2873823243506969,0.3324633885271353,0.4100715658254252
0.3205753374888607,0.2962741604184646,0.4551977668113245
0.3210206355031252,0.3443503316569766,0.5285689324300993
0.2029646830296206,0.1935831144354716,0.2868676257485875
0.3889698561079109,0.385085434267279,0.6179038228971383
0.4489379864740984,0.4481948057966851,0.6412194859797204
0.2916926690187778,0.2593116623012616,0.4329888939980707
0.3490910578691888,0.3455489712998448,0.5696367259922352
0.3481127222663251,0.4034214818441714,0.6110419463828254
0.300024632126318,0.2841744208094657,0.3962712399158556
0.2114910220761678,0.2024941187101545,0.3502151024027797
0.2853956555416955,0.2352071371795493,0.3898393020721301
0.3307429789716977,0.360327426499792,0.4399951972662279
0.3182777742706704,0.3433220747297357,0.5219243385051517
0.3349783968451362,0.3785065990396352,0.5683750540020304
0.1234449796804786,0.106413129674048,0.1986002349910995
0.2818061925758733,0.2346888427515493,0.4100822214966972
0.2324392093470793,0.2147047719394239,0.3679332539594279
0.1576786220056543,0.1233049352775842,0.1993354751556144
0.3271122917686514,0.3442813498476685,0.5553847649522098
0.2607950230214862,0.3121008868379179,0.4113035354298839
0.2706146373540682,0.2679786072288431,0.3581428717624387
0.2356605397901692,0.2373005987261346,0.3922424056772349
0.2797538133521092,0.3207037033315715,0.4815466226574045
0.3686797261426596,0.3768859307549449,0.5722869382303122
0.2919293285145382,0.3292577670802847,0.4629468382330323
0.2396500171686689,0.2103862029042344,0.2953844842542294
0.2253805491749256,0.1927623821606234,0.3012112337681201
0.2286380864257418,0.2666728215988772,0.3548578257938344
0.2260702832518359,0.2012611635009166,0.2896490721366465
0.2419892036046046,0.195523093107928,0.3254117085171727
0.4023005679411497,0.4240141656924798,0.6222584219438629
0.1243561793208482,0.1268036567692562,0.1838373402292396
0.2903644702364898,0.246204389408196,0.4585055079282376
0.2480136218004867,0.2148689940536299,0.3991257964608678
0.4187361211586001,0.3984928681886031,0.5541616451241252
0.2239939196095355,0.2265839448868266,0.3164920170031174
0.2432290432563067,0.2280128334091325,0.3580596467929282
0.2072520401518621,0.2083463835988806,0.3642715206146124
0.2228706319659444,0.2463676712546051,0.3645335774121512
0.2235298425988389,0.1951089926327904,0.3658801704715283
0.5689859610712737,0.6062464307313583,1.0
0.2676733571963137,0.2847032188446255,0.4220855762955064
0.2650539120762666,0.31889053553709,0.436238439701189
0.277631257633131,0.2410360700680551,0.3530106679185171
0.3093171910872846,0.3201596715139886,0.3806936855859903
0.2673118013601423,0.3061100017899452,0.3995007043120697
0.2310646937350305,0.2498149707583841,0.3703748650057893
0.3315704656985577,0.3414666688338967,0.4452923460095699
0.3282638210921115,0.3070554459069509,0.4195617395693947
0.2335398125618828,0.211597010144409,0.3773825856197779
0.3010686559913929,0.3002717458868537,0.5559538909283692
0.262527041342297,0.2967025995061126,0.345581709892432
0.5039649066088793,0.5185706542721494,0.8175729071187045
0.2152279230657031,0.1891449438542324,0.3680581633725741
0.3287253754315863,0.2969575135638796,0.5643713787200375
0.3153278498370664,0.3555903509582575,0.4518509862485238
0.3806716415145058,0.4108135779578208,0.7811872973536342
0.3121479043107859,0.2640454556345473,0.3885097603018306
0.2934378932624792,0.2784001213742671,0.4113995701866114
0.2602882265275252,0.2533321469238897,0.4111364140110078
0.2107474501932168,0.1850118277400935,0.2772751664016128
0.2229425832630651,0.2127631373337166,0.4140986430994837
0.2086478612759609,0.1839857568193771,0.308062203378255
0.2134461335493004,0.1926406761826423,0.2842641209249297
0.2282680932849025,0.1969454714854702,0.3556483392412188
0.393381873899457,0.3968657206469761,0.586900655282813
0.3974675564462531,0.4260753773120987,0.6087463754649787
0.3510317292178882,0.3344976589478224,0.4838232880337435
0.3263753448546713,0.3577459143971951,0.5526747346697946
0.2690371923955534,0.2740206815619622,0.3641799753618293
0.3654100264559486,0.4179121862257973,0.5926446221972634
0.1910267958520297,0.2023286041055521,0.3103385512175913
0.2677217227145826,0.2497460434231409,0.4235025258868924
0.2935384614876624,0.3370600092221289,0.4608852971165669
0.3407250501397788,0.3885082207642825,0.5514512485145875
0.3490689251793553,0.336988160675929,0.4910905802412458
0.253696659594992,0.2386058892948331,0.3739643817172769
0.266270988762369,0.2931004021876784,0.4059960942890547
0.2577700199115481,0.2897578620626443,0.4059717273247881
0.2006822933200396,0.2073219702608316,0.2875521186413484
0.1542019510948175,0.1359080274176764,0.2342297797647378
0.3950283557931096,0.4065028203930147,0.6214870358068282
0.4605859671983413,0.4876758154422975,0.6830415733180399
0.3671337454271601,0.3908747401212063,0.5666472543887076
0.3699135592666792,0.3832993226468588,0.5301417573291061
0.2560881045687829,0.2635932185035315,0.3923507913391806
0.3793771450258397,0.4083348970143997,0.5491866185477182
0.3041170793477893,0.2941687131817488,0.4427565088283525
0.1491736364323635,0.156908888225666,0.2403520426656689
0.3351954864675801,0.3895455714968929,0.5681369495172103
0.3617002839089924,0.3443394397461896,0.5045694132964813
0.3511793458827355,0.3914041185525339,0.5492833209833806
0.2535820988715551,0.2715374719861944,0.4086491804655444
0.3722915137467462,0.3832054039467527,0.5983907501402339
0.2865388355759961,0.3314804962286389,0.5080913200768611
0.2093758088687835,0.2171982884523692,0.2990085557283304
0.3975643941832446,0.4066258385950571,0.5942395755556722
0.176173130191152,0.1724497917132924,0.2768792159425169
0.3179527425304184,0.3649440099133134,0.484750632018676
0.1764461423552535,0.1561977483839489,0.2874707039527027
0.3145109316006657,0.366591812705459,0.4882683607520313
0.3391608824614306,0.35929658931034,0.5763872098524284
0.4440882145657712,0.3881504851433801,0.5794271032502386
0.3164101062797656,0.3314927005952423,0.5204781987571403
0.2667340421022273,0.2241406823160129,0.4254087189269357
0.4121785293647972,0.3405198418417043,0.5603528756669769
0.3178090577548968,0.3299442898288507,0.4380735767125314
0.2975609911026671,0.2511506411317618,0.3728170078332617
0.1871207784482077,0.1746882009407227,0.293284634315928
0.26457143458103,0.238267595829551,0.345859397115403
0.2207726165799807,0.1721802535760865,0.2386765588833694
0.3905035895418562,0.3753771100397396,0.5305909966815108
0.3123670499679926,0.2977098344154931,0.4920318808823011
0.3256998651903431,0.2890410319601474,0.4092987454076446
0.2183676895456862,0.213778291552435,0.299755365010925
0.3504995535876934,0.4092337390332472,0.5905098891816597
0.2277675143638349,0.2233656753013878,0.414813323738856
0.3904719598001447,0.4282979824280317,0.6155934104756228
0.2972851506113195,0.2836756400851059,0.4931142687389035
0.3672236810105126,0.3621272191051942,0.5663151515031666
0.2737797429672376,0.2677441733933433,0.4134003803016481
0.3758616769591315,0.4155013101999757,0.5874478080291387
0.4455943526779568,0.441730468007175,0.6865173606986187
0.3596860586161799,0.3489728902560828,0.5603239359917109
0.4200834117259757,0.4559115865783583,0.6262038942390097
0.4101683448000353,0.4419851487746701,0.5962523642858616
0.2361881191238607,0.2194183330148362,0.3727151919818344
0.2524518580499827,0.2475055027563166,0.3883132883721023
0.2849356434134574,0.2764458168630317,0.4805973365510579
0.1601238086943686,0.1164466990468682,0.1659346800147079
0.3534005169880678,0.3663045981663661,0.5291703145161665
0.3904742018899079,0.4225660909729311,0.5818168536954866
0.2144131211217992,0.2153658771641307,0.3065076186507571
0.3232547505750736,0.2785109334544326,0.472398412552077
0.2768608133554104,0.2606585959059976,0.4245216436998095
0.3151671889299065,0.3097779009459128,0.457834710884496
0.23956481587528,0.2350164158331043,0.3814197678502513
0.2425191505878758,0.246081502600401,0.3622999668533513
0.2852158046121856,0.3148634264545589,0.4885065417821166
0.2577072150739907,0.2321675660377398,0.3520095007515886
0.2615219458202684,0.2926819913745946,0.4555059095327598
0.1113169330646595,0.1063948469749851,0.1760564164508781
0.2716130406810145,0.3150378945911868,0.4557332554942991
0.3153727085136449,0.3073210529569576,0.4360004231206287
0.3795188403278359,0.427212414295139,0.644578526420161
0.1856747749651057,0.1726709653341915,0.3153160552225535
0.3226947057766404,0.3650610752413049,0.4947108678227944
0.372469380067258,0.3771609448503406,0.6353008933216407
0.1673454525686317,0.1629968690695404,0.2684466368623034
0.2557786898619955,0.199749939522571,0.30730929360156
0.120919342975787,0.1139727030006516,0.1530466184716266
0.2968934072211694,0.2709099485411606,0.539215106884955
0.1856246604550729,0.2064002424852213,0.2885770183663338
0.2242503352910111,0.2259972154646792,0.3714727258959651
0.2531656459134748,0.2166821688177164,0.3751926069978895
0.2278236691114294,0.2137086103277037,0.2584958088889527
0.3632786691706289,0.3549937436126606,0.5561585770456785
0.3154323088697401,0.3192800195081059,0.528190924924359
0.1606843519831963,0.1505147015277931,0.2439625841699176
0.3025527915860353,0.3364601466990041,0.457876859058649
0.2713709060901527,0.27429996583512,0.4454937339180983
0.3862342116486766,0.4113250186506277,0.607024980370168
0.2169078136725057,0.1996797981897383,0.3453373746536256
0.2167096322416054,0.2110107886206236,0.3333625812746013
0.2906236044955705,0.3236018286461145,0.4612536716385011
0.1572814186736196,0.1292698021113143,0.2067965250402092
0.3895178878515167,0.444951517283107,0.6342655243194003
0.3402430976783224,0.3871649950521532,0.5920160179423621
0.2163857595982947,0.2240666366479605,0.3306594456768899
0.2080397687970631,0.1962070914678902,0.3483434720893912
0.2454173208016211,0.2048278177693793,0.3914607226432022
0.2298687224075609,0.2505714532544807,0.3479962462453159
0.2244384248102424,0.1802184108534583,0.2402629462805035
0.4364740523056649,0.4509199731921578,0.5768999978826608
0.1872437902087819,0.2125459666134242,0.2718751472190986
0.0557564904481907,0.0501002655512066,0.0538117163605567
0.3318248177614931,0.2429183689017851,0.3840126280639694
0.373855957871083,0.4013167410444644,0.5156061286137952
0.1984049282209964,0.1706232555096878,0.2894023335593075
0.3582483090004187,0.3913550390424668,0.5891453216717079
0.1873362067794853,0.1967904144460146,0.2808936185121917
0.3005694722329113,0.281285953869515,0.4246120809834545
0.133834228089986,0.1193342097820564,0.1502569831134022
0.2134848654760958,0.1965969137548749,0.3303425222527419
0.2031680527811493,0.1809932084447885,0.2837410010086714
0.3144870729182368,0.3106646026019428,0.449541529445567
0.2517491531792316,0.2723164893286459,0.3732661314140148
0.1611722771289646,0.1355662554945618,0.251484168191339
0.2641252708276946,0.2234943048717276,0.3107447067118678
0.3178354986324711,0.3534531543150452,0.4923165940065478
0.3069916749467746,0.2569118524086811,0.4050035650674073
0.2876479428648842,0.3186647463516457,0.444604066147337
0.1654853024476245,0.1581952690675571,0.1898404466374175
0.3459861282182395,0.3681489116702608,0.5427286583757663
0.51585314418035,0.549126128586161,0.7950619974357979
0.2322553452736623,0.2314441121562097,0.3426865460700106
0.3763522420866758,0.3734927202834114,0.5293483220579868
0.1502621933636677,0.1204932181039106,0.1863275613540413
0.417841839678268,0.430178071740617,0.6576898100320774
0.1697998256625955,0.1635413909279475,0.2576197194187634
0.4601115449200074,0.4616180014229933,0.6495808157822174
0.4678457425920416,0.4802425362722942,0.6879148404988741
0.3303882793471884,0.3516100707525673,0.5340480068742344
0.3346535537109201,0.3365001896784028,0.5300871391404921
0.1710019751025522,0.1511203815438621,0.283428885875953
0.2014127798244502,0.2039893834382866,0.3147867980136655
0.2367270499873256,0.2214962675820019,0.3841053839239237
0.3392400910925957,0.3556166287273412,0.539913600274858
0.2820373197962834,0.2623151175497742,0.5110045693958164
0.1766385268964095,0.1653361016337519,0.2771180290756261
0.2855397547776151,0.2759803208816482,0.3714472943302256
0.2413311876217515,0.238598927211993,0.3788196497060742
0.3682294044665794,0.384253288332259,0.5929343281620125
0.351038108376247,0.3661778457061764,0.4525570772979153
0.2911590362896779,0.2408282988514237,0.3959887483282484
0.168847279739122,0.1495476783549373,0.245612164646683
0.2769348822911204,0.2529994555824782,0.456501985418857
0.2361880487785981,0.208398818309991,0.4117160289107544
0.3904502015203921,0.3759816392545322,0.5953043227921209
0.4842105112570608,0.4845013380276759,0.7466960544402109
0.2950269189584514,0.2536247126967479,0.4130062027526114
0.3374740809363703,0.3381281347313732,0.4906057368853265
0.2775570724501975,0.2387567235471397,0.4293049884707117
0.3545309436017914,0.353467889972954,0.4664396359515126
0.3912987444767115,0.4301000210310992,0.6410354779688708
0.3410007797934291,0.3713897950449825,0.5652420315766751
0.3315677964830826,0.3639009034032034,0.5570838247197953
0.3845242607892532,0.4192344688060924,0.5791810020044635
0.3476535443262419,0.3533191541642653,0.4714309014591087
0.2308060563700552,0.2009691547823896,0.3413277981804108
0.2696019872011905,0.2984422275342698,0.3811888376286054
0.3384106524417216,0.3889150525188543,0.5936595801465138
0.2732471700421657,0.2364955982539703,0.4239315983966056
0.2206710015206116,0.2553644055794876,0.3089864065273812
0.3528145585840145,0.3366995903375666,0.4922154331632747
0.280004922382036,0.2420971156645329,0.3728328613652553
0.1285478196659729,0.113857758831082,0.1811542254375665
0.1854527383203793,0.1648996227003152,0.2988460618734719
0.2112329130170218,0.2110731276666229,0.3273879393326402
0.2728503274616333,0.2654718951317573,0.4622014970199429
0.366271086160259,0.3804571225833493,0.4762561840379683
0.3350244898215445,0.2984502552224446,0.4923590735635672
0.3928232445857296,0.3818339545081023,0.5562744154170965
0.5021860841723209,0.4599181612429738,0.6808708230655296
0.4234286536653184,0.4353336842763245,0.6135116595434036
0.3285185463771303,0.3398027656823897,0.4713855411209491
0.4749753005043913,0.5138901538135784,0.748185524879346
0.1441862106011305,0.1268654873491999,0.2153287667470613
0.3485910230739633,0.3724531098544262,0.5086744598861949
0.2394310791589069,0.2039421865742455,0.3380160372698604
0.2703848910879145,0.2315075759494586,0.2918033319681416
0.2612758701472855,0.2423991168609699,0.3814471683684969
0.1905428054481006,0.1566543407608221,0.2220452956529213
0.1621160906577578,0.1265011738780235,0.2055615118515883
0.4053417104912757,0.4526348716660437,0.6311344278361919
0.3028205388171572,0.3129965715520476,0.4748266742073662
0.4701365185160482,0.4733099208791042,0.7849944931020297
0.2880219533849389,0.3122506162567184,0.4516484851307323
0.2485730115038347,0.272532905702875,0.3939857132937434
0.326799867527175,0.332111352862757,0.5129402211677031
0.1370378023645401,0.1266293849794671,0.1557925136258414
0.2909473465380321,0.3053844800679817,0.4465153073016584
0.2441513737048342,0.2292837080099771,0.3882555459917804
0.207461984544149,0.2074289039287258,0.2814003872704202
0.2529877009344505,0.2325148621483984,0.3556186595602696
0.3169022746802392,0.3465616679464395,0.502090481129727
0.3457408624905733,0.3596333186481205,0.5093652614338328
0.3352266215850522,0.3332886676897321,0.4814393149987969
0.3407208807980421,0.3336953846299517,0.5217232906606764
0.2662261684951555,0.2469951980559193,0.3911532693798866
0.371564474927038,0.4118272216882485,0.5788548487724507
0.2415880682628229,0.2681469972945314,0.3653726166942017
0.4047395227199691,0.4556988225043554,0.6887336594157885
0.3543488177414047,0.3305570220706984,0.5459558177028221
0.2327880224513506,0.2287603673539168,0.3532540766196296
0.2348777228621262,0.2007246881264177,0.3543494106778162
0.3083079081918985,0.3438415168017794,0.497533270383522
0.1825438449713387,0.1439756264760483,0.2508442119398815
0.3288118512117203,0.3094046834824171,0.5477636353246536
0.2102231617738611,0.1713303564176904,0.2682552041553886
0.3313624660837489,0.3468759508473146,0.476685628496529
0.3573374246668357,0.3449552936732621,0.5158403789117629
0.3582300115341503,0.4080254008507199,0.55755150639687
0.1544976458018545,0.1517694042807748,0.2568353248631622
0.3140144724575162,0.2861924064906003,0.4965864397383543
0.2706599695042855,0.2183644022658552,0.370409046756661
0.4173381617077632,0.4232067252184552,0.6566992270156217
0.3963324881780949,0.4094244616658342,0.6114876403865712
0.2285995063728867,0.2209751384030352,0.3344951141803663
0.2420076141610544,0.1908325136152334,0.3743293527278462
0.3321379177745717,0.3086028214627941,0.4932346458480052
0.336861708892032,0.3519390097891252,0.5544407621487567
0.3167717270301512,0.2641308863545015,0.4512418441900169
0.3078834561004085,0.2748394815387058,0.5490990656643921
0.2469590187185653,0.2089052345410013,0.3368686461580399
0.2982743766067145,0.309903711595174,0.4320803750586425
0.1861403999692275,0.1909614801997744,0.2652849509292322
0.3278010155266131,0.3441611719740888,0.4797634719056123
0.2536666627921859,0.2365613675238744,0.3508508565639663
0.2662042233735005,0.304490467799944,0.4292521463572559
0.4238844631793748,0.3994995234522507,0.6130378267030366
0.488351451254825,0.4842092289795818,0.7563413890103005
0.4148049889773365,0.4394029871956433,0.6072620100455616
0.2253910686712257,0.2457750735584638,0.378453366879924
0.2930828586824169,0.3212183587337268,0.4622276087506921
0.3192405270620838,0.3021374560253614,0.4535653299908773
0.3606435000144406,0.3638920855950333,0.6369978278831754
0.241716651666955,0.2119731744688517,0.2742236791454331
0.3150694069571744,0.3482272494400235,0.514987909869263
0.3138585655592371,0.2678685590072944,0.4568380883135895
0.4050682672057675,0.3780436586131925,0.6426935289744045
0.4009588768039054,0.417894944063407,0.6018670780087271
0.2938828462573455,0.2801062117255616,0.4216648188200791
0.3035272437963306,0.3245693896793578,0.4820100217309125
0.3616096567200185,0.4147818698185308,0.5784758389872391
0.1651968206099789,0.1179403074614465,0.1615493806690099
0.2147782382659029,0.1983918419280773,0.2746382238476898
0.3294705788712193,0.3497737376103109,0.4781287296756533
0.2599004595548112,0.269074461619925,0.4286951278002054
0.4061953673138022,0.3857579922145597,0.5669202756199911
0.3288187405765201,0.3030406708384665,0.5501230647108412
0.3658226747688466,0.400852563985171,0.6077983440940745
0.3216080712617771,0.3481517514550144,0.49900366213553
0.2199769415699959,0.1805854462118388,0.3239711821994324
0.3706490680569834,0.4317920685581971,0.684237565920189
0.3410962676736114,0.3517724011526883,0.4812065144028179
0.3546070640840147,0.371906281393064,0.5925756518551775
0.3608811741443016,0.3353365805682957,0.5947510493148003
0.1732100688202882,0.1715839879675793,0.2392748310270891
0.3774097478382662,0.4078235123104572,0.6368973667742149
0.3109268382340706,0.3293420832618727,0.489931712297207
0.3662489338338814,0.4048023721669747,0.5564682068918961
0.4417556730266823,0.4574748433631285,0.6859284496106055
0.3681795874835123,0.3270895454466635,0.4745587854548012
0.2084848510793374,0.1870262506495387,0.3240693812031903
0.1660697058444851,0.1470578437856932,0.2265982151695579
0.2389031560417817,0.2260392835749551,0.3278126814669481
0.326593634266576,0.3779547638005777,0.5395994203740729
0.4134664340309552,0.4517432220778221,0.6822485547189969
0.269352606681605,0.2319094757043096,0.4143030445402968
0.3696282179681822,0.4164522952818451,0.5623429402949156
0.3403103464234679,0.3110203298467118,0.5091012805538851
0.2814741078302384,0.2741205897060969,0.4024716898764649
0.2099235980431603,0.2215848499644076,0.2679004581939538
0.4366128673780714,0.4633273719630917,0.6438100137502868
0.1861060956116921,0.1590411892616527,0.3017235444086532
0.2974368943236922,0.3127617453092189,0.4449332046420697
0.1679746403416455,0.1329385159584911,0.1916267282421706
0.3131958195853914,0.3164390418348453,0.4562747040219165
0.3232618498298293,0.3670557365489529,0.5366187020229596
0.369568060747012,0.4164356237826028,0.5939786154220456
0.3981054883906615,0.4370812548980917,0.6232029944981115
0.4609639802761939,0.4824411549840287,0.7625310737507713
0.4102662745211654,0.4589434407456363,0.6733300407041292
0.2888464265822056,0.2816626326800006,0.4585583478890419
0.3356490738807468,0.3194005738624437,0.4955002531116168
0.2856215862936866,0.3322280677639463,0.4793340851412292
0.2952078971230359,0.2966357735090654,0.4742041387044861
0.2456600792261551,0.2014824856104919,0.3320562773941665
0.4002674064081992,0.4320123668503574,0.6295130843892928
0.2809018342401932,0.3180991221421494,0.4124334901167301
0.2856238988791063,0.3116276722636057,0.4543243463894589
0.3906673096530347,0.3818665323095251,0.6098486424462245
0.2125343549653173,0.1939623642220996,0.3511243568477248
0.3231719215428438,0.2799167983278736,0.4256797211627656
0.3499618091688541,0.3714963987036497,0.484574047362129
0.4285881789380465,0.4319084178876654,0.6628733616211624
0.3940225613455768,0.3748105818202373,0.6537634997616618
0.155731587326612,0.1398902172040695,0.2258286269145178
0.3135308365714824,0.2756142106962585,0.4328088789004731
0.272872376795583,0.254340211571933,0.4126455621556694
0.2472594583790005,0.287234204582501,0.3634977176892703
0.3484073197948904,0.3812562654717372,0.5285979627869393
0.2757431060537666,0.2813764518422078,0.4377709248310895
0.2702871171884391,0.2307602145428127,0.3947962431145204
0.3332602372801126,0.3706800800446168,0.5784414093330666
0.413826175648282,0.3484792118471292,0.573944853771257
0.2098058413881605,0.1827113583468033,0.3167986652251122
0.1626890207034491,0.165524754274549,0.2405267407046695
0.3668892816450503,0.3894048268479431,0.558372492459741
0.2706733609595546,0.3041957447102013,0.4048258674074681
0.3178456612359688,0.3316701192947597,0.4555240644552882
0.3503218392856749,0.360767154040604,0.5255753817069562
0.2845873325949764,0.2450357136808819,0.4411607977936888
0.386982653619593,0.4125729933261493,0.5979301864648559
0.3654981395656319,0.3890503186911191,0.4885466411204458
0.2691257543079196,0.2937477773905776,0.4047651879231659
0.3359443120466299,0.3928133882834218,0.5728072282487365
0.2757325466485781,0.2552888118769165,0.4535550443066352
0.2593076864420716,0.2214606277237027,0.3545186007164461
0.3356038256907865,0.343972688528178,0.5053424890715617
0.3142950572955664,0.3133379073361182,0.5359528535871725
0.378498218959391,0.4280957838138954,0.6155959573057469
0.4339059732767997,0.4643509816691245,0.6761514496551734
0.2039472132675109,0.1717486482836931,0.27891055195707
0.3733533029813025,0.4008657593786344,0.5768073029756694
0.2874947364610456,0.3087241742582797,0.4277322728822568
0.2340635770526833,0.261193091512893,0.3330634749433949
0.2234585146679111,0.186988003274937,0.3252749583481566
0.2381787063056341,0.2490993373474758,0.3297043428875781
0.3364812750102645,0.3325812163407631,0.5226326625731814
0.3373714128166716,0.3855310193201144,0.5088732291014558
0.4016395038660426,0.4290949903105357,0.6747377284083106
0.3487980712710155,0.3952305346068293,0.5512670795053709
0.3548147491545249,0.3052789422519676,0.5203480019867033
0.3200618898140522,0.3249734240621752,0.4814794951428927
0.111938381794744,0.1026626562540125,0.1391115808432323
0.2025107882079472,0.229032265739922,0.2561135005650534
0.1966227396773837,0.1752258147510534,0.3579603592644416
0.2574588098101156,0.2677155386664493,0.3702372182199522
0.3067669160985447,0.2914664939506603,0.3691271845763036
0.2758911717924689,0.2224826380018211,0.3241903560275849
0.2530848022858861,0.2179818612976068,0.3785904638579593
0.2904592219534997,0.3130658721301218,0.4166065908224386
0.3416916709614411,0.3905805157933976,0.55512634398524
0.0953100164061103,0.0963257886799487,0.1399212370518641
0.2598408826811206,0.2502094779548477,0.4126479944256101
0.2724884734718324,0.3157528468659731,0.4296455182184104
0.4678039629743679,0.427474267808271,0.6871530597983047
0.3573461018358674,0.4014746064474085,0.7188725380759085
0.2882110843088539,0.3220597289879236,0.4311541091732326
0.2575755903172134,0.2157540520743978,0.3453297818418603
0.3933185184728081,0.4362585645968875,0.6430087510415828
0.1934136936330661,0.1791010452233266,0.2591594705006746
0.2009463114975976,0.2044558807799157,0.3287609608093982
0.209419208431199,0.1910060585718055,0.3126822935523419
0.3860565329489409,0.4216891612493817,0.5898537287467588
0.4689577159646327,0.4937265774909963,0.705187311035297
0.2691375309403017,0.2535602586265985,0.4686814742935354
0.150266339895682,0.1115432707053535,0.1885669346417418
0.3653423278123218,0.4138097659656942,0.6084159128388749
0.3009549819358092,0.2649717620217561,0.4560426023398953
0.2629218542080228,0.2792801714047937,0.4643552593973746
0.2886756020516116,0.2675359739212061,0.427733127008095
0.1805503682662526,0.1837531590255702,0.2705877334860189
0.1900908416024353,0.1643975199088561,0.2747395354544412
0.2227460833905504,0.2090592965929966,0.3160902647553571
0.3193467565415583,0.3419237727340225,0.4747412035684157
0.2665528843654324,0.2771964794734414,0.3879251002562599
0.1789004125999135,0.1710616565241902,0.2386082572246463
0.3118943463370146,0.3575814910273327,0.493819970280802
0.3599778669211728,0.3701286745027401,0.5984034639066138
0.2268430745695068,0.2369963479914841,0.3424533298948707
0.3246397570896979,0.3473223623352972,0.50082078307003
0.1977226049884478,0.1726300553357138,0.2530430073498513
0.454022955998926,0.4693043428334155,0.6569731561751642
0.2449936535336584,0.2569889729324756,0.3654558361942392
0.3114166961964529,0.2875125476632995,0.3970751880178822
0.2678949921123937,0.2616286011064626,0.4558597693881038
0.1929254067987436,0.1762571479770733,0.2781837514845764
0.3528394409267115,0.4005559502171401,0.6189942454924098
0.2840425192919854,0.3230519327374738,0.4039350356640557
0.1963539598109763,0.2050852855855544,0.2947068841170094
0.3487299448814497,0.362041361944433,0.4595320380643237
0.267340707385357,0.2872195581380966,0.4246156751542058
0.4458340327884185,0.4737399465577612,0.6541766605373771
0.308517075231341,0.3052972079621654,0.5200944144983503
0.2070573724448161,0.1878463645340011,0.2884728246454379
0.1741121169521532,0.1504383506521132,0.2624139554461571
0.2788055389215534,0.257686294270225,0.4186884656737906
0.1380699638982246,0.1179318678234736,0.2006553150099109
0.1559781595287599,0.1752920890166858,0.2493884791671074
0.3411000374398239,0.3674445980021642,0.630313330374112
0.4069825346856284,0.3864987482847567,0.5216539133753547
0.2333763629359848,0.2430979785070721,0.3167892955690571
0.3595982307101132,0.3715923840961006,0.470082521852469
0.4437347307919208,0.4773387258989873,0.6734265716061028
0.3817828735803377,0.4060366731116518,0.5961446283642268
0.2748625437273538,0.2894601508646652,0.4334497492283329
0.2314085378886397,0.2376595357453583,0.3593986433593488
0.3627897913735964,0.3992628543391054,0.5657370697396283
0.300515705230271,0.3161512336118036,0.4389686708541663
0.3436541909701427,0.3266396924857083,0.519158634600814
0.3367257066264095,0.36260436204205,0.5307203924545619
0.2735020606094814,0.2254916350056628,0.3264205648299007
0.2178047677269657,0.2060725147190369,0.3400776597575523
0.2501391151978188,0.2598095495464007,0.3803479630661726
0.3474382213626507,0.3150440987878383,0.4659646746143171
0.381766748972821,0.3498717219804,0.5302720906322576
0.2982041140700312,0.2598683373344984,0.3311255950482591
0.3176399409164285,0.3356233533506033,0.543350646630377
0.3810226796103696,0.4042734336629329,0.5736616790965142
0.3023044214765597,0.3559159659027616,0.5120495899463536
0.2775152072755955,0.2774159323957293,0.4651839673407379
0.4265730673261281,0.4432057058298222,0.637910217830813
0.3213367954698304,0.3523886486711096,0.5451162148775831
0.2701881666832113,0.2983294890932059,0.4299443915017479
0.2733913279960163,0.2939977787429479,0.4860888491850541
0.2900424596522338,0.2396733896321352,0.4041103396541924
0.3962393360610172,0.437598865229478,0.6636071685809724
0.337759213743855,0.3705302061082877,0.4695596563465701
0.1491125871065375,0.1338705540341366,0.2552465374724275
0.3580512113674318,0.3524307960954437,0.4980798329167874
0.3551862549036071,0.3396710752480543,0.5158276252640445
0.2336705474764441,0.2109591767480773,0.3594736505973209
0.39024773112235,0.4116620563546907,0.579596320634323
0.2835466955809889,0.3104189259838419,0.4432535195331921
0.1838728706238163,0.1631047513070748,0.274277970955412
0.2725101790763951,0.3137913039433317,0.4755782229124931
0.2480529981450825,0.2430952188588006,0.4235361551799538
0.3287819175066772,0.3522525035410758,0.5362015338395957
0.3374767284886894,0.390105974567387,0.5551966940154411
0.2596023217692735,0.2799375788508139,0.4038733351372702
0.2463296175548303,0.2527478822852874,0.3910720470205026
0.2240933421211651,0.1875063750426104,0.3288723943213454
0.2518555798615683,0.2778635480813002,0.4037338985645311
0.3637725995191252,0.4139876420656297,0.5750514264854945
0.1777526218269585,0.178895048949938,0.3009061245801677
0.3996976492847448,0.3892128260415102,0.6379981737697543
0.4429760695979757,0.4736204911996256,0.6856420716815055
0.2980858671440308,0.2666582781761175,0.4776984056771128
0.3408871869087116,0.3933613052844729,0.5629579127112392
0.1569099985212904,0.152113886898136,0.2135213326568106
0.2880097709259318,0.2730109583913958,0.4446271262713476
0.2182024067327692,0.2356453547447286,0.2974979107975929
0.4409677739989254,0.4830793438770069,0.7447446465544454
0.3066101420904275,0.3223163674378644,0.531559198658611
0.2277655709174957,0.2459274383906299,0.3846287590057579
0.2099293884489052,0.187258696359325,0.32043635362639
0.3218023446499645,0.3403985852219072,0.4957590021268889
0.1623429424918439,0.1357301018462202,0.2085914032219278
0.3778230022704297,0.4097837744603121,0.6530595496669496
0.4222863190331828,0.4290191531299919,0.6457593194146409
0.1983849552679599,0.1746360941423043,0.2843990074660983
0.2144221255436666,0.1998986313682861,0.3234213564356338
0.4277708877352317,0.4141675865249256,0.5590858551322483
0.3124388352536767,0.3427090584940199,0.5111744820696541
0.2621945983789387,0.28215028500791,0.4054407229425292
0.3020370493741004,0.2806119549749096,0.4205357356505115
0.1493207824244341,0.140918782075677,0.2076561258041543
0.2118811050418318,0.1507815040937367,0.2589264241209386
0.2667584568884904,0.2208867238566472,0.3611937895442841
0.3013630620603407,0.3170761262766489,0.4809968772077178
0.4261569581328088,0.3936298250878025,0.5775403190603986
0.2584977039491387,0.2764112384102942,0.4131515397289746
0.3757793731717638,0.3480192947237971,0.5628030187071269
0.3232200715230194,0.3737444127159735,0.5267088228571979
0.2600152889375274,0.2924174964597509,0.4241103525242918
0.2570363247387984,0.2093516531112597,0.3856018913693922
0.446604601905448,0.4831091385826062,0.6814011844359561
0.3183605669928742,0.3628360920099388,0.4825821928353491
0.3696240127222019,0.3517372116628251,0.5913939748065719
0.2228222831602886,0.1604874111986633,0.3070330259911744
0.4006942289086159,0.4216660911364975,0.6161052699093368
0.3243507749891465,0.3578899195539539,0.5061341637727678
0.3327491031791791,0.3076335709094946,0.5076792508537831
0.2691347447642228,0.2896147662823424,0.3960048445146472
0.3244833518838499,0.3502610629536991,0.5234407456425806
0.2925430562901999,0.3119061237025543,0.4424634412842064
0.3961024837101107,0.4247509616277051,0.6194529044144315
0.3858563936933386,0.3668321483746035,0.5649922061635911
0.2482234434987617,0.2292210200865382,0.3892104080985201
0.2811563810692603,0.2370613719989064,0.413330180071304
0.1674637470214001,0.1591936647134213,0.2722726918153066
0.2818616278873657,0.2968925968298058,0.4761350646549686
0.1839621409779688,0.1897370768772438,0.2640117275546046
0.4122122160327058,0.4187462233252005,0.5824793969706016
0.2977034798765374,0.3285626703362257,0.4282380616352772
0.2288084113877799,0.2379268771765895,0.3864719396912366
0.367953128837202,0.3818287469542988,0.5670516001192928
0.2282446438830754,0.1981969528538949,0.3647172436600169
0.2515106386037183,0.2294951344314804,0.3160954247680779
0.3313124368771624,0.361063351198827,0.4486647181919108
0.4357046518811076,0.4262763088892444,0.6359579103038933
0.1619004293058239,0.1238884029187845,0.155788934461502
0.3862392275374077,0.3734219203788133,0.5410405576775152
0.2864740748864552,0.2454061982109418,0.4326540211489004
0.4141036998485732,0.4144390033436042,0.6302766452185832
0.3555876711323433,0.2687788728155734,0.4416641754113357
0.3427852318767302,0.3679262809859681,0.4971491778337251
0.2434476115444044,0.2051567685774871,0.3551785822328311
0.303494523781565,0.3313937114913599,0.4879478436762692
0.3322708204098614,0.3317571228159448,0.4189556906421484
0.3064378889647497,0.2977512018778127,0.4456103832784545
0.3084441720624727,0.3203023296689259,0.5294286282312035
0.3681216306998257,0.390887362667412,0.5456571150016669
0.1599647513114131,0.1632991078424523,0.2674020780461162
0.2346150688587826,0.1901591799734756,0.348277961358883
0.1018167398932271,0.0885664213917223,0.0999264064135872
0.3881674198093989,0.3906962171688048,0.5852295584871807
0.3045462930268126,0.3319879472893691,0.4717316166518769
0.3571553064444609,0.3753419751704553,0.4569594010606094
0.3704590352614393,0.3736165926175459,0.5488216364897709
0.4459916553489548,0.4513746243503965,0.6424153870508611
0.2446778587656671,0.2670702102821837,0.3569146241254736
0.173760076079403,0.1802347317619112,0.3776681982919707
0.200780065612375,0.169794011355096,0.3270711107791031
0.2365154070843189,0.2165484859662616,0.3847934558423959
0.1404341939718257,0.1135768805848433,0.2032061863352421
0.2170253626662315,0.154713793503673,0.2848387192288371
0.2239491498801801,0.2561598628213493,0.2886369887946289
0.2699185492065834,0.2838785042700359,0.4585660672177196
0.2627243357250514,0.2440063617856799,0.3978199418564694
0.2388988672219407,0.2261132238671059,0.3471355707051647
0.3248662448655351,0.3456339723830024,0.4958280724489218
0.2905992805994223,0.2919477543460607,0.3736589741169068
0.3309781843627911,0.3448972394750236,0.4882341213936731
0.264147851785574,0.3025171536898642,0.4696639036658847
0.3302754050857339,0.3522971065706831,0.5182410367999997
0.2528534758998204,0.2512443269478924,0.3611022754536108
0.2207296023581413,0.2134795470244258,0.3303172019587467
0.4231405245145632,0.4715797811470895,0.6723135883334554
0.3034071097758485,0.236313568418884,0.3353557884391523
0.2884220617507855,0.3123984525617015,0.4507326367934964
0.3898320121541069,0.4172715978095432,0.5401233536525675
0.3111045315601162,0.33633475637011,0.5273906854259259
0.2438936633999939,0.1945740527016957,0.3745121194478926
0.3970424550419061,0.4201832084907946,0.6509130469079243
0.3658600319182021,0.3121062150886299,0.558134353609586
0.3442967639029471,0.3828776199388817,0.5490289103408216
0.2525422028929681,0.2263210880079919,0.3456136762055163
0.3597918282565411,0.3523771051778602,0.5024593611751259
0.3810113332902125,0.392089850270173,0.5411712542258311
0.3635972660326108,0.3821723957716175,0.5248284620752751
0.4622289017746827,0.4877316866880145,0.7089160901258108
0.2378932157088185,0.2383853682741419,0.403292679837091
0.3604316149609263,0.3677989877365611,0.5092852431281965
0.4565273362301172,0.4915624636315382,0.6990421578334375
0.3726998936931165,0.3873123900887775,0.6172152566269299
0.2632168443991408,0.2791345950917275,0.4207467548999967
0.3288104457770128,0.327162311212705,0.4655471687655863
0.2467611392445215,0.2157971509524667,0.3562616983883455
0.3486801192658443,0.3821848334390404,0.686702864538925
0.3454057223244552,0.3612609260365733,0.487348378702412
0.4234349186738831,0.4844006397959399,0.7620711202098276
0.3270262414987772,0.3436640438235147,0.5516028045710731
0.3814327339223416,0.4363964732098486,0.6243205226731721
0.2204448974871401,0.182140995388459,0.2970257380851114
0.2811946285908719,0.2468365712906529,0.3723384359011703
0.4036934649331809,0.3808222974098106,0.5838518736179589
0.207694635037148,0.1888370209650348,0.3091074294052383
0.348043769291774,0.3788523578117261,0.4892862397556219
0.2919205132945554,0.3237091768369719,0.4301090101323609
0.3155113467404429,0.3255324907555453,0.4982973058284085
0.2389481172916339,0.2619305633172384,0.3084216849549596
0.2405346276519308,0.2178609244240432,0.3707791483154536
0.4685993355468863,0.4567876387061695,0.6267272055296419
0.3665548685856644,0.3557240948985772,0.5402051289922829
0.1228694702398605,0.1114498774541951,0.1423341734457557
0.4537726906199845,0.4624857225794584,0.7281433283765553
0.167214748814216,0.1715032821044288,0.3087948510900052
0.2860333656039477,0.275512444044511,0.4353982277605898
0.3680365630666903,0.4086763324519894,0.582272695777188
0.1592841360185126,0.1381853329406332,0.2085669468440938
0.4080297833293191,0.4402132270209155,0.6393408858608205
0.2134570830235546,0.1891377795770286,0.2599932964600435
0.1155714589796624,0.1154484059455302,0.2200020745778825
0.3582359903199166,0.3842116399007142,0.5233727103318654
0.2434992750655427,0.2015847380002482,0.352942827621056
0.1570949889510393,0.1648234264323106,0.2633854286164171
0.2416401769963177,0.2574636393651905,0.3983126306113455
0.3338990415125947,0.3606975409844267,0.4925847538387539
0.3385297464635521,0.3772652209602285,0.5003054349444983
0.3614948450204219,0.3766499087484899,0.5288239749696275
0.2541252796473971,0.2537866987180802,0.3995166282702555
0.3148772146096843,0.3561647306694174,0.4990341920148011
0.3295169792346012,0.3460386064375996,0.5121871975877836
0.4073656031921459,0.4015305771407441,0.5842956728712032
0.3926107008713585,0.4403705799666961,0.6119339968139311
0.3372612900267141,0.3438980548596442,0.6698183427023834
0.324206205461709,0.3407982330173614,0.4992733164202386
0.4112814550468745,0.4144545036189844,0.5952039170350742
0.2736222415772238,0.2485313160276406,0.3801390036733787
0.2190324261292484,0.1856417651802702,0.3547969387299939
0.1583281111856941,0.1591457939464645,0.2712688830866755
0.3288886869389746,0.3223431604937933,0.4774271589430744
0.4107150614793785,0.4357787442279441,0.7557742462106256
0.3121539024802562,0.3305241694569999,0.4271314768425118
0.3007422250451388,0.2973648947029073,0.4979853491765781
0.3360959116156112,0.3131714396702154,0.5887244477051525
0.2086230673663232,0.2054796558945212,0.3076617005050173
0.3244029100307997,0.3398579984729331,0.4631771959720098
0.2530895848573997,0.2881811778528747,0.3940468016817832
0.2878477976317956,0.2967009534618858,0.4364651536522047
0.2507428089138085,0.2081358806071297,0.3407629938335756
0.3291167665240492,0.379704134589514,0.5403846351904257
0.2925298776396136,0.2704769895209745,0.4417955150814829
0.2563354197896739,0.2536753100863544,0.3005514753033864
0.1637820819901382,0.1613029045686728,0.2834433516350164
0.2059961082683449,0.1980205287154708,0.3267420591412091
0.214853474507766,0.2109737691793049,0.314562357303401
0.2421269906124819,0.2138370396175065,0.279890054794946
0.1329638920945649,0.1526090248898394,0.2539182196400182
0.2305809063218225,0.205769738926997,0.2624921675295387
0.2072219265628518,0.1676308831166347,0.2788609057168129
0.2930438986299241,0.3195234717290171,0.4178919085086078
0.3437130597296124,0.3207284498722269,0.4888871905304965
0.3169828691625117,0.2865990092849264,0.4370820531482701
0.4382246088387644,0.4536911545432632,0.6620804356321925
0.3657504232706128,0.3950578444160305,0.5432810266994703
0.4995174649326599,0.4848968936610771,0.6533096871864796
0.3670713935331888,0.3811668164164867,0.5337180058260016
0.4011695042562976,0.3814650095321867,0.5022859881999424
0.2690345629203505,0.2792655544394828,0.4360297582828463
0.2819026590391684,0.3066144812508088,0.4042255235045226
0.2425388318566721,0.2555910717929757,0.3494264241044179
0.2138540600885906,0.2024010125603013,0.2911410359227048
0.2120637337443541,0.2289630096753382,0.2700932608143341
0.418319159495359,0.4485436855930441,0.6036110676578498
0.2689722423613426,0.2227511746487801,0.3803262309277042
0.4012575632574503,0.4218198019924828,0.5912251440924249
0.3127409277018838,0.2571103794569128,0.4367797124003956
0.2856080276871611,0.2542146238046683,0.3384144759200829
0.2739755172854008,0.2410011127050838,0.4003289301843176
0.2289025898932398,0.1876649214988087,0.3309158359050174
0.2035987818527735,0.1904425422070475,0.2494759448624094
0.338175685335487,0.3743981698607789,0.6080463148424735
0.1882009024712004,0.1456019468505365,0.2466395684058565
0.3836792587744647,0.4163480036732566,0.6122533718424797
0.3540544987327823,0.3211697695413988,0.5204154539459349
0.4788541256324722,0.5147145662345123,0.7267328990651677
0.290399547302872,0.3215535223672168,0.3904447517933953
0.182357815339035,0.1516871001658817,0.2716850261601005
0.4293452326089207,0.4316336005277339,0.6582381786066098
0.4040156048824497,0.4206777736543104,0.6423889964072935
0.1469545693712162,0.1233955521628192,0.2141609938012141
0.3110541167409719,0.3399180156174351,0.4655753602543589
0.3396350191708057,0.3360850346557432,0.471915088780854
0.1548053395289038,0.1244215189048597,0.1885292360025391
0.2256397363399456,0.176580038117862,0.2969671802588174
0.2355978066549127,0.2607397866043705,0.3406486898122429
0.259855788174244,0.2234674427351742,0.3802752997859537
0.1795095148323191,0.1429838124119477,0.2342372063329487
0.275111903206768,0.2792278069928227,0.4467490458547062
0.3372363240208253,0.3645996160678501,0.5767326301673336
0.2605659459583088,0.2085587290820719,0.3775512759073852
0.1908025328792477,0.2027061717979776,0.2926047352980131
0.3569198895580329,0.3741804534877816,0.5807828413159455
0.3880135305448822,0.4142102818985804,0.5339840431895078
0.3812869479416642,0.4101352765392144,0.5684788438834766
0.250144408538422,0.2593813660152247,0.4630426709773373
0.2087268838659549,0.2285846929883085,0.306633410747351
0.3101492799154137,0.3202768413941723,0.4504250997285304
0.3605443125910605,0.3805353303033414,0.5363620952826236
0.227252962997198,0.2136002796927579,0.3199405176692181
0.2823497852728763,0.2769890486564871,0.4511941583766532
0.1907103738054998,0.2049305220357572,0.3076522715565277
0.3346553326481581,0.3485290413383933,0.5101623481098655
0.3561628693069052,0.3391815033994101,0.4833863180944768
0.3861316047250391,0.3782609555912731,0.5711618798234351
0.3005292395794898,0.3057389929812469,0.4443141645429447
0.238073217450275,0.225858649548998,0.398486535195999
0.3987691589559118,0.4372206157318623,0.637959518039093
0.2426771947199836,0.2639527674611745,0.3812572159381717
0.4583725161599671,0.4684894544492208,0.6379286873220152
0.3461890082125919,0.3536077721437785,0.5228712243715956
0.2492105199246951,0.2055588393106016,0.3403484754022591
0.2699852236897272,0.2766663842750161,0.3992915579772014
0.26352735847298,0.2963659176390288,0.3746030822547923
0.3497006440204414,0.3636417300099382,0.5073431808934944
0.1655171252017045,0.1671385490580289,0.2785673946296081
0.3713103743591817,0.3521087179698579,0.4910046814337387
0.3691686448728246,0.386410630259457,0.5059995932508005
0.2224518239333574,0.1951530847969441,0.2858766308544919
0.2911259184134804,0.3329802252711397,0.4266394585950005
0.3510375107747245,0.3988283209624466,0.5784047736830868
0.3725245901292678,0.3711025014524294,0.6202147540314077
0.2665573210321935,0.2416678492291996,0.3623104599789727
0.1967447540742854,0.1691732846542782,0.2700980056985391
0.3167110495547528,0.3439263684563313,0.5076725741425103
0.2330292132045219,0.2428943123446896,0.3226939429051911
0.2432763845775645,0.2397572246166775,0.3929534360218732
0.2157224012239357,0.1903990739373524,0.2674054173040728
0.1777210913717121,0.1898429926981786,0.2350079718170485
0.2502401183078462,0.2537905064109485,0.3194993561148991
0.3515136409357433,0.3255537318580496,0.4651209266127499
0.1263590967894827,0.1242290641826152,0.2055822320486528
0.278382724856457,0.3200855369093546,0.4589805016986643
0.2691827443685405,0.250561194986834,0.35841499237415
0.3377558658965745,0.3322502137423961,0.526947381475899
0.2923310542946603,0.2886673238207636,0.3659348696533535
0.5107525722808063,0.5420150299930205,0.8179238975806248
0.3066116271441239,0.3450780845098982,0.4692411540723141
0.3377683085914609,0.371729793752302,0.5094916464842206
0.3346562203895151,0.3225176466804246,0.5468227158863698
0.1591172992815958,0.1383817414974175,0.2551794150588738
0.3566248507704539,0.3530462923616989,0.5444790020094405
0.1996136304282408,0.2165444076985835,0.3443249122919166
0.2148744138084977,0.2163843542391252,0.3015440471052527
0.2487507815895542,0.2265980386878208,0.3168496965226461
0.1634205838298719,0.1509768087617328,0.2674202987712183
0.292778347796208,0.3374069997792498,0.4484407859222978
0.2083281261966238,0.1661355997149117,0.3205923044263458
0.2538051670882631,0.246700633502668,0.383392352757539
0.3148086078352213,0.3380193522372411,0.4972217393242849
0.3843185943730788,0.4178995341367865,0.5704864065483286
0.4727575911825039,0.4329975773893677,0.6461304011926269
0.2005029098604411,0.2084986154716528,0.3050174611597197
0.4088079069222151,0.433890898332984,0.6322210563481279
0.3485440359116082,0.3538038331969138,0.5482625930850521
0.1638557052891696,0.1584361136463029,0.2208652344912247
0.1252535969876447,0.1291910735450637,0.1663784866973422
0.2607574027668711,0.2430011405181174,0.3869033799451897
0.2963465768402801,0.2557545113971604,0.4368587861809437
0.3604983657342329,0.409401220795429,0.5720190473405541
0.1429541000593711,0.1438835831979397,0.226692790977901
0.301970412919496,0.2726171256614901,0.3662086718911144
0.2848196414049926,0.3167433380653081,0.4748980295045807
0.3065783966816262,0.3587132677503516,0.5465547930500279
0.3022207901885559,0.3288034899378066,0.4884821168813483
0.2837965238440417,0.2831486307326631,0.4726113510398719
0.1807517966059081,0.1913454042187749,0.2698343889152583
0.3207349425258359,0.3242574303114359,0.5189262803538203
0.1514034648379479,0.1512287552170422,0.2000130143807402
0.3282390095668225,0.3381945061294116,0.4703681336525547
0.2682669593633335,0.2453705109980404,0.3574955068528184
0.1680901463585211,0.1308523867318483,0.2242428934957529
0.219253384971776,0.2166965663988429,0.3534292637526384
0.2578741564416479,0.2431104685819518,0.3904566769955065
0.4071223855784447,0.4545624716571899,0.6646036354529158
0.2925532079387361,0.2747352900884274,0.3969063338996702
0.1845003197368435,0.1774344094404833,0.3082151328577573
0.3162148276962818,0.3305471209769395,0.5276805673564136
0.2607817087484441,0.290964496831479,0.4030568704670657
0.3129264387371846,0.2796896727152231,0.4130555059368224
0.1933313879180567,0.1967519014131903,0.2803295194372781
0.2047469985662134,0.1931969305679906,0.3263319064717751
0.2434739243589935,0.2550642952644796,0.3690055366078071
0.328443626235132,0.296604738082328,0.4760635999683681
0.173491193296329,0.1609178309798402,0.2484830233838362
0.2926488516496223,0.3103310505417562,0.5240104065523948
0.2086038234813557,0.1985032508922945,0.3115245219845957
0.3069783879986136,0.3485106843934301,0.4532458860462626
0.2435089134085778,0.1812160734222123,0.3500492033381635
0.2195892853850207,0.1849224209322668,0.3115066708992924
0.4082160808219661,0.39674495733757,0.569667004290719
0.3595841326445624,0.3784991779034502,0.5332775392902573
0.2156842876712086,0.2312267280377354,0.3261696280496844
0.2909833367461464,0.309223536832759,0.4390147747867696
0.4242142138092684,0.4233487450483065,0.6041566149638878
0.3010558240124831,0.3171739465878825,0.4878399783379394
0.2900239889459297,0.3234993451754319,0.459676046408437
0.3901045911995912,0.4060654940721352,0.5255264628220302
0.2893126049671625,0.2815160475128087,0.3447306238557638
0.2278357086668348,0.2335510367979038,0.3451679647918981
0.1926090736552185,0.18181328140839,0.2999573179042354
0.3239589309175446,0.3042004823129441,0.5067192383419328
0.3092221098846637,0.3277739915347825,0.4962083153207264
0.1584363186334367,0.1342439280854269,0.2010874024681031
0.2342907519639686,0.2729323878302745,0.3622914114741986
0.2823481314911867,0.2346946587597528,0.4087449214746005
0.364143095228571,0.3700319905687618,0.5243621123921113
0.4287250992951101,0.4214304539142458,0.6347246737097485
0.337555094295058,0.3674914947549744,0.4964857022061302
0.2878942141504603,0.3270367893463651,0.4495273562979579
0.1633129667266459,0.1667820316932472,0.2458311035538656
0.1816578671140011,0.1846884816022576,0.2898989305985283
0.2479788610251434,0.2322263232718158,0.3909397621449125
0.4053196714587471,0.4358619567798804,0.5855078612393533
0.2979972339979272,0.3431611270694472,0.4480141098506546
0.265881281094752,0.2272499962793258,0.2993118374794085
0.1265001626743636,0.1332044134500934,0.1539968478109533
0.3516933960700659,0.2926797086503366,0.4905735621863066
0.3010840806213271,0.326068309949712,0.4793358528381008
0.2363172998419437,0.2346572373971736,0.3212699299920881
0.2243948424003557,0.213006043655331,0.3643138369306079
0.3198983180166411,0.3031289824928394,0.4640222673257216
0.2888121146247768,0.2996139657295215,0.3981285672779615
0.4429697933970742,0.4919045056693843,0.7493761482553336
0.1688052830315838,0.1577976318477438,0.2313378579462469
0.3168179969787294,0.304851308826296,0.5303070368321716
0.2526237427673883,0.2662702699089538,0.3735582813365329
0.3749021855693212,0.4111861091436196,0.5663303635687768
0.2499918847734185,0.2377359244988258,0.4053921705426238
0.2454281672674773,0.2208342686978202,0.3829694907496665
0.1384875108806397,0.10561956042403,0.125274338215861
0.5508890857694964,0.5508954674233016,0.8261741536831675
0.2228133476686887,0.2513257381081849,0.392119062200797
0.2467804414886664,0.2348234962541163,0.418790251694846
0.3258478065783658,0.3724037198709391,0.4862977551917785
0.2621065622899612,0.298142694656666,0.4685044573441902
0.4126705791846115,0.3864915575164103,0.5892384721445346
0.2573922042935629,0.2581127479715659,0.3510740901826896
0.2972413824880193,0.304648878783463,0.4565601719167455
0.2590060364048978,0.299705520033616,0.4488844001118084
0.1537934248345931,0.1588900444056806,0.2317655531004237
0.2780558719918545,0.2405653855763443,0.367662936077841
0.264529833085212,0.2415463088108627,0.4083816238293024
0.3794372038895748,0.413744473956647,0.5690641012643082
0.2556202111084661,0.2607608326486728,0.4176831586540263
0.180754123640548,0.1273506578105431,0.2235722931887781
0.1085463419850386,0.0863075043832526,0.1333757962906563
0.2051528739416444,0.2101362865234282,0.2891385061601791
0.25792466421324,0.2330416110691408,0.4231090047036875
0.1725338213186955,0.1440078595069445,0.2696992734368757
0.1885355517701325,0.1656219805050248,0.3184930238767924
0.30073875901912,0.3459237639529074,0.454841432169603
0.2643243218252786,0.2693076067159093,0.5257016154613379
0.3225050477990767,0.3449815738272687,0.5948146538255527
0.3091390534950403,0.359390180683082,0.4957363476699091
0.3241490854780539,0.3497434374749096,0.5232888036592425
0.3021381003584713,0.2973374041481554,0.4950847792713597
0.3288979245705374,0.3306519239046449,0.4454402515958089
0.3902115266022762,0.3960756548270222,0.6443164526988898
0.2004148781521036,0.1958710679140409,0.2861350221083407
0.2479967324114663,0.1911381148725904,0.2666487146812251
0.306491527196452,0.3197757662535963,0.4791638691448922
0.2939015005508376,0.2765278235784776,0.4739818467198901
0.1760450770015981,0.1569691264638116,0.2532220148440864
0.3247858179775507,0.3041771546471657,0.4537154419023932
0.333085452629584,0.3487467377520574,0.5376994628017581
0.203289092285087,0.1687482706781482,0.275321683426341
0.3337296548714293,0.3478327723821783,0.4419920958599631
0.1665620354221801,0.1818608174558289,0.2048136841263209
0.2579233071360223,0.2422667255108465,0.3732561893826087
0.3329524564101995,0.3050172693476637,0.5086613841045052
0.395354589433874,0.3605191824874674,0.5652260257140524
0.1433663038304171,0.1322708615604243,0.218464413323062
0.3336880874852463,0.3616793927219277,0.5703524505766908
0.3341503148285428,0.3003013715109256,0.4951641476801574
0.3585619342419448,0.3199983154885655,0.5105112398161263
0.2960857730096898,0.2335878463858177,0.3804556810064922
0.2959879856329394,0.3062573705069208,0.4358572714456065
0.3550946927697686,0.4002237567517408,0.6195151359022766
0.1365383057502965,0.1207030835532373,0.2165153398193681
0.3364716924067629,0.3934517765661639,0.5647519337270244
0.2276643683948601,0.2429220021115366,0.3759038000474232
0.259754951856263,0.2361155220304027,0.4056913934424457
0.3539784458639942,0.3332184799708144,0.4901175773290773
0.3132518502016488,0.2833529758652582,0.4819743053751525
0.3260531505530574,0.3223175155386848,0.5000121851383572
0.3117788468240974,0.364157073870841,0.5053743401833234
0.3427702546419423,0.373496509942582,0.5281736868430061
0.277264878977446,0.3269789153012704,0.4231097068436886
0.267503940674496,0.2930516005140993,0.4605242640638327
0.1726014790606468,0.1423074523758156,0.243447503071232
0.2427791737561063,0.2580674935547657,0.4201480693564359
0.2257347183980211,0.2297618449720222,0.3913511792737608
0.2531805354312636,0.2192288929461168,0.4541222865388449
0.1796252357015815,0.1736869549967564,0.2595886480325599
0.2751795740110022,0.3173428840271058,0.401052873403204
0.4542465067121892,0.48637151887816,0.7364774272315812
0.2388972345692608,0.2502914146928388,0.3384901026993783
0.2963881129868361,0.2899808125556565,0.4557057544115451
0.3106151679754921,0.3583400590539611,0.5016092337243158
0.1221527370931404,0.1145198309860549,0.2114125883358064
0.3922337381778799,0.4415464477081798,0.624771109219035
0.1567513186792925,0.1440876843542367,0.2415320407552046
0.2815905480068045,0.2666145501785777,0.413293393327867
0.3113701013636732,0.339525596627838,0.5059674333549538
0.1895903511502809,0.2134185641612094,0.2584338747358389
0.2696386283068747,0.2808314730009152,0.3843934005370318
0.2591869725493511,0.2846159769647154,0.3989034253407903
0.3183417723089026,0.3369398403655385,0.4741689432016847
0.2940685977550353,0.3261844082277745,0.4645504593335275
0.2427618219133822,0.2342286192731668,0.4216703599947753
0.4141406257176114,0.460841746134714,0.6942999997751922
0.3270370176444422,0.3544178634292086,0.5289311666837658
0.3183487517303167,0.3302179873806307,0.5315136711929735
0.2957800389341199,0.2421741494623417,0.4202289540477492
0.3627400096662606,0.3927165364922895,0.5380817657938844
0.4053109903081933,0.3457221974727066,0.6129774724811986
0.3234096072886354,0.3363877006438917,0.464095101255387
0.2018993446947822,0.1961006744112839,0.311890149325584
0.2988237886243594,0.2864453693225139,0.4043731773488117
0.3020849211115488,0.3357402040297961,0.4419614431486949
0.3652486732020754,0.3329994408898283,0.5263207206537844
0.3287067286669705,0.3296583854489035,0.4894603361793267
0.3299254306920478,0.3076480673419218,0.5466036763919712
0.2942458066702141,0.301108403718196,0.5289846276015547
0.4160075551318337,0.4252151559627118,0.6407809799367192
0.2413176838959797,0.258145549364441,0.3368130308601105
0.4307476987239236,0.41779647969412,0.5888424841599443
0.2421216222815141,0.2115760439557522,0.3086480575563438
0.2263869413621223,0.2625336536133903,0.2949898928707878
0.2867777775925814,0.2982957723899556,0.4419591389084875
0.4258744540646286,0.4478439652643143,0.6115778788905271
0.2520537372651238,0.2945554907982533,0.3634810686005287
0.3427630527759089,0.3906163312345997,0.587643231537733
0.3063962639458645,0.250393804960781,0.4655988904090652
0.295113253886787,0.2695354715099541,0.4393346493330391
0.1964648748286293,0.224008568370327,0.321242812981886
0.2913380408075192,0.2765780362413969,0.4399468208467386
0.3576036144914997,0.3797397739584883,0.5395387869274605
0.3658150297166904,0.3720460818510572,0.5461105452446405
0.2652153133929106,0.2494865869007698,0.3933349008626332
0.3529714084971116,0.3739982049597092,0.5065672641155392
0.2889447531509256,0.2812820610230234,0.3781068850114285
0.211695001424093,0.2090498257964938,0.3188967492441273
0.2583570710607675,0.2650161324172554,0.3364922527105921
0.2781369133713253,0.2937140236857953,0.3836087753540313
0.2766883743190899,0.299383333690206,0.4398161152389614
0.2595853169316682,0.2882643750150676,0.4159990566511141
0.3255086929240103,0.3302619812457413,0.4948358524820375
0.2661341700259608,0.2761075271513041,0.4289468384416676
0.286261185256242,0.2623278420585991,0.4236028964462967
0.3255449785152421,0.2940682157212565,0.4376341923706672
0.1704382326499259,0.1692464863313822,0.2433261456116024
0.2919999834315965,0.3209421196217339,0.3982513034345029
0.3375309229849851,0.377512236963668,0.5240444754582756
0.3302343892295325,0.3501393765543227,0.4629740666147314
0.1940086009470514,0.1742563244771206,0.3460058245572827
0.2195434875903397,0.1681730639717109,0.303457364996704
0.2895439038602629,0.2746541011707255,0.5275082793609345
0.4052566368705734,0.4332588071824652,0.5622352620984721
0.300497452077074,0.3120801506129251,0.4642830476582127
0.2727620868472947,0.2769868433463673,0.4367520373234153
0.2536381654987869,0.2618164613045578,0.4080728778977627
0.4733772621693324,0.4953835940040386,0.6967812188166908
0.1703235215602218,0.165175792438415,0.1977626401219147
0.4326680974375363,0.3969795274088805,0.6199310333083189
0.259818285244401,0.2957630257967427,0.4343496581519223
0.3510114683386525,0.3486861939055989,0.5111916842934892
0.436382542924326,0.4325613102735461,0.6339096628279296
0.3023846170400572,0.2351378889462393,0.3421313188808444
0.3494432260730634,0.3491383084199768,0.4912504360100599
0.3211808369167628,0.34180134592294,0.565762589212515
0.3523904590906175,0.3789752237653583,0.5666354822191522
0.2658722526388879,0.2862841082691845,0.4304939270442387
0.27831081225483,0.2223641410722038,0.3874591457540459
0.3411016204339432,0.3815243852980272,0.5379144709905987
0.2905228616294277,0.3085516599186146,0.4620370896819009
0.2808176598185025,0.2625182578261398,0.4649079309032564
0.3083584177822832,0.2764842755474122,0.4712983103934923
0.2273270971846499,0.1692322579065627,0.3300804673079263
0.4419261002277079,0.4453520818720478,0.6820854267420267
0.3240300213432022,0.365073506211472,0.470079290287855
0.2080115600665221,0.2089557346174272,0.3565539810923415
0.2536562981775985,0.2861638323372171,0.4005749998991783
0.2465950426654158,0.2459725368031112,0.344042659310437
0.4161037392942529,0.3791142810367039,0.6330070541513044
0.3637557757850658,0.3558531791759879,0.4849510934529316
0.1963141451866856,0.1535640697677014,0.2692771085688538
0.2531221055772193,0.2256579962834868,0.3264580798685846
0.1915114465615122,0.1699276215894415,0.3076606459562352
0.2384318363123718,0.2041329340021126,0.308790406432722
0.274308892007841,0.2711086443244281,0.452795401162984
0.3986163201376523,0.3872318348423394,0.5607844306585769
0.2491798273926896,0.2248663230901127,0.3851817865484554
0.2638166043109293,0.2534585892797838,0.4317242867699338
0.2299733880017849,0.1690094139975448,0.2630921406071827
0.406609144910639,0.3900567797409044,0.6088329736168695
0.2478512002505086,0.2389940134515807,0.4220682494801909
0.1826016873724747,0.1865642879643987,0.3263406924926327
0.2994465951893355,0.2799207958777516,0.4175947487216514
0.4696444551826922,0.4961972544191825,0.6918194192158081
0.1815463689141001,0.1540583059679633,0.2871440274332354
0.3683028405262234,0.3834987875078123,0.5015887216764439
0.3150361268855238,0.3124261018830455,0.475228830624718
0.3177417952685907,0.3469311509493265,0.4737642282956855
0.1153450991602068,0.0932601364706804,0.1537226305863413
0.2150094110083219,0.2005354503575739,0.3486568785881684
0.1757072922442646,0.1525547340924032,0.2775860834564962
0.2754942164436304,0.2540547197615225,0.4712580323951068
0.404495549015933,0.3965914372663947,0.546823887394115
0.4046687962903646,0.4210634710416164,0.6309044551254606
0.3131515939856667,0.2861059375690211,0.4890947381762336
0.1590876395698163,0.1722216645765913,0.2536000155034126
0.3757609212392409,0.4301780070929094,0.6063006991945624
0.2692051214238082,0.2738235428450237,0.4575749706729405
0.361556306358438,0.4099065194625412,0.5964626183960071
0.2426825581528081,0.2495343119622297,0.4060213587920112
0.2959981521909541,0.2614366534654637,0.4015220075524489
0.3714314398893215,0.3219355654727847,0.5126206347394264
0.1458326582689569,0.1405761193759037,0.2364645686261936
0.3754816077835337,0.3860346429025284,0.5239300755083439
0.252208136046039,0.2581018047140219,0.399188422733998
0.3755790046660395,0.3041420926037393,0.5181745723471106
0.2734455260377384,0.2809774653931141,0.3957731502196044
0.3552926694498731,0.3730557147453748,0.4913736216531267
0.214998539969694,0.1735915229907671,0.3112838317261264
0.2400018361128478,0.2171775635599479,0.3646816747205278
0.2270147822015267,0.2474850615202423,0.3588192868157341
0.1936436605719065,0.172817135923228,0.2627115519649499
0.1826387340110563,0.1679001261018483,0.344114298711352
0.184981877547779,0.1293839866859895,0.2271759338497137
0.4117676007907867,0.4352485054104471,0.6976540876152827
0.2417120663294443,0.2661978994853251,0.3308201916356562
0.2453834031911862,0.2240841194794059,0.3725047984319286
0.3263936769882679,0.3117927298145742,0.5331622372468169
0.4784821348283833,0.5186498044969112,0.7686289071196793
0.1315529076008944,0.1424901034839182,0.2371632608658162
0.1510576011866629,0.1282967335187393,0.1751336668669128
0.2645322630295161,0.2841479845748727,0.3968055280095973
0.3195804340290391,0.3623544372538422,0.5199843676864385
0.462298371269147,0.5089899139127746,0.7545645539323366
0.2854764175733528,0.2513102556732672,0.413979792045542
0.3734027271153212,0.4174549751527523,0.586941361218647
0.3120639172097421,0.3689828538598368,0.5182531660909931
0.3045553877124632,0.2677802437094488,0.4119508262969479
0.2372101348445194,0.2153914774525033,0.3523270978038983
0.3675093081150902,0.3778218067725498,0.5206715946345926
0.3334724001391738,0.3113782078616954,0.4855554688442127
0.2474242838332233,0.2701320015875301,0.3247702199472227
0.3260357743886638,0.3327505879067749,0.4930812505337044
0.2829368768520383,0.2655286271768123,0.4535480495275835
0.1327669792667319,0.1091651657801811,0.2057741837071279
0.2934821135171432,0.2903469699890409,0.5107562750328715
0.2114412116766253,0.1828437956316321,0.2898798574172266
0.2424768833241353,0.2366395747466437,0.302991863767869
0.3129884083890035,0.2954266382149454,0.4670986382123014
0.4816925101796538,0.4954591127495554,0.6980461752862964
0.2324458429823141,0.2559955088977798,0.3597779894006993
0.1200244425225449,0.0898161154410993,0.1340036079407917
0.3312774207867259,0.3753336705883042,0.5470382417080348
0.4054392634651182,0.3912955335551915,0.5252743418219082
0.2539620060457762,0.1784177061242501,0.2709519923586267
0.3245083443893578,0.3802005272460527,0.5308023946611453
0.326008039515,0.3594006666146411,0.5320140259413374
0.3409462413382098,0.3252889596363521,0.529047648519517
0.3517210479101214,0.3813643893554319,0.6693193474132442
0.3097013617498108,0.3541924137293937,0.5168122468323171
0.3323412580640062,0.3224426199157957,0.5222004635781226
0.3386949362428618,0.2908751355094686,0.440667954808181
0.1620090672174962,0.1642957230582165,0.3107045480824351
0.2939474458998389,0.2513370511510173,0.4291318953262426
0.2377929728318087,0.2577836448877015,0.3960767442377007
0.3392660177605661,0.3713548972808199,0.5417069089919373
0.1273658950006226,0.1033282983038689,0.1745875237152965
0.3228667442927075,0.3467108301455178,0.5010680046875866
0.2992253464392236,0.3184128569102373,0.4946209773360472
0.2611881523715722,0.2236219307690263,0.3718520755792164
0.3245254151921284,0.3462650486369401,0.52031409489261
0.2583175699695572,0.2451411536503444,0.4494421208686428
0.1423286112502502,0.1290156035552932,0.2324280610096958
0.3990510156923419,0.456592302075852,0.72097356800069
0.3335777521293028,0.3545880424969559,0.5920581394471033
0.3824396824279932,0.3184562598454319,0.5423697093714915
0.3862953922806541,0.3724057217561626,0.6587657963100537
0.2462253111017183,0.2496878190396995,0.3982880431215307
0.2765000064282902,0.271502037018285,0.4951705077903785
0.1964496286937036,0.1786826673519396,0.2100313783708488
0.2423660316175067,0.279206248131188,0.3577434980995448
0.2834763621093077,0.3191601034361958,0.453287828872215
0.2579620268693613,0.2610354452434215,0.4064524305671204
0.3269864509072149,0.3567015481388503,0.5340926379682963
0.3083618962168268,0.3158381474176884,0.4358157213709418
0.3877542290928406,0.4338467126290254,0.6089496119299415
0.2740610770617678,0.3190762104160213,0.4306910636850715
0.1619610580813832,0.124313365461211,0.1871524888022791
0.3405751677572328,0.3487823363736734,0.5476852273169647
0.3722355141286007,0.41348959858073,0.6255479071838462
0.1713722768683444,0.1436043298895099,0.2269257556857941
0.1908765229089951,0.2007597077314999,0.2762233324787684
0.3751996322230022,0.2922830837122768,0.516299747483468
0.2805957056247818,0.3110065944824794,0.4481784265326831
0.2411234495314536,0.22909653600704,0.3646604679803591
0.3625430232976775,0.3669171833842473,0.4993883919680562
0.2652749910787041,0.2792304747504491,0.4203259664624962
0.3038152468528649,0.2925134834382911,0.4525259357960819
0.194775432908762,0.1444090275384518,0.2318208357441621
0.2208589922660352,0.2114721903841176,0.3508779209985843
0.2985889531189121,0.2957997780385683,0.4524343384950524
0.1095938909735255,0.0744960053698226,0.1010463697337511
0.3328161462476219,0.3397036383918688,0.4828898980991205
0.3509540863854096,0.3462555283090076,0.5732340758119733
0.1950126994708608,0.1964477533863181,0.2609120996829902
0.3035196226215288,0.3014059085195756,0.4053279137402645
0.2701625200499298,0.2661884447324699,0.4088351570396467
0.3606014543613021,0.4072232073911676,0.5685006853444284
0.370180762425966,0.4011250222860382,0.6107647842146385
0.0554571018989252,0.055134450692528,0.0537506466265462
0.3373265797705478,0.379970252331932,0.5459222037824181
0.4113452801265667,0.4489517324689331,0.6661891750488325
0.1022416896366152,0.085816369807161,0.1274470255728108
0.3404376884645824,0.3164080050275999,0.4539292588669559
0.4128377687248702,0.4680828591461982,0.6828983997644908
0.1427388562285333,0.132636257590544,0.2382451049470636
0.3310135806937871,0.3511173762886783,0.5351048459923434
0.2904428592217904,0.2864247279063185,0.3606439355955302
0.2263964433007178,0.2079469754437858,0.324757223341945
0.2028909667809033,0.1710345486313285,0.2840610473107194
0.2497272661623076,0.2202134823883643,0.3878523277801202
0.3146682444223756,0.2671417672875535,0.4962949964568234
0.1704617883562649,0.1813079562623402,0.2162568262679661
0.2703528346068986,0.2708286478348914,0.3695415734608004
0.2924687936352567,0.3174653102939987,0.5718347310138274
0.2558130463057751,0.2703217990743673,0.3773237979544512
0.3137152583519078,0.310329588646868,0.4736314797063123
0.273479273601185,0.3027897408656416,0.4114162284737051
0.4028384029568551,0.4267630872201902,0.6463539426113842
0.3636940630179018,0.3890345665983524,0.6036965277400279
0.2341916268904054,0.1939908820699923,0.3283143943208491
0.2204102302103646,0.2473774011696962,0.3269965140089083
0.2021492384057092,0.186028624037043,0.3003074344032985
0.28464401603362,0.2666345874964276,0.4715484242373128
0.3467754352153531,0.390498186065065,0.5530272476221364
0.3839184427242598,0.3975098972464838,0.5641638809260155
0.336203222069805,0.3524901670076785,0.5248775451125753
0.3243370502631909,0.3611675883650725,0.5173857972907149
0.1878760865793612,0.1782040838100324,0.3140980021917286
0.3229718838128583,0.3571467679238603,0.4917690247447394
0.4884654276749001,0.5073988310066598,0.7713808140236668
0.2493141781395965,0.2577580031459028,0.4312447322119004
0.3482496919307817,0.3775883019888008,0.5649373167606542
0.2034511893300663,0.1936327073884827,0.3170121296664965
0.3576419464623666,0.389092497776179,0.568565153531523
0.2562006323159425,0.291527700151065,0.3955768870384202
0.2749847113580683,0.3010306866703273,0.4264496850613693
0.212055319106876,0.2018518944367921,0.3483128277569534
0.3043303822624431,0.2837997289964459,0.472608372610192
0.2155955618541919,0.1789039552392565,0.2586424628306538
0.3142587437852915,0.2984939389713253,0.4934087652193709
0.1628574344610496,0.173184828153465,0.378712859423979
0.1546540406370663,0.140350193319941,0.2556877604771712
0.4314520002439615,0.4462127649657769,0.6798520279521234
0.1149444760422775,0.0718449858160374,0.1042570976949997
0.3029377954681717,0.2913993451960667,0.4237874145681489
0.3992385865385173,0.4388382397207993,0.6396013683765668
0.3375083716110709,0.2917293771467972,0.4293785287213135
0.1822222160522924,0.1891071671487856,0.3616347691062628
0.2586567269824801,0.2660499094520822,0.4089227402911013
0.3410116174194035,0.3426286787208965,0.5303852865662008
0.3566099815804753,0.3575006413461751,0.5471080999073312
0.3107181346816344,0.2941744100789456,0.4843496952436182
0.2740826435158081,0.304376656944308,0.3813171646564648
0.2427669071416673,0.2545888150425442,0.3743820526160373
0.2306800812429292,0.223877274085013,0.3138333955033887
0.3037295129906502,0.3109908364324747,0.4641665201909826
0.3234860686777035,0.3541789306049139,0.5173090128599996
0.4056485774901091,0.4646122523701337,0.7009274968930725
0.3370243262505996,0.3623237838482175,0.4860884487966997
0.1971282290823321,0.206351809317323,0.2519794148356751
0.3132551158957564,0.2944484470062686,0.4592161110962945
0.2618547379719643,0.2521370259229495,0.3934182587501338
0.2477110488699536,0.2680429675218468,0.3794795446371201
0.2137573859606315,0.22013176171919,0.3757891513518342
0.1490176510301226,0.1397651706038449,0.2523665719033978
0.3282660968351764,0.3435209421167972,0.5403328690862814
0.2488829686708467,0.2567487754704032,0.4092681449412899
0.2771103166301899,0.2654817557754637,0.4440698750215676
0.1799695367903566,0.1618012746116285,0.2287705039901127
0.4811395621530677,0.5193937562593612,0.83356899836048
0.2890685831399048,0.3181915969103975,0.5228830780362753
0.3120818420232738,0.3498520764046403,0.5360311312703203
0.3854429239091307,0.3663542821965224,0.5615333437398283
0.1727103085006425,0.1532757016161424,0.2450552619878793
0.2821660646652695,0.2821796901784828,0.4034739381527132
0.2602369442784866,0.2712321770993418,0.4131872909705296
0.266520830661896,0.2620339001617739,0.3847791436782658
0.2806392306876123,0.3057113377774122,0.4580092246988845
0.3085373863052897,0.3420123728237673,0.4802278679420098
0.2399513383415016,0.2444859436184749,0.3706670365696752
0.2285121876916386,0.1935181713411329,0.35947653025805
0.2108681842635046,0.2142709226852658,0.2710081926297721
0.2626417523532383,0.2872713032204625,0.4330482414367427
0.3002175812719683,0.2465096713359149,0.4644409980288875
0.2538937538266116,0.2751126110516226,0.3742231871030248
0.3063997761918246,0.2747449941174156,0.485028100035732
0.3164382082614102,0.3371561310499119,0.5925415098702628
0.1050195930147108,0.1001760174052904,0.1660504382380032
0.3709979071995328,0.4041059212473539,0.5716961893038811
0.3159016714790521,0.3659491318305239,0.513457735162202
0.2305325443236364,0.23617196103074,0.4403132259530209
0.3113925898894699,0.3121044328738591,0.4512474810357049
0.2049344936544889,0.1749029330572291,0.3157294764035833
0.2550885039838971,0.2849593825362221,0.3825738402162758
0.2900938333371005,0.2698071085604973,0.413176315433639
0.2675127089051375,0.275659643003125,0.4346053907433814
0.406251089418334,0.4394142744783852,0.6894655834647632
0.3474526452055392,0.3298202829711916,0.5072983785498805
0.2644325724797656,0.2412377546665052,0.436163557348246
0.3668193586398093,0.3753008858737475,0.5772699444113094
0.2877438432887784,0.2621134071331094,0.5224742205197515
0.2779267622379017,0.2657146665126332,0.4400680081711247
0.3121852564743286,0.2947381022863256,0.5179199165958795
0.2847692474613462,0.3052795083387105,0.4884621740987752
0.4117570199809095,0.4309152642422342,0.5738903635799472
0.2777406963124602,0.2656277724908438,0.4937776542480999
0.1960503781412698,0.1892206117341499,0.272707331633372
0.3069841963378297,0.3337082521853308,0.4436566401528904
0.1824781997096744,0.1733365019660722,0.2671852364069955
0.4229432439712569,0.4606590266995337,0.6667076816111087
0.3462080899881172,0.3609545716753635,0.5002372669346459
0.1972134061367906,0.2113373201409072,0.3129258579751741
0.2779693328516563,0.2991582995836861,0.4825454769599898
0.325717123224552,0.3542450126172811,0.5301899994486808
0.3151416689151806,0.318182921127993,0.4461462400311652
0.3146390434118903,0.3272081951643614,0.4963940175729276
0.3802512436299456,0.383959304571196,0.5358613955567497
0.3640106034902403,0.3935275651414867,0.6174158493487555
0.2112987852333868,0.1895692017426676,0.2910359910490727
0.2686876064718749,0.2663654403662955,0.4398337552122096
0.2154436872139846,0.193148766246398,0.3022620831244741
0.2740431709809236,0.2201129559476633,0.3885921044353709
0.2113017453442876,0.1823492898827264,0.3170454171570083
0.2853012690140269,0.3022287433308836,0.4746909165679209
0.2935919236943,0.3389593471856029,0.4665397962564498
0.2950143690927611,0.2929903409069694,0.4638896860542869
0.3432312652411486,0.3466946839232236,0.5160633386684627
0.2921707538516312,0.2648535790725124,0.3846043761800434
0.2507961258315745,0.2643371158659126,0.4144437587019526
0.3328147567791111,0.387516429370121,0.5407319127671346
0.3400267015715231,0.3837012523130151,0.5647212835628821
0.3214308420938014,0.2992832414149883,0.4982075967098851
0.234865993458261,0.2511441748453726,0.4282038644345153
0.3376770489442392,0.2848583291188704,0.5017322606601525
0.2400864594102561,0.2360574914567164,0.3052832053862513
0.3500766218783975,0.3759044779027724,0.5037307656674318
0.3017509381738562,0.3389360155743573,0.4958299362998248
0.2238685859957256,0.2095694417944725,0.3286221824914092
0.3062211357399157,0.2974094082534395,0.5246469284652808
0.4540487263138691,0.4284936916055122,0.7748773927898605
0.2042385682624474,0.2163256560209009,0.276664409745181
0.2853973170232123,0.288790940015933,0.4692707968694284
0.3240296656574977,0.3595115386631073,0.5118386894582158
0.2618945805795846,0.2720545562576933,0.3776992763716398
0.2546069251703436,0.2572855041917096,0.4319281905619984
0.4627113534672289,0.4477196783080676,0.6671219461009161
0.3472581762814405,0.3151208378963703,0.4662081763453466
0.2988380502879364,0.2796878476264182,0.4160184529579847
0.2240284452260651,0.1823989153961194,0.2758762277167993
0.2724051882075478,0.2853388483723166,0.4478924908005477
0.3388710622304186,0.3358572659051138,0.4777642121144633
0.1951271434789614,0.1637607684074618,0.2469883512932449
0.3045460288249412,0.3547643479379876,0.4732249989325441
0.2866102982755066,0.2855607305308596,0.5213858321571911
0.2127097609333422,0.1922500932985224,0.2996670680485128
0.2075706426439801,0.1926595960658391,0.3252052773269861
0.0903565350616552,0.0616845470937048,0.0752564279543013
0.0559594384639699,0.0540835546206654,0.0847253715224296
0.2375719695937707,0.2233543422254001,0.4260547288138084
0.1787340946243484,0.1596236759851381,0.3046206469086081
0.1790728958785222,0.1542739423352191,0.2718694457884745
0.3234634330686856,0.3541169247362069,0.5668872462657202
0.2367652005811598,0.2242130211617679,0.3399124798617385
0.2524898844260436,0.2504206213203744,0.4108438121715639
0.1871203533990454,0.1636772395204325,0.272299510772131
0.2132934340660887,0.20994746857121,0.3132660011560312
0.414267107839377,0.4279992705350932,0.7989618255729153
0.246664753998876,0.2211288113940385,0.3742386094762396
0.1932926272394933,0.1642450280580834,0.239186188614429
0.381696836537624,0.362173422959626,0.5658374975486785
0.3760052717368569,0.4112175264992023,0.5454416032887714
0.2265783683881957,0.1847484999333511,0.3054151960527042
0.3012753845667957,0.334501728709655,0.4821997915580173
0.2169545753446429,0.2035880989451636,0.3321950259004861
0.1521762556938586,0.1393222823277499,0.2715898504233049
0.2626884366336016,0.230072196720018,0.4266840364320892
0.2035217743786564,0.223976671675232,0.3013282092511151
0.3207639442751224,0.343664059997353,0.4681995527561642
0.2898373745453686,0.3284272560846564,0.4737697292812637
0.3330494723919579,0.3239351606147861,0.4929774884573727
0.2710858421800661,0.2840451453385139,0.449726320530995
0.3193973974785924,0.3079244299859566,0.5356392323624266
0.2600991219664398,0.295965303592357,0.3993842848600197
0.3155226305058343,0.3329952047861322,0.4998054793725546
0.3001743628602386,0.2967853664403931,0.5275531255394419
0.4308057654332995,0.3858757455508811,0.6936483618994024
0.3007072828564155,0.3387330988173791,0.4602773806611491
0.3530237765582104,0.3990407500149386,0.5537352040888807
0.3584866132747702,0.366506436633178,0.539976737420247
0.3809708910700677,0.4156346778020063,0.5709751282203721
0.1714442536580382,0.1639124937013746,0.2136740291806841
0.2898984267573525,0.3364174308152037,0.4819825602510542
0.376100476659396,0.3925152871216891,0.5341528645532889
0.2676606428865097,0.2833102436963461,0.423395341681736
0.3226282050671128,0.2633577813083037,0.4561209138913502
0.3208744537730352,0.2846499583983507,0.4487531881558894
0.3149554075371454,0.311439320100528,0.4875866396132181
0.208974104084997,0.206139984580322,0.3214740827866775
0.3327667701607292,0.3127421360895379,0.5226313559857771
0.0809878792088707,0.0773066660826664,0.0910392339541296
0.3492695112164793,0.3380127622875335,0.5052278990230761
0.3057495168709443,0.3184893708158902,0.4318148303119948
0.1449657870363633,0.1330734169385695,0.1867042949771568
0.1810825683402727,0.1577918605203123,0.2914139849352746
0.3684614075347215,0.3671279993026086,0.532956986361089
0.2646694486791753,0.3116898423091164,0.3917600750074848
0.3531479421711631,0.4025298202648479,0.5855313041944956
0.3652539646390017,0.3788785230372552,0.5175167866037828
0.3004225531330836,0.259541719519043,0.4686328903048292
0.3127890946181639,0.3358615823345089,0.5937930037017274
0.3213016183635934,0.3412164151233712,0.5125916211931458
0.2344829338647708,0.2717601882281443,0.4082637997797437
0.1712907781606872,0.1333671513651745,0.2431401380320753
0.2295890542621823,0.2388892470357192,0.3384812565294989
0.3237161166297332,0.2536934709697546,0.4389003272571524
0.4280600276203556,0.4499129125555242,0.6444275954028338
0.4209570827343707,0.422154953696735,0.676015192804045
0.3515804986219625,0.3571076462279772,0.4875691903817258
0.4330111551125066,0.4425245384067595,0.6002939247840053
0.3672002618180292,0.4278053503773125,0.6525251333061292
0.3720672474971413,0.4156513558788884,0.5955774780181772
0.2409707329835467,0.2729564152603266,0.3124625225742701
0.3074948832943718,0.311514884267378,0.4334926144914366
0.3374278897759747,0.3717039260652277,0.5589714282088111
0.1667147504188955,0.1342059549772089,0.1695763487256948
0.289105063049043,0.328195610977437,0.4373770487120916
0.2260244879878065,0.1994724570536916,0.3097948814457715
0.3904290005675915,0.41481871174379,0.5994883679241683
0.2761145924790966,0.2797443481815747,0.3611836455387076
0.1788874390003998,0.2046215807907843,0.2583386707773074
0.3397579342790183,0.3487930208896122,0.5244046462429631
0.3697047169370877,0.4155761947126555,0.6015268870390513
0.3274027699157572,0.3437836221832804,0.5106914410930787
0.4065934162507926,0.4083753708992655,0.610962475749189
0.2739078675080039,0.2409855267201145,0.394446196283496
0.3228569000173802,0.3661862850097146,0.5054000368825327
0.4057231957788298,0.430032454018289,0.6471552341083125
0.2687878102109354,0.246333379415395,0.4374558213565098
0.2625586089639916,0.2802111178790063,0.4033743240468386
0.4850894390407788,0.4993829101394777,0.6900051586678244
0.2526664001373147,0.2322780378145571,0.3835872166529804
0.3107088360857209,0.308587550810841,0.4910816780433844
0.4046202028384179,0.4482634042162051,0.6475028860971026
0.2260332665520504,0.2327795331232643,0.3453135610891711
0.2053679934314461,0.2144580115269761,0.3725081691277387
0.3152822959695809,0.2860759871855128,0.4558525534538716
0.2005161056284664,0.2280790657007823,0.2859222520715871
0.3199791951160572,0.3196541338158295,0.618507753109222
0.43313298610121,0.4218975867033998,0.643968822698971
0.2387036056639258,0.2681936405449814,0.4174196325014293
0.299746157063988,0.2894140926530542,0.4260880272159505
0.368933108275525,0.3442062786262359,0.555282373274679
0.2991145238217218,0.346905182033175,0.4446710080286136
0.3242510212819011,0.3409413451155106,0.4509614925896222
0.1717116305743517,0.1663310697038674,0.2823167123658477
0.2225024900755247,0.2112077209495544,0.3622328329008221
0.2531767144954376,0.2343443576077588,0.4269334539584025
0.1682507263302511,0.1538251343948063,0.2775363275129244
0.3545958205118723,0.3253680870077656,0.4870411719677072
0.1813170087156535,0.1455543313265745,0.2504996557841656
0.3022111342260178,0.2812541040218616,0.3958190932305729
0.3139055842409621,0.3457256875543737,0.4886663758254118
0.4292305090885915,0.4273338685544403,0.6130760223495721
0.2453744842445221,0.2109809772047627,0.3618873057588284
0.2809462838280842,0.2686781503717959,0.4581493000347054
0.3482507565524809,0.3716510971981115,0.4950854757039284
0.1965866398118189,0.2029114014432995,0.3252254582854654
0.3467385417451629,0.3542759265786421,0.5560460029036773
0.2526647221616949,0.2272920774580718,0.3444793444455965
0.2785763880184493,0.2988456186228779,0.4547183404729516
0.2442070821443571,0.2169173246797079,0.358889771105947
0.3336648917474722,0.3118383235461338,0.5357320944266989
0.1344845265442943,0.1124408959543953,0.1740480479493904
0.3546016761233916,0.3410383109568538,0.4786567314306094
0.2310208459271916,0.2251779744362143,0.3182601935852528
0.3183260597810754,0.3214952367107195,0.4726958684214711
0.1314683296895233,0.1119648834589436,0.1857914198388202
0.2948658734513013,0.2715498240649457,0.4181783965975437
0.2761361616539584,0.2670472610386103,0.3913870119175947
0.3254950463221315,0.2950730874591898,0.4684339161156142
0.1266864222563238,0.1060883793575202,0.1707473575232771
0.289085487052962,0.2911589960490733,0.4482508788144913
0.3129437965122111,0.3042856975343259,0.5240574462357167
0.3296394674131922,0.3813811237860466,0.528016076851764
0.1800133022020188,0.1717808767090439,0.2527987267843243
0.3295186035343508,0.3533516967795225,0.526105107189265
0.3982296485086778,0.4500461294081623,0.6455342533949568
0.3794596938402549,0.4209826294163767,0.5896719560837765
0.1752912180271465,0.1791729673503647,0.29318633087585
0.2430235396473472,0.2652924297614128,0.3461180593369553
0.3195748225909302,0.3527620042574227,0.5059317922973021
0.2902454320604972,0.2531286087805624,0.4039523331713847
0.1191952511129992,0.0861838268287227,0.1139555143202486
0.2081800146362187,0.1993501496056656,0.2741295667716957
0.1946631555021339,0.1527878438295878,0.2743907343209109
0.3019493073047617,0.3471016045761246,0.4646742764584209
0.2109741068975145,0.2065483645227007,0.3426218197988403
0.3169999679411884,0.3390072002403819,0.5127189390981641
0.3824653042529595,0.3803105765161489,0.6234858150783235
0.2199807354881105,0.2056126943191568,0.3316319230028951
0.2599147439735448,0.2546856210669098,0.4129563538321826
0.1511496612527133,0.1290286627148885,0.2282931492310342
0.4007439748312392,0.3846450868587581,0.6346495248241832
0.230115331472218,0.2453604895878514,0.3808880577341947
0.3835145521838806,0.3931362488007429,0.579385610250804
0.2344555784551485,0.2183125836867323,0.4291291084901462
0.0761486346386321,0.0605828803596031,0.0608104981932415
0.2782685545750187,0.2322587729046595,0.3781245187793907
0.217071021084133,0.2003854550497789,0.2600710238075957
0.3089019239447476,0.26816366161084,0.4333192753906499
0.2917355789771352,0.2809787129063825,0.4425180392576091
0.3197216181376774,0.3014608014511616,0.4494740964373925
0.3829925368788064,0.4039084018413094,0.5697443719227279
0.2730825734026948,0.3136001278443885,0.4105155390427112
0.3421131602597034,0.3789551287833447,0.5375665182649164
0.330066550763158,0.3314947030553882,0.4254687934181259
0.2207284756444307,0.1667957190593195,0.2936799743531709
0.2846389543592564,0.2752223630580351,0.4457399311134532
0.4231849599789311,0.4406375742076121,0.6553199159845442
0.3176821096898302,0.269243685868306,0.446730942218034
0.1971412478613577,0.1947581075365597,0.2936031932132082
0.2555191284895943,0.2699134649098062,0.4371215765108679
0.371422224392682,0.4016312297834657,0.5578095911194298
0.3289733306571453,0.3622135140071532,0.5519752759983778
0.197790824091699,0.1747299691946105,0.2877761900785616
0.184594442145399,0.1653071823072106,0.3019475791489848
0.547691152930863,0.4913728892215512,0.74764356814442
0.2462252176802915,0.2669716856628501,0.3151126646710503
0.4144325226402937,0.3861892492496405,0.5945171311990503
0.3539788906041337,0.3972842311128145,0.5545505881063106
0.2271937817849628,0.2306549681797624,0.3420753817231123
0.2706218906130657,0.2743731551183127,0.4179380613588083
0.2130589777828159,0.2334728728900288,0.3516411175230166
0.3248393246141261,0.3293117341782945,0.546180340961104
0.2972931250299527,0.2933646341792819,0.4477430533406789
0.3346455183945517,0.3478526036083896,0.4202633661691346
0.3812065485875228,0.3332205927594056,0.5658663899272428
0.2397487676174474,0.1787625797352238,0.3220791549962346
0.4360169264423111,0.4401647582395994,0.6906673789654094
0.1185150522567353,0.1185245074862998,0.1905617462453329
0.2315775959394279,0.195175132049217,0.3178733463622465
0.2680897148446561,0.2635863470392787,0.3663896175179961
0.3286026569594235,0.3814997711618652,0.5514666835865968
0.2552564357409566,0.2599971755202907,0.3775755357578435
0.3952381006494666,0.4018684760759103,0.6084358563967578
0.1934876673404694,0.2024469915314081,0.2827031332372958
0.4230245591455243,0.4338603708106181,0.6030842193859797
0.2572494080342995,0.2356706708042872,0.3875382176487222
0.1985157925163242,0.203079383623842,0.3269574610033365
0.3443587548227892,0.379261449449522,0.5434545313276595
0.3158852796700471,0.3213752313199337,0.4131659263124779
0.2442692213910011,0.2545442635476125,0.416157929608314
0.2511028829467082,0.2530821401918002,0.4087958409028961
0.387804133673564,0.4111721841922729,0.5884257670620794
0.3544541328178356,0.3978592640445587,0.5912477174817872
0.2416630131710633,0.2243278352271222,0.3506833235883866
0.2519803825074788,0.2759175018517616,0.3884785663390755
0.2862727843002657,0.3216472758753389,0.4522497481243723
0.4372317581089424,0.4493482046303309,0.6261219911152006
0.2814228732808451,0.3008382012856651,0.4565647209805088
0.2344810288702324,0.1960469582371758,0.2965099513470972
0.3184006117099827,0.3498079594194916,0.4802691549954676
0.1780004403003883,0.1601858421582336,0.2053403021026736
0.3261030128895141,0.3601623996471276,0.5400629130320502
0.1252482828575524,0.120407535805633,0.2071895740587094
0.3240094193450251,0.3519055161144938,0.4967921610413569
0.2663369350493465,0.2948302764111088,0.4138354311107317
0.3012862516945526,0.3269104678427575,0.4885147854093234
0.3142210988482314,0.3421405148113599,0.4709222780242753
0.1892124119212929,0.1861736500970027,0.2249746273276466
0.2269701656972418,0.2362810232425343,0.3567278370942432
0.2325150773024057,0.251092639656358,0.3574803600925541
0.2000855252771418,0.1661867430406746,0.2990782198774412
0.5226157351838722,0.5637202859879561,0.8801220177715219
0.2558118852741418,0.2713200641190575,0.3914088989195948
0.3963739630322541,0.35258610764441,0.6175380842901773
0.3116238449389463,0.2685851269164333,0.4315504803798282
0.226189030026314,0.1961634807226316,0.3188408438496634
0.3881452286481662,0.4110304531200855,0.6220208417184837
0.3209461303439335,0.329978239560141,0.4584854330979606
0.3184431144598736,0.3478956739712112,0.5245604815298367
0.3730713279206613,0.3857687420950784,0.5366469511317147
0.2790489076253254,0.3149048257925476,0.4171621240300378
0.1857660195504645,0.1991131057882281,0.294757576582047
0.3917632809875878,0.3764224958779473,0.6062264823959458
0.3960750923084001,0.4306937064241931,0.617823750353575
0.3032303080109336,0.3109899390303759,0.4687855658815849
0.3577626934179367,0.36839351730779,0.585122585579572
0.3046288127109942,0.3444902361489076,0.4552278441249247
0.3839115301678285,0.3886254451949602,0.5558208433752511
0.2557069489566274,0.2749907897509601,0.3861398703865766
0.1840858694408093,0.1594823212082193,0.3151766334641979
0.211132850587782,0.196803451846783,0.298755341036659
0.323361817594829,0.364453827495545,0.5160418933866019
0.2684857971865463,0.3012004684185575,0.4208316991729961
0.4264796050112096,0.45047090105937,0.6215132822525132
0.5844871704095407,0.5861582938272888,0.9020096224583688
0.294949120859488,0.3100118094079195,0.4614649664411869
0.1591345091076334,0.1240460763085908,0.1902231556435651
0.2142226730755053,0.2083607797789545,0.3737858194158278
0.238652410746882,0.2137172992566784,0.3529247979693036
0.3414175570820184,0.3935219417081341,0.5676908352713129
0.2075289516617764,0.2028243500995281,0.3549954193809447
0.3712705065083391,0.4071345903056255,0.5659423318650483
0.3747235223110585,0.4013264143935204,0.5819635578454242
0.3672149541558177,0.3648869444461663,0.5194355840830053
0.1826667800880435,0.1759662202629101,0.2847271571110953
0.3485171483108915,0.2933006032856313,0.5401352250498622
0.415033725018007,0.3982511204335811,0.6170008127544215
0.2706398849966908,0.2363307232464954,0.4495935639296968
0.2915942404742536,0.2473816464391977,0.4071722541149701
0.3012445770570698,0.34479525807858,0.6313808572323335
0.3605390038724188,0.4048457980343514,0.5624787637503779
0.3696772799019786,0.3837236592220979,0.5062198484368085
0.3598130097914469,0.3594316214218326,0.5333775583051055
0.3809726165179395,0.399896666423304,0.5378048764776843
0.2434841280996324,0.2576804853323137,0.3907089341242211
0.2478333112302505,0.1986485077451861,0.3391655799301732
0.2401822008307115,0.2054646624800124,0.3848718556462672
0.240426242858528,0.2248156846908117,0.3218159304714443
0.2453200343378628,0.2072778601343575,0.2786065101864499
0.3453228915274824,0.3685789751605183,0.5850146467335589
0.255450399790125,0.2540263693602941,0.5437033808339002
0.309039312569115,0.3161367662074772,0.4138481156551046
0.3042498306323458,0.3236966503937909,0.4104707513243528
0.1806658872072739,0.1482648365483593,0.2478850398811756
0.2707791546280002,0.2302480943475539,0.3872637923392238
0.2069703624300141,0.2291155122527335,0.2710795454032559
0.4237792293597375,0.4473448669169131,0.626865052200533
0.3396188740421035,0.3724937779273336,0.6216431063978112
0.3355712759554633,0.3750875816049689,0.5564165104822635
0.3204575904951783,0.3746301713740428,0.5586526544072938
0.3436885445865901,0.3519511337086837,0.5359741279935588
0.2030489228839236,0.1705481446412121,0.2524525344751677
0.1979838763050478,0.1744127063015415,0.3235379989031814
0.1394942751559729,0.1016594942214142,0.1670608844668371
0.5446132802560206,0.5130943583979003,0.743798786278166
0.4248784663574546,0.4232285227661244,0.5960306254823771
0.3157151065291273,0.3318318854583298,0.4996303055638283
0.272500216063659,0.2894507105693603,0.4515507753773658
0.2729236780264988,0.245227523455903,0.3793234374478443
0.3455312604069505,0.3153376645734734,0.5039763251053196
0.2546613920035012,0.2932997099847364,0.376388922629119
0.3589420015237652,0.328536456941737,0.5650982396473363
0.27704520331392,0.27570896216339,0.5038409192513335
0.2821886533391912,0.2963811530037908,0.4577443022203707
0.3722721588802212,0.4236919137030171,0.6116723893471654
0.2791630674671555,0.2844690253529044,0.4918405818932951
0.3668013236068638,0.4083530313190369,0.6201583996187714
0.3590138603975421,0.3920363257550289,0.5647102287171162
0.2354807501659786,0.2446717738597469,0.3969645229905531
0.2260622021418165,0.1943708548469384,0.3388695551141431
0.3843803841640102,0.4036649302582449,0.5586528539380062
0.3781139611825288,0.4149293956890755,0.5746587796089129
0.2815549682860436,0.2510037633824502,0.4167996668948671
0.2871307609863565,0.2593909357988736,0.374139763333773
0.3225382749854839,0.3132631890172667,0.5097820901500162
0.2990256129638685,0.31974920369744,0.528919606316295
0.2491501704129124,0.2622865933261765,0.3669651377785631
0.2671291332592672,0.2630821647509238,0.420269354054772
0.2597344930912654,0.2309521594891167,0.3966057330491819
0.2010864990979159,0.2216654155903867,0.2516089536560836
0.2768916073212026,0.2664236232668741,0.4237209061074556
0.2945621732734664,0.2850747379684265,0.4953764064562045
0.3691615439000922,0.4036672164738274,0.5496672770926893
0.2404978553528201,0.2272226587423284,0.3396181489006248
0.3028926128113998,0.2989012841944815,0.5240110083820705
0.3480745522112773,0.3991541206531006,0.5793948572188695
0.2169055846232117,0.2190894503807524,0.321983360964489
0.4202724658122755,0.4416116887281637,0.6588520255502114
0.3960290550166158,0.4155445455247694,0.5925618171226134
0.4692314397958336,0.4712682734113446,0.6928519172239281
0.2336513609428635,0.2295239315824696,0.3547316520011888
0.4152642410047099,0.4335912428752716,0.6415432151343924
0.3795962855514627,0.3706945943929263,0.55277076658317
0.425745967677175,0.3944980502721942,0.6876487514514451
0.0958954583241267,0.0674965845295506,0.0670816453363637
0.2173337840263178,0.1948917702265463,0.3398518904684439
0.2866461585604591,0.3078223045244443,0.4143145640044787
0.2766158049557326,0.2181671118803857,0.384802385898155
0.347028063032346,0.3200817476923455,0.4752530004348311
0.29179484208234,0.3251922344464263,0.4271844851788412
0.442722939836156,0.4916770143205705,0.7146677727558749
0.3949090176624011,0.4281507319437282,0.622881149688969
0.332034588609707,0.3260078302294923,0.4944969736846024
0.2755886263412493,0.1981527259998937,0.3472350674597809
0.2697481310957006,0.22575588443991,0.3715879363046548
0.2634515926927518,0.2283906928164016,0.3666631378070472
0.2775656106878707,0.3328339885546791,0.5071843030910821
0.2936511537180781,0.2719361501092631,0.4546404392725781
0.3913988451617319,0.414688316848065,0.6300251207496032
0.3532577017378267,0.4031248568189748,0.5813893777187782
0.1858883962549721,0.1580794314347066,0.2544316046371843
0.2753182977119015,0.2476964419267152,0.4183382802051965
0.2279892815731916,0.2252777547437525,0.3773271979695451
0.4629097470655756,0.4859728184940486,0.7015018773745455
0.4027952948118011,0.4331091883223316,0.591498804442908
0.3623767186421748,0.3783207520816629,0.5403730557396776
0.2141711738824711,0.2244094102884408,0.3217411682643079
0.3443651531595384,0.3658617128533067,0.4412160829918986
0.1852064913583387,0.1972456550332194,0.2285379667180375
0.203304430527369,0.1904818967007684,0.3269011023559549
0.2256011923546222,0.1993620159320214,0.2341922766359808
0.1508204789617358,0.1460048273242913,0.1807395204118147
0.2990825844926293,0.3446384847838269,0.4696882846688706
0.2327682846327702,0.2519636442094881,0.3980328208572417
0.2617176503708052,0.2729356978241118,0.374868434085203
0.2085974706959033,0.2184798997865593,0.3886201612622775
0.3764372843520153,0.3515600641182369,0.544373440091935
0.3062837967526972,0.3268745012059159,0.4634334319453244
0.558492594952068,0.5852405624603005,0.8671584099788475
0.4027132266506499,0.4290625907559775,0.5909424976086866
0.274388341051005,0.2261031741886431,0.3588096400736469
0.2306063331085942,0.2294496498603229,0.3507218028724287
0.27954020594101,0.2481970901806955,0.3917971398012413
0.3000891774224501,0.3303012214666331,0.5300568330011046
0.1710139178579762,0.1613267072665999,0.2335021358546623
0.294652014089809,0.3030519377268275,0.4508152746400866
0.1903024403878914,0.1440919131323638,0.1988842802400722
0.3146036961518877,0.2913689180927157,0.4839605612793936
0.2548869542528379,0.3076909284182447,0.406914853169633
0.2963980983401008,0.3005136566894744,0.4329444557887321
0.2548647978657652,0.2416261148251797,0.3177683673577379
0.3609960630533934,0.4029125478992442,0.6617880848306789
0.3000525819908636,0.2967476466788811,0.4702777502807561
0.2855028101808604,0.2695760610474296,0.346031263010379
0.2506702645647836,0.2584178857685122,0.386097173635216
0.3134858515771387,0.3473305819098959,0.4682055433449258
0.2191994632858972,0.214201473611582,0.3615471315465366
0.2421153005303432,0.2469776819355871,0.4076090304024251
0.351742836267121,0.2860688603359476,0.4945659003276246
0.3212261620169035,0.3503053394650686,0.5480202635369487
0.3463801351569175,0.3826134361492322,0.5594468536692141
0.2755176833755526,0.3208856691763622,0.4224993030794656
0.3658908694299888,0.2917743267329953,0.4924760332599958
0.3036582554212125,0.2797485336230396,0.4551835652067749
0.3601613434146392,0.3748267951137282,0.4854930325262108
0.2810217274350732,0.2796532488272662,0.3703722884304689
0.2371334801693122,0.2428504179556048,0.3960124591905815
0.3970712206302338,0.4076872581551987,0.626624861401777
0.1988231710160059,0.1851528843546814,0.2597475345291111
0.2496236261953661,0.2280867210502408,0.4165253936850299
0.3094401097369945,0.3556847922786655,0.4607393395910092
0.2283493604929236,0.2000369321796698,0.2889736769886258
0.3290139042112918,0.3641525527253088,0.572768281216702
0.451661015527163,0.4968110473066628,0.7566091901668234
0.4350948697631512,0.4154851937088816,0.7456048013890483
0.4145135901063076,0.4459221731820923,0.6675286979797201
0.1655587111257021,0.1532667901171786,0.1976065690700128
0.2342290386714019,0.2168517650307742,0.3518466316973286
0.2403471119279352,0.2301684029316028,0.3683770020456462
0.4056511383608913,0.40215377487128,0.6162945230478344
0.3496879146988365,0.3558976920346353,0.5415130858944655
0.3813427115376961,0.4018905246007284,0.5382561868911684
0.22257040970435,0.2208527035646796,0.345353742294588
0.3472657788041486,0.318037758724094,0.4608035391151853
0.213719772862394,0.1985837639130171,0.3954883207882268
0.3755122501446522,0.3810941327316209,0.500623190971017
0.4929965208546507,0.4902385886643881,0.7603876067484344
0.3663486853623718,0.3983145932298692,0.5796828459603792
0.2634431240067716,0.3057706709273156,0.3640124783854799
0.255013672375841,0.2312635815616894,0.3605979101600554
0.4580945097632266,0.4789080439004575,0.6837976191766321
0.3113792109647843,0.3081049203294234,0.5044477844107269
0.2279091811176906,0.21581100153069,0.3293797497107292
0.3050725750085278,0.3051164867590377,0.4550324297627755
0.2931032546211669,0.2551859273201864,0.3154051484249219
0.3974522591574384,0.3995450616430437,0.5876283684029607
0.4056325081319618,0.4152103193693684,0.5776835939008491
0.332289010152364,0.3514605200682642,0.5902344294950579
0.3638556238454812,0.3179728568734069,0.5061821007489037
0.3175264646849383,0.357362644044664,0.5189289676391723
0.2243116664753831,0.2082685220510057,0.3609497609295726
0.2712131617831613,0.2742346058681784,0.4250710972949396
0.1262256985535138,0.0837620092832811,0.119854066873765
0.2533620569382731,0.2692081857628053,0.4406063788742922
0.33075476819029,0.3310852577284481,0.5271991325642295
0.2114633289481494,0.2007200687019695,0.3902591879387634
0.2952250069718062,0.3245251428796076,0.4636030772908516
0.2227804282841208,0.2441942409869185,0.3460959976750765
0.2858532476008938,0.2834029828325782,0.3500258949259525
0.1971929563155832,0.1826028199436133,0.2625511284141744
0.3189688842578962,0.3312517968764575,0.4844719079172573
0.3284105858401991,0.3048688853119934,0.5415463640123368
0.3035685845307807,0.3493205622908945,0.4763091511998475
0.3754386167640314,0.4204960379931177,0.5724148429765947
0.3179748517820714,0.2980165796006562,0.52092378326906
0.1853796542185828,0.1446927852507869,0.1929883250707041
0.172070174716671,0.1326125181006381,0.241528988411375
0.3425268975931528,0.3583461958278136,0.5640243850480389
0.2862985197943407,0.3179369366198692,0.4747611379069432
0.1011228024376848,0.110298251961733,0.1535669865159102
0.2652061795589286,0.2436673546622773,0.4067588001427866
0.3107548142525544,0.3207504628272116,0.5008903378275186
0.2776560033817303,0.3073384414578146,0.4401388210706521
0.3256066455801171,0.3509921262236476,0.579945470757855
0.3059063297681847,0.2772479786488813,0.5243178428930657
0.2825925058907724,0.3130467213278104,0.3946220701675769
0.3732581491520995,0.389924439958403,0.5455881935882466
0.1787904861357324,0.1718641710854308,0.2735148161981646
0.5488351700705253,0.5380033639228865,0.7392958590183893
0.2539400901300147,0.2434475369838897,0.4358989287432668
0.3589166521098234,0.3959678629325911,0.5635361291070511
0.2973425940222256,0.3162619183068573,0.4301603343995208
0.32301286593441,0.3686977213118212,0.5091790578523091
0.1521889167898674,0.1495126044232853,0.1943027987174872
0.143975911350729,0.1242313685016668,0.1944825502823914
0.3106733782864874,0.2777543129385967,0.3520061884778272
0.3532997463951103,0.3775755314014038,0.5369327690339495
0.1838333459926951,0.1871976473830848,0.2885417572229021
0.2626916950729077,0.2442212409188714,0.4453428063491769
0.2739512847843642,0.293315672679282,0.4385284221764988
0.2470654306801343,0.2038330264841663,0.3520958119638427
0.2277503656530202,0.2111050617725554,0.3521965911048896
0.3614314461977449,0.345991088995674,0.5360184820943645
0.1533492630786069,0.1344056711832895,0.2321339816284702
0.3347096310100172,0.3863273467278428,0.5461661522234861
0.382339631046691,0.3613054185040918,0.5246039557658322
0.2698977147477308,0.2853074617050768,0.5053550494993312
0.3081308749934546,0.3368049142196839,0.46456618803702
0.3285901346421965,0.3412606815818271,0.4319977220548409
0.2261358612029779,0.2161910140568473,0.4139934158416408
0.2465138391600532,0.223337045429509,0.3319536870276305
0.3993678259815257,0.435171822505139,0.664885591523753
0.1620412037799989,0.1482906989672305,0.229694098501607
0.3223371786058135,0.3673115557786203,0.4911631901256474
0.3113323660658319,0.2935820489635173,0.3931092945189186
0.480537054700229,0.4999056887035787,0.7188930372895952
0.3516148010807945,0.3831336655924683,0.62147670063425
0.4006366982873015,0.376787624790213,0.5394013327940511
0.4633039024982864,0.4874476455179068,0.7127540030934292
0.1263980940448749,0.1174226218960218,0.1954494608923888
0.2769771938203003,0.2957374759883934,0.4475219384230249
0.2796575001223378,0.2677976676668429,0.3788580222577172
0.5783448708282057,0.5760656303394007,0.8704312101567895
0.1957433626117116,0.175208178595629,0.3031966488191865
0.2731823140957671,0.284712404884865,0.3716011997354324
0.1917184577708408,0.169187071351584,0.2694764921699944
0.2213951908334632,0.2169013944617469,0.3623671864362075
0.3228044323267834,0.367540533894076,0.4924050081414837
0.2712061224415476,0.2639764191127051,0.4444885285136025
0.3117100117026247,0.3282810344816848,0.5268623247419495
0.3113381729905018,0.2920927211554913,0.4369681681732434
0.157916667184209,0.1415295779594276,0.2642089182433498
0.1482182861726553,0.1498730733451273,0.1874673566697569
0.2415125365078139,0.2735646439164417,0.3906401745610868
0.3148297085312266,0.3031866199350268,0.4335633367328902
0.2892124658068412,0.2883941335076587,0.3890173804284693
0.1563716386772158,0.1301432554345453,0.2440342460342068
0.3124833266183849,0.2959401647659979,0.5033982741889474
0.3652149092109572,0.3940452178231108,0.5601069763588749
0.4471202101768214,0.4534111296092116,0.7004615766956989
0.1854761666133641,0.1560316991043669,0.2869124205901978
0.3112952065615775,0.3095356202629483,0.5445686802777557
0.2695974771078343,0.2964499543687539,0.4231125207579799
0.2531245687802684,0.2117367853436488,0.3865992286187538
0.2202016959812814,0.2084169040657072,0.3858176682171335
0.1848838229750782,0.1958716603711536,0.3244648030177453
0.2673806911264931,0.2787843196009907,0.3725568542466669
0.1705185732304671,0.149897766270251,0.2882167942570445
0.4410412248981795,0.4341979849326978,0.6406869154480533
0.2501311037280536,0.2597070354577427,0.4120582421515543
0.5170299920447801,0.537524387001768,0.7780631011312306
0.1910795458051523,0.1688312864872351,0.2504473170723246
0.3048410432523928,0.2656284769901074,0.3877385087370816
0.2910203828921974,0.2927452654275697,0.4604951393232508
0.2905246793601747,0.256274450775858,0.4718716516862978
0.2090843512157111,0.1825799416588847,0.3110910191023798
0.3259373810301669,0.2961580472801093,0.4462942228144301
0.2017861656399299,0.1983298519956231,0.3166293386409134
0.4126041778114242,0.4470038067202583,0.625635062932789
0.3831153408686486,0.4343414007303519,0.6129472064902696
0.2403177066992425,0.2532593894597255,0.3832868401282007
0.2226741074297251,0.2001312670252895,0.2930273452065978
0.3378757946637655,0.3311793794145077,0.4967970972165441
0.3796146214370477,0.4039772244402984,0.658022408153483
0.3201600368099236,0.3591989380265901,0.5102201623832948
0.3792698284639741,0.3987788428963725,0.5928280784337858
0.151478031729464,0.1286781194740028,0.2169859389397022
0.2952369026352069,0.3294575151796765,0.4161013719094547
0.2091573393513809,0.1824663085851782,0.3285359493332615
0.2062852335841701,0.2074149929809556,0.3489307020505463
0.2326899633063724,0.2015429056378808,0.3467919040885451
0.1596752861045793,0.1253647679750907,0.2104407665579509
0.2543862558311315,0.2212842777994024,0.3643038793285829
0.1879589300646345,0.1316170911603219,0.1853007956679714
0.2531990797220163,0.2143939446196421,0.3634641425197716
0.2910369396686279,0.2774404658795396,0.3959403971612085
0.4009474787386797,0.4224656475675187,0.5863571967288933
0.2896689165206074,0.2715100853168457,0.4175788171632402
0.3415094527544364,0.3329296151302713,0.4832308415932941
0.2851635848369416,0.310754408097308,0.472236378086881
0.187765603072178,0.1474228235132216,0.2490757841914437
0.1717306788491227,0.1629514908625003,0.2902333469703432
0.2513932085858608,0.2914536896460378,0.3663954453342855
0.2711207579887165,0.2732003147094813,0.4065506809122666
0.3126889845449007,0.3248728291672483,0.4450874588977786
0.2267508931392266,0.2203424257954982,0.3282088589649724
0.2041314398848286,0.2028590744921458,0.3091799026322314
0.3512848550582487,0.3584026848547125,0.563506702871294
0.3961522367069082,0.3771896927160924,0.565030060328918
0.2295753124259665,0.1762447608695702,0.3056433487335425
0.3573719657735826,0.4161756898949251,0.6828728163194115
0.3092686114638804,0.3473823907989263,0.4692385988830584
0.2926687392537228,0.2649552498892501,0.4198250986099336
0.1821435026141782,0.1689287812968296,0.2984876397001489
0.2819229423534767,0.2426984680865318,0.4540478398699469
0.2701932991230908,0.2074146324011891,0.3343708900142517
0.2083700204533494,0.2209173556686932,0.3570671003840958
0.106110456869308,0.0967085940658734,0.163666593451786
0.3509656427881322,0.2956898747381102,0.4771269607552605
0.1899542912442237,0.1586158253301331,0.23971206712388
0.2550980424104771,0.228864975447606,0.4072872946113075
0.1933267972897139,0.1982487484645957,0.3265101883917369
0.2183731468417448,0.1884693552372121,0.3288649897032853
0.2309422041887218,0.2181766245786527,0.2996327423716482
0.3805183196287456,0.3353238432634158,0.572397130519082
0.2868373248780482,0.2879430705257776,0.4821260641717105
0.3973562334175368,0.3503287954445623,0.554190807712095
0.2870101297196232,0.2967062766326267,0.4407651811181167
0.2328992401164139,0.2238762082211957,0.3560607371258741
0.1487114967967222,0.1390929162322842,0.169812705422195
0.3400021864891233,0.3528845370705492,0.5009499360158058
0.2426837587088665,0.2120122288777974,0.3755819056617613
0.255577413647218,0.271116640044614,0.3963268298332398
0.2646189818660718,0.29662835453536,0.3610466156503354
0.2346191563722151,0.1929990325563762,0.3408837075078144
0.1660826022550408,0.1433580436787846,0.2419004944516978
0.174508542503017,0.1686969544271047,0.256266615431906
0.208005766449127,0.1554425655961352,0.2639712300385671
0.3863071239969431,0.418169877156289,0.6230474262384289
0.2753837714706677,0.2886498399754735,0.4560637754184112
0.2766642268557107,0.2683967850442108,0.4493211301247319
0.1844899745652552,0.1889673834702162,0.305436584566446
0.2838475299342454,0.3154224961304471,0.4561316521398293
0.1529646304780304,0.1686280034671239,0.1946020619941716
0.3331580773853774,0.3632213846526451,0.4885784000006165
0.3297597389901391,0.3725099131903558,0.5400582211966951
0.2813739902686761,0.275347626420527,0.4897569812583314
0.3323432169932817,0.3019943931088381,0.4856556427241807
0.347710017683047,0.3768375096732909,0.5224288451515191
0.2482830642250445,0.2322973169708054,0.3077381894131195
0.1117179678974107,0.0948968650161491,0.1614096760502407
0.1940108213912554,0.1724484662932719,0.327319353649698
0.3456652420036445,0.291874068413708,0.5201319744824537
0.3608767869564153,0.408012279123208,0.5633977963040667
0.46849842786734,0.4956292760790074,0.8050309948618906
0.3631429193503404,0.3832253903164967,0.5394797055518074
0.3886005622453895,0.4023927232276745,0.5805488500752044
0.2883423774419725,0.3068733863229964,0.4550404983614424
0.353310986819053,0.4069851450809381,0.5744467504530429
0.3484742710888039,0.3539442532794754,0.5437480448251021
0.3020226368104156,0.3401278731262682,0.5040498928550801
0.2803019483270316,0.2595478596751792,0.4304317218685247
0.4277089080368769,0.4633171923044938,0.6514479038277143
0.5463223379096104,0.574074814329599,0.8747573888336979
0.412556717754125,0.3987033119135498,0.6094404935514162
0.2765409154228692,0.2952634431441898,0.422685613895531
0.2808767656039583,0.2971233567888365,0.4806224935541699
0.3735620783035234,0.4069971903416127,0.6137429692321741
0.1808787225249705,0.1760058708527127,0.264731434052889
0.2894810180991983,0.3179190419514622,0.4082782613060509
0.2421405068465857,0.2876120519909977,0.3496781765287953
0.2484523470463311,0.2613363671659975,0.4158952751265914
0.2867991794329506,0.3357716359210909,0.4602974244069944
0.3296568766942405,0.3667750614754151,0.503240023605766
0.1617599516286071,0.142296530751777,0.2382858223370786
0.2191672369871357,0.2377497928158061,0.3410588301212186
0.3512337952459952,0.4055741197881493,0.5865642986946475
0.4213225660058071,0.44432336795216,0.6399644002720566
0.2037396105616461,0.1792902944699743,0.3459443238099546
0.1347833052400747,0.1037768718856932,0.1573096461947188
0.3580752063425311,0.3177618664964778,0.5503056631874765
0.3351576117263898,0.3536173304134252,0.5377929084937463
0.1403212993064536,0.1172981476144077,0.1478508622739933
0.2782282040612361,0.2774849831894236,0.4588124899344895
0.3040112035202299,0.3513516985095261,0.4675411716030327
0.1925444825639144,0.1776806558393665,0.2823576383853703
0.3459093285134937,0.3636112384855523,0.4976712152619789
0.3226037623703593,0.3042565758692511,0.454283781025416
0.1877094449946456,0.162445697587572,0.2457246578317836
0.1605937724191842,0.1365332106624817,0.2106598093764525
0.2841652645486989,0.2940784120360067,0.4733999068600151
0.3563967066533472,0.3428559596842395,0.5984799252401545
0.3229273563049819,0.3651964683659057,0.5221715502126276
0.1897378925710079,0.2000079400829907,0.2955356885514699
0.2908162690832828,0.3083652350613466,0.4666063523138524
0.3329965777731595,0.3471522874902017,0.4978220443184329
0.4579031782451404,0.4845379029615902,0.7119175515513443
0.3258730685664256,0.3534748477697455,0.4389765924012002
0.3970095830666282,0.411187246346604,0.5624083687773785
0.3385424832094563,0.3508687538173156,0.4729764937188549
0.3412699406282874,0.3842552620800511,0.6135770542248146
0.313399105409133,0.3102682082857854,0.417397746941015
0.1804354954146939,0.1606259213903583,0.2097244213430011
0.3260147195322974,0.3577542497848773,0.501142625550424
0.3231793599211739,0.3499026542625969,0.5200553903345434
0.3157239056685942,0.2832700933137038,0.4942148948065759
0.407269127579728,0.4302955274374185,0.6473992643894423
0.1002048791834424,0.0929857938304836,0.1161321998865396
0.3708059932997453,0.3969070182338865,0.5598082928749929
0.2004002067730466,0.1635642116751286,0.2283853843805434
0.347079715151796,0.3835558104176422,0.5682469734181771
0.2508616105116613,0.2200381238464022,0.3792087873939921
0.3357023492042893,0.3564544880510933,0.5442103466409643
0.2746449199167661,0.280950583777683,0.4747591102131814
0.4921411488831237,0.4561593202847697,0.7889131185291578
0.3129216456457926,0.2929647062958689,0.536264202617524
0.3053431809071561,0.2901708090116766,0.4133462315861164
0.385306901834933,0.3746875423086855,0.7317955961650233
0.2556887402156089,0.2789057098827697,0.3503941098104839
0.4017130397425745,0.4005768878130944,0.6219776862071363
0.1275769512470885,0.1172035459986702,0.1710947532727207
0.3101320941099327,0.2784926325379255,0.4340029011304902
0.2556616239659353,0.2498733372798075,0.3167266459504826
0.2358522586291959,0.2267881622286847,0.3946708763770347
0.346192107664824,0.3885406100246366,0.5354213604331239
0.2860957306180717,0.2937548370217757,0.4088399905463321
0.243197966345614,0.2718875220303298,0.3770876913116442
0.2418393505441854,0.2043795122774961,0.3850885712733358
0.2773496638073156,0.2738736745700663,0.4054149291726773
0.2004767949859612,0.1824767708183814,0.3005366905417811
0.368097839842008,0.3585197355542046,0.553402249309102
0.2805907511755542,0.2651414029413325,0.4459126468331179
0.2993903667800693,0.2837971102883714,0.3510081927824552
0.4122643494717231,0.4298295029190073,0.6401456496019156
0.3585142136149899,0.3036180141095408,0.5084177102686448
0.3203722606464443,0.2553765386166607,0.4729916691884498
0.2454821138611524,0.2740160808700918,0.405035216210775
0.2356909650970401,0.2727131625055328,0.3318834465196461
0.3097669371051855,0.3415208568413754,0.5138624788814661
0.3124296137273861,0.3353190834617621,0.5426966780115658
0.2576428354516509,0.3005468092853431,0.3763038533232449
0.1882307526134838,0.1540189046051105,0.2373256340551233
0.2146279636766414,0.1886323406100997,0.3075600521196662
0.3435231405720812,0.3666946242967816,0.5306308098283512
0.3059663953691712,0.2598705130143434,0.4059784854116816
0.3182997547915751,0.2982069268755475,0.4521483563623513
0.1261111669301173,0.1233139643102879,0.1832748932282532
0.239377150135945,0.2339951445356849,0.3389575611337881
0.3217554333985473,0.3242485134441034,0.4131148301271576
0.3750793172634729,0.3970838540870803,0.5986694822792967
0.3647164048566184,0.3885438900044688,0.5162358286450288
0.1640462612176259,0.1632388673867195,0.2711364282404507
0.239344825848009,0.2150467778414903,0.3218534072400802
0.3874326484767857,0.3792596692477736,0.6408476347858311
0.3623107558726671,0.3390298103615028,0.528094492604962
0.2651463851596883,0.2887478711059444,0.3888382815377628
0.2842674438177474,0.2499333039278043,0.4324196661549807
0.2684496042956827,0.2629865143005807,0.4493153367279917
0.3719164046917182,0.4094346500927657,0.599686321110854
0.3335398900153592,0.3171825458167727,0.4164366537697355
0.2806160017587048,0.284016410713384,0.4536190026922393
0.3538333525168345,0.377856430515348,0.5229467268837894
0.3142652267507724,0.3323947055641494,0.4823638837711634
0.3072181796273412,0.3355935230117218,0.4783441613717267
0.3191131950001636,0.3387071039571236,0.4313369043295088
0.332715819056533,0.3177621823385201,0.4561840541295051
0.2381798290618397,0.232395685562997,0.3159218997829277
0.3047813243165543,0.312290481323567,0.466267024100684
0.3701189189906562,0.4013740137351894,0.5919557168437732
0.2504865748809534,0.2451194919191297,0.4064371311007376
0.2803030406834549,0.3105030482400889,0.4233511275349936
0.1995240689142564,0.2068008217139573,0.3061843495983697
0.2153977101401623,0.2297348433108284,0.3148059578948401
0.3695942561830948,0.347337554386382,0.4900403754958606
0.3168955395007744,0.3144711324873179,0.4857890238857948
0.3760573358538676,0.4024185904300422,0.6079426027580631
0.4094550500122633,0.3895820190871253,0.5650428399635348
0.2827344599270104,0.2653951384607064,0.4283046882172774
0.2868017077331623,0.1994323384952004,0.2812118446223321
0.2932598376873941,0.3326011355145676,0.4396155188808645
0.3652751670277228,0.387521806741371,0.6000804209075993
0.3488825942352247,0.3561519907678224,0.4667380856254565
0.3063184393097776,0.3333593536785468,0.4793215752915903
0.250929134207571,0.2439658435755358,0.3457291460297765
0.1992878307194808,0.1740090989249823,0.2925936589603394
0.1966504317547946,0.1989896141405513,0.2807638105626084
0.2435759564482416,0.1670609041074457,0.255664559306425
0.3175144421369805,0.2592047585780343,0.4493200459062791
0.3114078973400613,0.3475037596281549,0.5526634707408118
0.2220850522598857,0.1736632408611679,0.3290570032463443
0.3598099536506753,0.4118309925429295,0.591209430461
0.3484734664395125,0.3584068384577334,0.4712761366542056
0.1792284816944275,0.1547338433145608,0.2012481051604806
0.2562841087456913,0.2826303869295669,0.4272097303002683
0.3488410055412416,0.3693266189061785,0.4580609565253524
0.2814877780892753,0.2369851579900196,0.3414429637275698
0.2968594568040721,0.2550609624193047,0.4332575151880091
0.3384129763900981,0.3274621554918512,0.5164981272445685
0.2760988462401387,0.2719952342833955,0.4691538240715295
0.2520661538847898,0.2778885575645725,0.3775197227525199
0.4751910068540689,0.4402634521462537,0.6958078081001318
0.1312301162622781,0.1244414530835374,0.1819224830000452
0.2326390768968865,0.2248702807327899,0.3848258265147583
0.1952753189074727,0.1864227251016678,0.360034342572055
0.2775327421820525,0.2842943961073432,0.459771589906697
0.2771272691023157,0.3072023094454624,0.4303810040871714
0.2195775192146613,0.2354012791994871,0.3148749118081548
0.2705163088618494,0.2881530115134431,0.3881125185521432
0.2954754092085315,0.272426181132395,0.4085405072506539
0.1738332139326233,0.1428528323962552,0.268334827291781
0.3734349740178955,0.3288582844352556,0.5425878605021317
0.3338430117880914,0.3765275312708274,0.5417949621152633
0.1451416601523606,0.126016315224365,0.1733151115381612
0.2887479540619517,0.2562977587641777,0.4432266881144092
0.2207801295873466,0.1717882193118073,0.3057316116553479
0.1259505468932291,0.0870120001904409,0.1419845239899888
0.3381081927155189,0.3509957201543757,0.4259329841341953
0.2702749353428585,0.3029785826799918,0.3667212215135064
0.2266280627422311,0.21292835075713,0.347909913332615
0.344062973291377,0.321063259392206,0.5636775412929325
0.3911953000107984,0.422329500052894,0.5556629813734429
0.3591293293692764,0.3807124013051829,0.6359607269759356
0.2768768273823231,0.2984345996837041,0.4537631736802514
0.1381903371853301,0.1204006556025112,0.1898771359381805
0.3300500161301515,0.3200910177811319,0.4447387146154857
0.2753603245782667,0.258974835241072,0.3849001392947538
0.3822594929238361,0.3824683840574022,0.5532426557256566
0.3512293753113228,0.3521508667453264,0.5408395234088978
0.24686632375239,0.2483094748560972,0.3752349891847246
0.2801107702843769,0.2580219927529749,0.4582356280068551
0.2840725624828418,0.275316054573115,0.441605023804609
0.2499515565652331,0.2362148621595832,0.3700766138481735
0.2377209343642403,0.2590006756289544,0.3783798764233859
0.3444680733024636,0.3773877689927615,0.5764074592925833
0.4809156444594176,0.4727049453509806,0.7040262261864572
0.3814576534925135,0.4136116953565348,0.5965846124044802
0.2486329864474678,0.1945628516362418,0.3731981876896217
0.2188356708760175,0.2220815593537423,0.3271899258567927
0.2792189710128506,0.2758867564089358,0.4343004180955289
0.3594301510538299,0.3214673196415707,0.4806446169375969
0.2710465855369198,0.3049511512708255,0.3681146505617856
0.1836704711335339,0.1592477195854637,0.2597856282874925
0.343913439311474,0.3838195857474263,0.559238958311742
0.1193643486715294,0.0880255947152248,0.1317692348377736
0.3268323019290456,0.3598255998074369,0.5162087087713053
0.2029676629106283,0.1783362620664528,0.3462387164001997
0.393660729888966,0.426237112574179,0.5810195771373772
0.3327975059960639,0.297432957731506,0.450175322803845
0.4055681328603624,0.4174760480530195,0.6123490541612518
0.470818775535921,0.4880043060358328,0.6871722991452044
0.1946625834308754,0.1765514138259545,0.3321700010215562
0.2497488793834096,0.274691728953228,0.3549850835840003
0.2920202997425287,0.2830794691277626,0.434307322907535
0.2056700585087803,0.2094775742058653,0.295573451271387
0.125513946322202,0.1193345197925705,0.211331274077891
0.307040595548362,0.2882178526151742,0.5134146854868561
0.3426395536281679,0.3070317570910768,0.4705223677976175
0.2662644649331118,0.2597131933240266,0.430426576417132
0.179490230122654,0.1877147898905314,0.2788115656191285
0.3719068567223984,0.4079342676889653,0.6217534645332603
0.2180114253908628,0.1919654986629161,0.2917757895722526
0.1887226155277713,0.168147133038255,0.3350829546719275
0.2682372732567997,0.2836102331793631,0.3901601400133339
0.2775732909006428,0.244362579615517,0.4378617530510943
0.2701631817185873,0.281975294269912,0.478381386899762
0.4037623694406032,0.3869302724962443,0.5722598807244711
0.4314338224471123,0.431547089230861,0.6240996098094381
0.3511842406795176,0.3512544480653086,0.5626156731996338
0.3213429436525095,0.3436422071476827,0.416022051129986
0.1563426510738945,0.1318699344073944,0.1982790890266847
0.2339989886253339,0.2288543357058202,0.3690994074211697
0.2239951838629086,0.2595631887581884,0.3316322417812912
0.4937055881530248,0.5260442656396495,0.8143444229432347
0.1548737242171161,0.143222206514554,0.2420071889192344
0.2656681089060037,0.2725297899338768,0.4229914611257311
0.3790346195773237,0.3745519802754486,0.5551747030730753
0.3324499293721524,0.3628099963765891,0.5211471072916098
0.3299925345316358,0.2819550751366385,0.5010882171185742
0.2700645693015026,0.2542680522207619,0.4030573090229317
0.3545707275986108,0.3652549452592795,0.5076114936949566
0.4599874174791692,0.4155328138153591,0.6313986662926978
0.1999756374077386,0.1954091625411309,0.3178747593759547
0.3733079497713701,0.4087182299155356,0.5868663846347498
0.3549660543896508,0.3539314782756441,0.5535812808704266
0.2993001894498534,0.2935474755778862,0.4344582572430061
0.386490738790095,0.4194257692784705,0.5753567339938587
0.2720575986533676,0.2992383077343561,0.4310752816383201
0.3167247173988909,0.3649445873818558,0.5855411030478604
0.4358868329108825,0.4478299333899248,0.6627546489511014
0.3796366354985442,0.4012920319152505,0.5437383839337846
0.3030782026619553,0.2929856253809836,0.436809269109728
0.2415075175887454,0.2285900490037616,0.3689440661698287
0.1290724554104251,0.1205910773385397,0.1932541901600958
0.3554945516899473,0.3621847890608141,0.5861509931539121
0.364742350056771,0.4154307823962769,0.5804812110821181
0.356201795502314,0.3384788302461687,0.5035723907890022
0.4076339680507037,0.4087537018672117,0.6404875030526033
0.3895871149516313,0.3553004972256749,0.5728404771385687
0.2297431180097375,0.2538587683512868,0.3002534859267423
0.4333702051781779,0.4283340128995753,0.5892028216859447
0.2357502299092495,0.220745688594875,0.3587497085694133
0.343213011266659,0.3406179995317265,0.4989621044131918
0.3243032313913709,0.2880848108384267,0.4821372209434544
0.09200030999297,0.0794041673925052,0.0843375498089491
0.2208503802518654,0.2299018234361646,0.2764039237564399
0.3116741427449697,0.2615666688792183,0.4188326120030765
0.1557949438675156,0.1300754400336712,0.1958217269942742
0.2735050960897397,0.2991872400648003,0.336617645678499
0.3256096738755826,0.3554403878936548,0.4985602184798862
0.2547120026704174,0.2222401837300671,0.3677587236376708
0.1877161353830202,0.1601473116710745,0.1822836288798297
0.2205027971810876,0.230147359449391,0.3714019791011584
0.3727043851453573,0.3505296978584113,0.5431989657035339
0.2401744526031095,0.2643542787054003,0.4238688800252805
0.3565792675787982,0.3193993694194605,0.5447050168826534
0.2929790227975149,0.3325944643824548,0.4263411329876606
0.3147003206422621,0.329778523731069,0.5020517234399452
0.3657099921490732,0.3748398037053818,0.535539793395623
0.4570472371458612,0.4801411107887726,0.6827783807957881
0.5106443698202668,0.5672341108272461,0.8770649440282559
0.2962947940807197,0.2887828002899639,0.4645457502694096
0.3240541345435212,0.3075194878645709,0.4296065084016577
0.2959631717880556,0.3067065801913108,0.446398724899481
0.2334852121613341,0.2240551835920603,0.4072359454832753
0.2391289141272862,0.2095983198369359,0.3151911886632262
0.3721861977439586,0.3297086240408462,0.4845198102077404
0.3786232405874845,0.3883565219538197,0.5298433469575845
0.3026234705705016,0.3443815737268239,0.4656225876933976
0.3176993227648582,0.3562896019205295,0.4584558214210637
0.4233281819261968,0.4115119966893658,0.6281171341373698
0.2718619953497075,0.2982124862211403,0.4221096774398306
0.3335273933974582,0.3785815803018162,0.5294095671667542
0.211622407635366,0.2240638425000442,0.2941275883893641
0.127075368878473,0.1358475069859224,0.2230358156101946
0.2899005540189048,0.2983353448053819,0.4490212524471182
0.3574297685805162,0.3645569074557497,0.5874204052108005
0.3820043802864819,0.4242699887790124,0.6186401055381204
0.3227693618325861,0.3496187070630231,0.4818272280552245
0.2814375279026978,0.2867482345001564,0.4480805961830038
0.2256858039075627,0.1898209813517697,0.3157731760201885
0.2444484380811149,0.2730827957749159,0.3828055848159998
0.3157892175546166,0.3388923912546457,0.490561913591271
0.3883460147535458,0.3837628530848271,0.5800840696376783
0.253887203724816,0.268480088614452,0.3726767598720331
0.3360338482476455,0.3845621965868528,0.5496026822694106
0.4092321987370057,0.4655102322616138,0.7204537280402558
0.1987664675422556,0.1835540124162961,0.2886272153165106
0.2366689534956108,0.2469657761375795,0.3956196513506275
0.3142395305782934,0.2903277384512132,0.4610066071222289
0.3186232423852317,0.3083467407942744,0.4222520987871046
0.2546710809572481,0.2777384357444701,0.362006579884765
0.3620743106958258,0.357900022658318,0.4577086785283117
0.2473417999485529,0.2984569275771188,0.4298831640454923
0.2376591999921469,0.2666285903842808,0.3869188143504829
0.2963495695200689,0.3159737291931167,0.4958975022882613
0.1999740719893156,0.2142653055850411,0.2860328003088123
0.1331948625125215,0.136404998182273,0.2551757126621153
0.4132824001323475,0.4496513974510979,0.6186800195968024
0.3016046622276986,0.3210797474881592,0.4645632957883459
0.4122651432747399,0.4466019165218766,0.6356641828043663
0.2913526266652761,0.3357607796428271,0.473444310643462
0.1882891336031438,0.1888949706190883,0.3387028016711947
0.4226176960471209,0.4589899155295795,0.676620828406813
0.3794381953884683,0.4144463233145363,0.6214909423602477
0.3059863281372513,0.2549781336521194,0.4360871220014688
0.3566803026686769,0.4009173626713711,0.6349993776965069
0.4074941908953178,0.4276246618783955,0.6392977879372953
0.3112304334077698,0.2932932028451027,0.4508078226108036
0.3011036765082228,0.2515060324189381,0.3577469786232688
0.2697043516017565,0.2785919642422331,0.3727182633325113
0.2903858744440711,0.3094098343921583,0.4884323460393159
0.2390915024901697,0.2343734077912534,0.3225732881201795
0.4021845001799388,0.4142080941075917,0.6127852995535956
0.3263877586026624,0.3372726826787267,0.4752278079237639
0.3488853887004911,0.3149314446501828,0.5199253096504682
0.3320220396401419,0.3618177545484011,0.579553525464927
0.2498129347876405,0.2627783680929626,0.4218391512333704
0.3308695584641399,0.3238254976895424,0.4868839383267613
0.33823758251775,0.3655942034990361,0.5603452416202966
0.2808901916942015,0.3179910998626731,0.4098676431101042
0.3731302525370098,0.3897528713321709,0.5065998108528301
0.2951457110523634,0.3343528401164859,0.4684654480580586
0.2239369917607183,0.2274955891114718,0.2836562972631435
0.2348638757464125,0.2520797989712828,0.3334686836386456
0.1075132252528886,0.0807021876650907,0.1105251931160804
0.4072401287140807,0.415964705732072,0.6381594299969969
0.3703195814629323,0.3863471186183958,0.5790664836733281
0.3180797586398194,0.2823621672319552,0.4513492788553967
0.339330513973739,0.3795282060208281,0.5442527260357631
0.3841613018535037,0.4062210156051089,0.5803154964348564
0.1676661987058109,0.1495496094296264,0.2202728070401213
0.4431122279424158,0.4665119944017785,0.6851558831728437
0.2820250012354347,0.2460111354817618,0.3875790097629987
0.3513738497802972,0.3568602519040689,0.5811635718261657
0.2523662751818087,0.2272169297265823,0.4826589511016451
0.3755363071961584,0.3507786389037204,0.5703355716676444
0.2386883026613248,0.2043406518601307,0.3183222069698037
0.1525747151764996,0.127094508655545,0.2209303884639027
0.3195663988550573,0.3374769914826924,0.4940367713033911
0.3327154329909983,0.3300917796910059,0.5154945676278329
0.3235448232843783,0.3563571679140796,0.5225599162561545
0.3947193032567234,0.428700903297509,0.5977415413247181
0.3634255624082221,0.4076866650472097,0.5465091900602181
0.2627041871456742,0.2577701125370429,0.3992695507002182
0.3623055123886969,0.3609250373552237,0.5556405917984332
0.3268324062876158,0.3086808514345345,0.4226432426137395
0.4250804231137358,0.4665657967159127,0.6924386753724387
0.3349666300600725,0.3347886110973761,0.5343556805066932
0.2849822741775786,0.2974278176814396,0.4705009539888223
0.4381264227176324,0.4832660961915561,0.7513702383303449
0.3031347457515607,0.2880766745390412,0.4894101623999269
0.4096696258124069,0.4561200830865919,0.7004642461547544
0.3304444211314019,0.2597121281990387,0.4190370395303323
0.2882821040058301,0.2879514061834564,0.4542865291273358
0.3906224239853227,0.3868497918693805,0.5596857184563137
0.3830995239098238,0.4300834541573062,0.624258979970811
0.3316666720418185,0.3650570661646775,0.5472373602132031
0.2654924405373867,0.2220478738553761,0.3663095513640088
0.2655758123496607,0.2913819276409294,0.4951222143606558
0.3157836765596449,0.3624374686255054,0.541459446232321
0.3575405727055667,0.3925923019591118,0.5215596281388201
0.2274136730632804,0.2185544235797681,0.351201242039632
0.2650531534489641,0.2858543026015356,0.4733167306493477
0.2478667433913826,0.245976239943112,0.4033449024037603
0.2737619211690949,0.2943684986829185,0.4278968461835487
0.2939609994844354,0.2449968802332061,0.4522621548282609
0.325106398778774,0.3533623815826345,0.4416789848120852
0.3195370275058912,0.3627463199701205,0.5054234721486707
0.3793195423339524,0.4009834118157727,0.5420910422834502
0.2412700540053009,0.2451870795720341,0.3945990255415276
0.2989059084189825,0.3382435742993413,0.4503137064346868
0.3581985363229032,0.3454650513307416,0.5125598709704894
0.3296953192077421,0.3876787104902851,0.5558359521423621
0.3213202199581889,0.3278477668373373,0.5467574246743979
0.3615703667540555,0.3499959440828049,0.5332735434268867
0.242592818308329,0.2307175874600463,0.3210014026634802
0.1220285270210205,0.1212234992812484,0.214032208580838
0.3449751834536146,0.3874059855990319,0.5503402970130796
0.3892362644763486,0.418383291970901,0.5914287099881785
0.191005413992609,0.179734011560769,0.3392710230985129
0.3140707297867959,0.3183941182983023,0.4129361836279031
0.3184548979462053,0.3332298969344947,0.4929650196285502
0.1884993755793457,0.1537154239463434,0.2096781951109772
0.2643973919301173,0.3054143366759231,0.3668157270242097
0.2408225516301609,0.2712512692908593,0.311598491794132
0.3405887628993914,0.3848742394589919,0.5886744919639576
0.389891532424219,0.4136104273342748,0.6201300725566806
0.2597528313486313,0.2773882709428416,0.447972463720513
0.2129443912115444,0.2108211290911728,0.2924127627760629
0.201557726311673,0.2116308016285109,0.3204831971678789
0.2619710089667286,0.2826938701479634,0.3920198355359987
0.3594574850049438,0.3896892835004037,0.5919110417452609
0.2675619315289606,0.2911893286278998,0.4051760752061591
0.2139111252513142,0.2027391864740489,0.3124444393915648
0.4431532405226409,0.4322313537495991,0.6967563333028166
0.3558411345276555,0.3405069374693774,0.4818973960527206
0.2006263667188749,0.204690925470385,0.3822113535206141
0.3654656974248299,0.4015445975836073,0.5372341704821231
0.5020431555176584,0.5174878923927998,0.7550801859280758
0.259745263446874,0.2800998049998575,0.3920974708228577
0.3382837115822865,0.3337307355808759,0.430888138545597
0.2610958416157656,0.2418641574036152,0.3668305611774663
0.3306581225416294,0.3426541132494872,0.5153710378907158
0.3059834399288556,0.30361118902174,0.4746950931858674
0.3099687610618789,0.3410949275849207,0.4525738024278936
0.380722824073202,0.3660366774543909,0.6424645222402593
0.4452705127131051,0.4267561873537205,0.7331987440373628
0.3075717026573135,0.2855586110628175,0.4414709197765781
0.1423971077869192,0.1123652238599065,0.1999010999168229
0.3198011127542108,0.3530040328899892,0.4438003072140078
0.224418547796725,0.2338923025822045,0.3447978274400094
0.3750116661299508,0.3854649986963938,0.5484743724574339
0.2765152933968847,0.2933068108020123,0.545799378190153
0.1972665308947172,0.1682389385484012,0.2991775075339686
0.3429712111016031,0.3744046663502272,0.4997955203331388
0.4372734694450118,0.4652090550540994,0.6688519714505822
0.3614940968653047,0.4142064282311127,0.71914756083714
0.2515101380649763,0.2289817872895396,0.3853118405567288
0.2423343420451312,0.1789301992949884,0.3219522146200292
0.4918110801154655,0.4538213931919261,0.7120902317849683
0.1906047275340887,0.1896798147350944,0.3187315808044792
0.2760537715038547,0.2552866277884961,0.4597579805524794
0.2693613580920136,0.3035609438706099,0.3972246142274357
0.2644191717781399,0.2561605314207242,0.4224191605794633
0.3881227509272597,0.4394796692161742,0.6426327052000357
0.1877607208907465,0.1582444317740154,0.2641409436667807
0.2202552248425217,0.256345656202038,0.3253784266711149
0.2390317958308232,0.2332519266836589,0.3348665659601331
0.3558858547440753,0.3410054480120488,0.514767346789151
0.3444931371295692,0.381696693336633,0.5261874069524286
0.169590755253057,0.1690238288840985,0.2768402271683194
0.1624360146597775,0.1755669805044154,0.2511930295800637
0.3441200142773976,0.3609323683655489,0.5059879426602626
0.2842428977377587,0.256391783796719,0.3838210727905454
0.3643619569742529,0.4105411435182833,0.5567407182038233
0.2559782167607317,0.2676062786988263,0.4219198089122442
0.3822248601438039,0.4117622890050789,0.5531455522348137
0.3764712756528141,0.4148855079501228,0.5800158258153848
0.1829032476863735,0.1767540436434844,0.3199648495448186
0.3050974878269959,0.2744175951175219,0.4637098959538807
0.30368582370055,0.3318022709086469,0.4904758232855035
0.2989310530043501,0.3326379195421289,0.5046518307842714
0.2895965405100354,0.2922299866107588,0.4003508531807112
0.2874525306889984,0.3002280772969407,0.4277196962287748
0.316486232967075,0.2922930843478535,0.4798738113693149
0.3442454390237939,0.3509669227383523,0.5542542305424608
0.3152741278467468,0.2985119778364831,0.4708394984004201
0.2366362553324715,0.2430828021107159,0.406158080674011
0.298753568288775,0.2894479665612243,0.4204005896626752
0.2321592609519457,0.2130850297716612,0.3429457701047976
0.2781294195878143,0.3009649832468612,0.4490115608430781
0.3066499453977909,0.3034142661659615,0.504531263456679
0.2640848130694871,0.2749124622873258,0.38871937943468
0.3080637903867672,0.3324584916197213,0.4877789925748193
0.376233749095932,0.4235259157039405,0.581194539588145
0.2342683303894194,0.2638092681767724,0.3771437129667622
0.2638660393814134,0.306251278274151,0.3871710807288949
0.3529264714593233,0.3990672824144611,0.5594445954681249
0.2574459929490805,0.2203978432986597,0.319978042834915
0.3612085860530828,0.382238163880699,0.4634941776873889
0.3358135286768607,0.3859202496297491,0.5469020133290635
0.1476271944493801,0.1204849442912352,0.1812561908921934
0.2942709405598224,0.2542989922208382,0.3915153049972332
0.2779270472567511,0.3009746224099698,0.4212112619979338
0.4422959775511978,0.4620431601733816,0.6275564713259766
0.3790161333983131,0.4080210817999256,0.5625473520751679
0.1137706028870042,0.105798588156771,0.1846355559073324
0.2331214305571588,0.2465855426738659,0.347541637956832
0.2377587684171616,0.2554336349641091,0.4327294445523063
0.2519848442975824,0.2505315009688187,0.3430500995614364
0.2709667743675264,0.2533761810010618,0.4635325904290192
0.1544811012878758,0.1372173117212729,0.2026415332843872
0.2097715374273152,0.1951722169785116,0.3348814602450579
0.2270238106330419,0.1896435327315236,0.3075691766814168
0.2491061972054313,0.2536791569153031,0.4696754384232166
0.3169152503123515,0.2810713156452097,0.49069094275727
0.4678944269662606,0.4791552380186754,0.6486321391081087
0.3356841522339054,0.3631185211688261,0.4595283417254344
0.1202197652546119,0.1104678465104531,0.2068134274850719
0.187334751340039,0.1970042199487835,0.2719246207445233
0.221966938187554,0.1865812976978427,0.2978202262388246
0.1485494013334743,0.1524890825748969,0.1855048429433629
0.2178451743920312,0.2504920363683421,0.3085843100372134
0.244953072384566,0.2200345756916715,0.3977159066817393
0.2363036457926696,0.2203767120262131,0.3597021166292975
0.2337406162546027,0.1940963944312811,0.307028015716745
0.2531183785937382,0.2494657817227025,0.3045326218425517
0.1860278898354044,0.1464183705392959,0.2287588156345605
0.4438080774917424,0.4777155916904081,0.6696265630810921
0.199364720686789,0.1760552758677475,0.3018359313243738
0.278910111018708,0.2976158430717696,0.4245017298083186
0.2655842720101892,0.3059196747096901,0.4683031733022516
0.3259921115926095,0.3104954178531385,0.4434100743050367
0.4050135750161743,0.4149428039262827,0.5915614860382609
0.3020794791042226,0.3328160692933433,0.4581247258047142
0.2165009973332307,0.2509967338070624,0.3456324122193626
0.3063231810057086,0.3128381164750543,0.4394324397624548
0.2628190350798866,0.2722525565902787,0.4477729861657164
0.3395796188352566,0.347549979788314,0.5353807539910599
0.193909657566638,0.1813520250362907,0.327869803443567
0.2324740759688648,0.2269019461478639,0.3532640203843419
0.1532363691218086,0.1410453220145648,0.209354120323203
0.3504292856056731,0.4059757338272847,0.5946616223048817
0.3039694950096591,0.26518063567984,0.3896206495725423
0.2512763637952451,0.2714126528930306,0.3727845479728439
0.3006670592015518,0.3283896840816863,0.4625491998570442
0.2237141484630491,0.2110160457607291,0.3346184884897296
0.3452700796121925,0.3443607334274747,0.4991661818071289
0.188600238730112,0.1392978682370802,0.243230370694897
0.2463948193941155,0.2297146429396117,0.3958378724831923
0.2737813043072789,0.2875374860026263,0.4269479523307391
0.3108485687331937,0.3184461562919261,0.3814789734816934
0.3904617716804809,0.4015019317623853,0.6072379207816477
0.3015017755896948,0.2504777936921186,0.4502614626804211
0.3001699332095099,0.3104505310357435,0.5261451488124917
0.3068055376758479,0.2681473578764916,0.4575636741591826
0.3044182148680284,0.323357632022162,0.4934416302311522
0.2881092841221826,0.2691324187637524,0.400756743165932
0.3175828578592312,0.3523912655141018,0.4995308167310587
0.154464570719882,0.161996539383012,0.2101764150087633
0.2413662133690427,0.2463005285585633,0.3682113232731911
0.2523470256890567,0.2659059641996805,0.4021163371656356
0.3176430890615197,0.2825301612477677,0.4659692073097121
0.273474534185669,0.2956966550451314,0.5109716752513104
0.2931168928609847,0.3167738862402321,0.3913264347145651
0.4057040962890247,0.4262528446325748,0.6241205435583331
0.3044182431342319,0.3221004209362736,0.5176609827884735
0.2571050647071671,0.2670624724079461,0.3705598853602015
0.1872166955672011,0.1753278155928704,0.3213218197446511
0.181375839547472,0.1841145864656676,0.2460974673104612
0.2806625944614463,0.3179886584983076,0.4529396486872944
0.3141745220169558,0.2876084267429881,0.4551942138976447
0.1703894223722935,0.1760440606960404,0.2700973710037509
0.2718525270636411,0.2681054757624227,0.4731266030301675
0.2722036380061696,0.2791523139706928,0.5141341507708158
0.2765785000178709,0.2951365652640799,0.3977767217545681
0.2577218927428289,0.2842801516610445,0.4538865330795599
0.3647772862590211,0.2895816146129101,0.4815791222700433
0.2831961715945797,0.2564792963549059,0.4582031049167788
0.2894521360950872,0.256496907465658,0.4003664920247268
0.2656836848150098,0.2751241984427744,0.447729526686741
0.3122123304885981,0.3634653790311596,0.5073136490123882
0.1812330901505079,0.1847532082680521,0.3072994182579872
0.1041426975984508,0.0886244020456431,0.1344738467919628
0.3484983626650275,0.3990997911575253,0.5816508363576797
0.315469085303254,0.3489913924558454,0.4711317618448014
0.2260504691711778,0.2097908635208962,0.3561821217692706
0.3041311956612635,0.350325286689599,0.4911501797178725
0.2616049117895113,0.2535443465272167,0.3928894114571223
0.2773550806044845,0.2501324199765801,0.3524300087224426
0.2309064064754838,0.2395332141031115,0.2967029918350958
0.3118988421011354,0.3526051387362197,0.4746143904865171
0.3089951494793834,0.2746628457639293,0.4614954175029035
0.4168792838312504,0.4117950270242441,0.560987952540464
0.3673801461848894,0.3424921863705286,0.4866625889172049
0.2376176032071934,0.253692793007723,0.3701699946409365
0.2762002494540552,0.2961296481445621,0.4656256254219234
0.2958995900600997,0.3233560799636016,0.4174415388600488
0.349285008077059,0.4029197439139466,0.5831282407913477
0.2819054650020312,0.2786991921993291,0.5026085259185166
0.2592875779172747,0.2528246915416191,0.391216258784785
0.3065415185597164,0.270598598613033,0.4430761963756693
0.2910652678123767,0.3326781876480738,0.4532744279102927
0.2834123635909651,0.3107773371330398,0.4575791721570014
0.1763720572467226,0.1857775015311543,0.2716702945478048
0.3276417422782197,0.2788546162161746,0.4687752601024305
0.1667345662583349,0.1588156226954484,0.243230685877411
0.2971518110303286,0.3207154747222574,0.4952379899525609
0.08719449111504,0.0553700693433472,0.0709198318512576
0.2026164480501536,0.2104760338246415,0.3478581492018626
0.2779699196162782,0.2842800389252453,0.4554973542106263
0.2839429937109404,0.3072964428096706,0.3534230525719423
0.3483364472845377,0.3763561731483034,0.4833008029657936
0.3732536533085067,0.3240489767246627,0.5484930801657052
0.3720632484874159,0.3835664967151569,0.509882946925182
0.183372512122733,0.1570087087294849,0.2554650762389021
0.2809497133562804,0.30234123581509,0.5249599740788246
0.4081563129118501,0.4061245082818494,0.5811411177523711
0.2637300506292624,0.253293407529113,0.3533148564695452
0.2447151503479803,0.2332698895162365,0.3917131237958513
0.2088955726716286,0.2147759880764796,0.2835774421311663
0.3247731175701838,0.3053515478873301,0.4317901023612943
0.3855739668969227,0.404808623138652,0.573702077385936
0.2347816006356414,0.2204120542389672,0.2905864413173756
0.2556728740392336,0.2466150427913984,0.4143189342487453
0.4258109300392644,0.4466853365566038,0.6165215231746625
0.294437231349224,0.2824641905105482,0.38298677632826
0.3026968714340132,0.3311151470030118,0.464061056325966
0.3504068040014597,0.3613896790381021,0.4252586701775263
0.2977141537536009,0.3102608817955786,0.4548891999353963
0.2531807241012261,0.2335864380725334,0.4121859634981751
0.3844599238271311,0.3507712287846373,0.5570945048492799
0.1569642618243897,0.1397294369788595,0.2477267282376112
0.4136134975804612,0.4462306774708385,0.6084860741484044
0.1840608614804241,0.2000354603688998,0.3099111022144878
0.335666317675597,0.3353830635834608,0.5551869607824101
0.1587451338096402,0.1542158207450103,0.2327473838846451
0.2331255840723927,0.2287304406251021,0.3621699269490662
0.5202856125245527,0.5497029212817574,0.9237443934874372
0.2890425389588131,0.3054525395523427,0.4216127496339249
0.2066222098396694,0.2006438423690498,0.2797749845210198
0.2432631603636112,0.2152701234934791,0.3516223027561301
0.2619114632770949,0.2987735357240636,0.4518583613666372
0.2493908188361782,0.2461623492639617,0.3734480707039659
0.2842484421346691,0.3005395167660622,0.4210638643122784
0.3020819572530011,0.3440807895700766,0.448574106289746
0.2585791936652137,0.2549038778235531,0.3894006577070516
0.4150465389228281,0.4544745362207989,0.6583227979424114
0.3641774225926802,0.4108115918707726,0.568322305408046
0.2645370016054975,0.2925236179533104,0.3910385353065126
0.3118084621554323,0.3420607622591697,0.4780535002790499
0.2880376565262236,0.2308354723449371,0.4028899601721404
0.1758422836012982,0.1777382266921423,0.2516788406975206
0.2669849785473869,0.2611898677865933,0.3739132947590267
0.0838906329895264,0.052370602087496,0.0706401863490853
0.2344984173683386,0.2058356473603942,0.3926811514234875
0.4143832491438038,0.4461151406491285,0.7254484623793137
0.3444647740692727,0.366841123225793,0.4786222222112202
0.3755221382589213,0.4185056551306269,0.6515564862471231
0.2440227585970886,0.2453381250641688,0.342718653670103
0.3264698183047543,0.3794076333264353,0.5330258603671824
0.2015014131151734,0.1821121842825619,0.2506215488225761
0.2505281700887822,0.2765134482609819,0.3970458854847186
0.2642597019713191,0.2774440568388042,0.3752092234645138
0.2839393143381297,0.308123155256521,0.3506496982838115
0.2648847756369015,0.3016160301177684,0.3570761230442246
0.2525035984032694,0.2502071203782159,0.421414105951291
0.3741152219330479,0.3721774797907403,0.5438800919132876
0.3136114077101563,0.3321442654120951,0.463032072833142
0.2009832940063778,0.2232908502377722,0.2941229958328993
0.3708714736659533,0.3530599972764226,0.5381880017592117
0.2441427807502768,0.2172148713312364,0.3556889361838963
0.2388717677400139,0.2539200781278651,0.3263777768813384
0.3828610919944567,0.413039597460235,0.6006635739338463
0.3443875827745458,0.3644716844736827,0.4680489486490905
0.2541060784200026,0.2510131474373818,0.4092120991189741
0.3574503791679815,0.3707373471620208,0.5917230710503095
0.2229888352357695,0.2454581734839173,0.3180920879149513
0.3278528902628316,0.3516668627704924,0.4421218403969209
0.3308555170537441,0.3382410619651502,0.49576210037634
0.2238029596589191,0.2029327890454321,0.3240671342498881
0.4379467272955884,0.4722610391054206,0.6699426029088473
0.1755805849747207,0.1628229578671375,0.2979878677213904
0.2028448635890414,0.1750374355339786,0.2675052834174007
0.123470433574225,0.078730812937822,0.1150234906190111
0.2401706678524429,0.2206356445726522,0.3631151536906911
0.2386670689109399,0.2096220626140918,0.3287082145682334
0.2806662077051589,0.3161881497584304,0.4570492078170723
0.3373614028976368,0.3531225657901279,0.5557675952332704
0.3222616935335307,0.2451006033264589,0.3973602539486622
0.2171486179290526,0.2432994761476938,0.2765278398593789
0.4060249231554439,0.4457857335519889,0.6450995557501378
0.3129931617630185,0.3440949682941351,0.46995258146634
0.2771443378327302,0.2057969071815212,0.3582041756012722
0.3404192534948622,0.3592790441905125,0.5719969164097337
0.211428167981442,0.1992402480495274,0.2646156455922882
0.3094369233637231,0.261498950989363,0.4580845693036737
0.1212322043302647,0.117138897230346,0.2141452642864417
0.3194076612244078,0.3501883798866316,0.5087728298630275
0.3535295750329803,0.3359721619739017,0.5318696277987461
0.4012009020247149,0.3656965257417044,0.6431398291814755
0.2783192012485449,0.2375192079860513,0.3737983016184259
0.4358260802936861,0.4266991338842854,0.5807169831597804
0.1961449128558678,0.2031663931710948,0.3174680829409388
0.2925631911979913,0.3176981700779467,0.4835376798987468
0.2909558603671593,0.29417876314209,0.4402688274940195
0.382898697375233,0.3864267495807627,0.5860788873472286
0.3040482267421628,0.3178161866094072,0.4329628458353984
0.1670529554792681,0.1445941512753703,0.1900010001511956
0.2169306416894031,0.2289046128843858,0.3168136800231109
0.3294049895987243,0.2932512925710601,0.5353572270782787
0.449921975380801,0.4507539345078002,0.6694321084350782
0.265713181400452,0.270899174751937,0.414942463425622
0.2795708485451705,0.2816632914439655,0.4924381144893594
0.1955947298658846,0.1838061568007496,0.2822738439020437
0.2716600030734281,0.2112612581760984,0.4051549745335308
0.3557861853869485,0.3872445853287622,0.556532762001427
0.2461552962212068,0.2606900819674157,0.4214995971901192
0.3635111478119265,0.3870048172500739,0.5756445924708969
0.3732388718624623,0.3761933274028403,0.6457254823982697
0.2510293104276573,0.2267599087902294,0.3193831638740097
0.4037752361455889,0.4448996954567534,0.6067961309914568
0.3217446548680907,0.3545747993046276,0.5109107124966938
0.1993124878887279,0.1670694951425518,0.2942219453423703
0.2685850963304166,0.2290283197243983,0.3883874558616636
0.3934719098531157,0.4112415342369198,0.5908900853322007
0.4655191593745311,0.4822630791429211,0.6857811809137083
0.2879307151637273,0.3039373482424495,0.3653216356626031
0.2941489423021487,0.301777961083254,0.358024339290615
0.1364962849675461,0.1162435536565643,0.1445530446829246
0.2879318566437789,0.2691372726687031,0.4530891317497723
0.3000278355673209,0.3414273862628115,0.4721307258041061
0.2690663194942737,0.247515683934905,0.3729078355514248
0.2899250327709096,0.2743177233884334,0.45965689058716
0.171114150849537,0.1624712232631345,0.2622977321901652
0.2696901853489097,0.2969466117312606,0.3963378666597476
0.389403076855544,0.4271201217016231,0.7268997290520128
0.3527613363274233,0.3882808975570807,0.5254911540922834
0.2910995577379099,0.3258035014177765,0.4594953416235234
0.2512694923063904,0.266136525585403,0.4325763938296608
0.371419851972436,0.414531070089859,0.5974408729825232
0.2635815523841338,0.285809411703921,0.3808797703036459
0.263704258934572,0.2607982887249493,0.4127912378555366
0.3564480136646579,0.3488696951352935,0.557879028433326
0.2759434951699676,0.3206366766857605,0.4287949336188397
0.147770768358231,0.1302689595426736,0.1665081253965735
0.3053624634380592,0.3443580390059475,0.4355568862682951
0.1759761795364946,0.1671599223927856,0.2757509028253969
0.2347797477165507,0.2589855180212063,0.3782848060205037
0.3570191759839534,0.390168451122077,0.6256592032875069
0.2552535452962657,0.2787878674126222,0.3749096853051251
0.3390750293341864,0.3255357105429642,0.5389884415322519
0.3112679164601248,0.3370660392247506,0.5088703677886979
0.4223696034392175,0.4470372992188748,0.6124630007271425
0.4031164903454786,0.4419874741174645,0.650354163629441
0.2453038344911376,0.2203239445779062,0.3711289852950721
0.3554172523160049,0.3774878972467809,0.4680005584860507
0.2683172168052903,0.2362236900922537,0.424035599778479
0.2408028805779049,0.2462192416624397,0.4012647899174376
0.4608344063992307,0.4727893915459686,0.7373458732649697
0.2948235146627188,0.332368666906549,0.511919646770292
0.3313254813238102,0.3638497332485612,0.4873097351970851
0.4482662870257485,0.4357614107438569,0.6172420162953463
0.2009966059647527,0.1565610202233823,0.2487585700507384
0.2706709588315361,0.2628771240910721,0.3982136396142196
0.3232730299189105,0.3213400715592029,0.5099264417832301
0.3303476480269189,0.3533279898829355,0.4559319505969497
0.2806410230079761,0.2694433616150155,0.4954639056291686
0.4676784212023168,0.5030126072316343,0.7629379965959235
0.2963751990755585,0.2676686311804871,0.3337149468525785
0.179422392030442,0.1437454738686398,0.2651498038581582
0.4244541683370543,0.4118237168293716,0.5979515581340237
0.282347338914428,0.2981700957138135,0.4658917822712524
0.4260016194592849,0.4426817565162274,0.666492013392784
0.2173015670765124,0.2264242545083478,0.2971528204887796
0.1634609745570032,0.1670777622715043,0.3006353562545131
0.338029575452436,0.3785285220637045,0.5364618841341028
0.2110254738567862,0.1877736885283504,0.3083041398579751
0.2489549284578735,0.2264121346710075,0.4091611028849402
0.3579151113209143,0.4070249635374093,0.6493344463303048
0.4040327371259903,0.4160996984498778,0.5904940615639821
0.2964566222204964,0.2676854669809009,0.43553205605345
0.1654347338518884,0.150220010784034,0.2080773646959026
0.374057754267471,0.4096662183818167,0.6019574086550347
0.2540598261368596,0.2677595036798743,0.3794312941167621
0.2368674295769547,0.2642858670084116,0.3765765140039268
0.3321704032265085,0.3338893011261352,0.5423483717700958
0.311805991641002,0.3305031204413425,0.5192331618315259
0.3471952551109907,0.3429439619105187,0.5700229053404957
0.2662499011311248,0.2650635539634166,0.3792060552096394
0.3585634889769258,0.3119113769182112,0.5136473494162435
0.3410077526120336,0.3400830556426745,0.61200099875629
0.4491780435501827,0.4581680607768135,0.6860930179414916
0.4075933177953699,0.4077082451288324,0.5620197024468127
0.3343068167228767,0.3811682454052448,0.5231429720392499
0.352102883264475,0.3928612950511088,0.5348577536717127
0.364730751728858,0.3681630660784355,0.5487074612818018
0.3306819596399171,0.3566488524841919,0.5186677761415368
0.3828350734615069,0.3997884787417936,0.5768562969776001
0.2397045054395901,0.2437189971092307,0.3424997367483478
0.2714492294447517,0.2994152197050395,0.4480459323613769
0.2837708445786063,0.2458197071201006,0.3800535289077181
0.1871133103936163,0.1672613411586567,0.2986865297492904
0.3656496954311939,0.3971577795958208,0.531787740167121
0.2646393319779156,0.2788786864725275,0.4752165886525978
0.2766193262352337,0.2765395339269056,0.4022888463455452
0.3232191137076264,0.360334276128901,0.5814545301864282
0.4071053811895296,0.4365605054565187,0.6052019384559988
0.3363050933137695,0.3380678124906581,0.5547359501424591
0.2318881894828335,0.2500339448629594,0.3112519402199444
0.3071230283581193,0.2935808825879219,0.4113414621700261
0.3467958713058361,0.3072333114536654,0.5461969337686132
0.292711897654873,0.3108637106210243,0.4633640438121155
0.4046612134789804,0.436758435219163,0.6135631552223394
0.3909193878950228,0.327491331278168,0.5365303089214095
0.2834811992321612,0.3111189526066769,0.4293537535865124
0.2370616134774985,0.2442902152302609,0.3346818585991886
0.1756960555734139,0.1482968961584309,0.2514924407167037
0.331853855767977,0.3480894286326845,0.517961052860354
0.1880438660134023,0.1707593838916422,0.3288196445542421
0.2665525985559155,0.2445599190027126,0.4175179274849667
0.2309590954651298,0.2127754437865812,0.402662276230168
0.3328109640661501,0.3312942756049489,0.5452952078013102
0.3268260098476379,0.3457971653140025,0.5159189625155876
0.3337064600978273,0.3542979983567601,0.5425258700884287
0.2534814020620477,0.2513486782112507,0.4410194079786067
0.2459264234824297,0.2686747465029853,0.3882116067445511
0.2160433660282762,0.2281163265358694,0.2941249406093986
0.2974472164171686,0.3287246075433348,0.4785482518902605
0.1930556218958165,0.1846467239271086,0.2563288646273826
0.3115392813133462,0.2997540458161368,0.4493601532046029
0.2727784636792077,0.3084111139969818,0.4328845535555051
0.2491523512598893,0.2828028967905884,0.3668838517596088
0.3544130717076451,0.4008720669238699,0.5599655126540154
0.2640735112449557,0.2827370185586006,0.478414564667007
0.3044944770142572,0.3220708954302699,0.4938754439848236
0.4283163583022689,0.4515004249955464,0.6202892000422932
0.2490680055760817,0.2276940808189992,0.4283364803521007
0.2281665367469818,0.1799580401734915,0.3286762670669862
0.2176978846524563,0.2099007647820714,0.3087276083782536
0.3297049747284318,0.2864075080785901,0.4476467663713402
0.3428328956950245,0.3574195101153563,0.5866728595220181
0.2250989206405737,0.221843568899446,0.3736165950549988
0.3149186595063412,0.3604435796009227,0.4904509338037033
0.3024264024460295,0.2656421266900532,0.504701470522407
0.3462173555437624,0.3932726098135602,0.63064579207018
0.3490474121336913,0.3857028397718539,0.5672460433717456
0.2650495864292492,0.2891334098408916,0.4351190953430152
0.2660138215279022,0.2401161184226244,0.4117322553240744
0.3170249786680392,0.3202236331314581,0.4591717274134123
0.2446522780521284,0.1949009347479814,0.3731291015809901
0.3279343456307746,0.3040296030935581,0.446751480990728
0.3632862555952277,0.2820499664544366,0.4910786203256124
0.2735790376551185,0.2701742651832796,0.4097166072970968
0.2893394758893274,0.3302657117091915,0.4680086073867552
0.3797515336968231,0.335640626716747,0.6076548953454646
0.1816336642104276,0.1649197545241019,0.3209872633770556
0.3228958775583955,0.3509695494306025,0.5143246582337977
0.3827390709947146,0.4313815423873199,0.6485123446712727
0.1723461520237578,0.1655110917893269,0.2242653480191548
0.1799583698544027,0.1530698133507966,0.2486656554194031
0.2902017923352532,0.2400629485685846,0.4199258170595497
0.1649161344475426,0.1591217632308589,0.2288278979050211
0.330529697143016,0.3555640491230476,0.5313997504920643
0.3173623822879973,0.3353028901581805,0.5038912248063648
0.2069586416001887,0.1884449441729628,0.3422950859795472
0.1138532826623286,0.1015048141680252,0.1745040545804548
0.2122875046876809,0.2259052823854147,0.3295157379690314
0.2931845016732705,0.2849443305131623,0.3893386338196186
0.3016536438464287,0.2815077487498467,0.4944656120997239
0.2336520122149397,0.2203723756990425,0.3390916279191097
0.2049020921682057,0.2037906153396896,0.2548986621647992
0.2814363556487101,0.234822344609551,0.355782242990346
0.344165790362308,0.3369871860623346,0.4873765496762393
0.2307267967757691,0.2471191968682191,0.3591620653037546
0.2472801654284216,0.2545116939389327,0.3773375843298079
0.1936012870604228,0.1707634885167528,0.2734902573781837
0.2657180338478957,0.2730308251001339,0.4401222624395555
0.1924250070076989,0.1628072019228993,0.3004084747741407
0.1881426551530822,0.1716656165736726,0.2659343527083633
0.2255091056656427,0.2334265228240671,0.3556112118898099
0.2678053265942528,0.2643406399738524,0.4259096843033255
0.3689521903458455,0.3848770365421921,0.5761274579700175
0.3020901863328551,0.2465090498257574,0.362075566350362
0.2326345760097402,0.2491880716180451,0.407578027855443
0.3422146159803382,0.2910996922758466,0.452426012007169
0.3544283675216746,0.3466582966845503,0.487940117569587
0.308635191132652,0.3372452332056374,0.441409301346652
0.4493272483781715,0.4922590987728497,0.7694749928338724
0.2586243492076162,0.2270258265035031,0.3748552582009088
0.3909372053697109,0.3752821508164192,0.5930238593936327
0.3093069051778577,0.3586012869331655,0.5045400361650839
0.5174533018390369,0.5593857611763171,0.8442106240088895
0.1810048773369056,0.1649970529746202,0.2705487964957058
0.332677974875625,0.351809504082723,0.5513725339056433
0.2808446787844317,0.2644054602775877,0.3828402709956514
0.257690672361925,0.2312869939187976,0.3750404538078648
0.2737850916631454,0.2331811384001404,0.357012867410922
0.4036396356514961,0.4210247719832564,0.639539813068324
0.2390334398904433,0.2438935438177132,0.3238751168024203
0.2907737741968632,0.2972441054698737,0.4659820611906624
0.1499627953965603,0.1312088483444567,0.2272114221453684
0.3118207687230787,0.310277161658538,0.4015448556983896
0.2339945459690131,0.2503322747949784,0.3863624627492768
0.3639589513840189,0.3810773641404011,0.5247958829813936
0.3303101506722012,0.3112443887189124,0.4843616298545481
0.3249480146061652,0.3267159969714729,0.4855397650926635
0.2411349404832973,0.2532769921568858,0.3481233430015244
0.2472584396739878,0.2688664789873876,0.3808685583051939
0.3767852504618704,0.3873862443707145,0.5670548626670198
0.3525412134518737,0.3472100442288969,0.5481958810172833
0.2803597110714029,0.2258690588272877,0.3930325147934342
0.2891097634502589,0.3339798134366074,0.4839014611173542
0.2082500352258052,0.1970521905941543,0.2437884677563021
0.2574735809156237,0.290929863982543,0.3827994101676933
0.2517493848663683,0.2087556338065232,0.3176762421615138
0.2147512002008949,0.232151329997691,0.2694729634937314
0.3650787588776971,0.3878721206898606,0.6440085096998724
0.16992109201187,0.1598061999481447,0.2345682165560817
0.3805126846733696,0.4032235692147171,0.5989864182441778
0.2799309618905032,0.2811689316898034,0.4401476725183095
0.1928207989920821,0.1854126207495016,0.3122350057580384
0.3582821430412061,0.3392501521598562,0.5327699346394004
0.301507824436457,0.3462961622077951,0.4780063978994444
0.1139171621294325,0.0975527369962747,0.1526098982482228
0.2456121007283615,0.2617073609514995,0.3598305002291516
0.3666070406235345,0.3686616058308756,0.5621477155043993
0.0316886124887978,0.0200850500056124,0.0
0.1029670627935191,0.1071541185178496,0.1790113845393248
0.3212492043612806,0.3556776120486618,0.5708659175115782
0.2894579123401627,0.2641259848903045,0.3978120177606579
0.3681416605823127,0.385022564913885,0.5255222471015532
0.2421503461399257,0.236972500138977,0.3840140901703698
0.3995211365486162,0.4287074577934809,0.6408581557787539
0.3562307705212756,0.3642369709218586,0.5823879457024206
0.3318834546568726,0.2734364945176127,0.4899053708047834
0.203249414326303,0.169074821721187,0.3345597096346774
0.3833230574968321,0.3660746146972107,0.5019348152851542
0.3975057012914029,0.3902370361350717,0.5209057440107394
0.3398040334380111,0.2868782280788969,0.4496091960911162
0.4131842836762721,0.4222236504059635,0.617616633143556
0.2691598274987666,0.2150553957794275,0.3992325978352832
0.1312074773789099,0.1098572763782433,0.1652275905466924
0.3182954270095697,0.3386870165958522,0.4511843357402744
0.3003591753297257,0.2476842109468775,0.438009395027539
0.2394543843006943,0.2132307519273682,0.3447141971489846
0.2825796972289909,0.3113937506438006,0.5194584388225021
0.2443393723443507,0.2242818678558594,0.3466014451426698
0.2703832190121794,0.2305883546938152,0.3681694514608363
0.2623515937252829,0.2079910564187115,0.3900456878493303
0.3705227188850012,0.4072619151331319,0.6189196394568384
0.3432904036879525,0.3740711150183927,0.5407772246587859
0.2241573900974895,0.196704423790881,0.3283806343293214
0.2654010853030916,0.2791332551222984,0.41273273207731
0.4307743935530022,0.4547577174490247,0.624940626828613
0.3126412922206371,0.2359990125295208,0.3352793896772703
0.2470063349162715,0.2772625694465384,0.3598659977928308
0.2573745043578875,0.2823221378987054,0.4032627346695019
0.2736401640578071,0.2540514628007767,0.4454903644150941
0.3060308370693126,0.3311458634504686,0.4444734889075289
0.3346178121888103,0.3759446824400294,0.6196065793226541
0.2887384014721648,0.2545652563676569,0.3495320362011446
0.3139736762459337,0.3566801572557714,0.4633525885687161
0.4142256412983014,0.4442086887338197,0.611715501051108
0.3604134747634013,0.3425897433106333,0.5013788572205373
0.0942700464641059,0.0991884120684337,0.17749618560626
0.2471966145061966,0.1713257358328702,0.2576414618842756
0.2670485810893693,0.2753048514059607,0.4645057424321685
0.2037772992109907,0.1865934594251468,0.3002314513307142
0.1436272588891948,0.1239419171808919,0.2023078432968065
0.3873640769087652,0.4196098247926001,0.583729776134185
0.2054649213404612,0.1718946777573732,0.269878836714345
0.2871824579898762,0.2769650319963058,0.4178839687655626
0.1854970035266508,0.2082272164917547,0.2306072648272156
0.417572373100563,0.4524540004813696,0.6174516754233005
0.2422584765259676,0.2756923302333225,0.3592731080587065
0.2282415147054098,0.1880509483126155,0.298166709714291
0.1500921172321704,0.1138347761664378,0.2094479649276712
0.3056825970954883,0.3463781356190352,0.4486021578590416
0.1898320152857574,0.183798829078819,0.2703313498712529
0.2468761263282088,0.2558006619635458,0.3976959689623514
0.1795810053324449,0.1637798681023902,0.2162733695850537
0.3064456588366804,0.2976464651341888,0.4470464571806668
0.2372995443366096,0.2017744418335418,0.3272006275156899
0.1158803674685015,0.1146029261674703,0.1888289173202127
0.4312997504928926,0.4461744267589483,0.6078940598148909
0.2626791226507818,0.2335541845652722,0.4734119681078008
0.3196643320771244,0.3439684682783345,0.5828993690850149
0.3158890157882372,0.2859339178853737,0.4530085066935366
0.3889901137569967,0.3524191758348678,0.5683048233762482
0.1712825443522476,0.1683710637275414,0.261753414337611
0.4697314277602118,0.4988649199787071,0.7201559585631472
0.3823141941630754,0.3536266707143659,0.5386778713366337
0.4301857667999267,0.4400730881106387,0.6412675055884509
0.2864141443516521,0.3024551147776911,0.4228658180444926
0.204659157312659,0.1896321264685429,0.3182227091668076
0.2820945909373039,0.2509777576784877,0.3855747910880809
0.228178584099235,0.1574908030305345,0.2426768105048483
0.3369015113405664,0.369745808535834,0.5499498459556721
0.2021440008853842,0.2002797121175021,0.3073955427856359
0.2145524880976483,0.191218434713881,0.2827736604196536
0.1702022637511071,0.1771639858233281,0.2657260406443279
0.2237999965200852,0.2301784270041225,0.3597307174278779
0.2378006793184567,0.2277809885663137,0.3349786775185779
0.3038283549455364,0.3492879721523412,0.4393365643446721
0.4355511691836705,0.4327229720149563,0.6167186799933306
0.2621609948740138,0.2965826644669699,0.4265510179662737
0.1437936042864476,0.1392219620471156,0.1991215010476472
0.4177674642179126,0.4436345839269852,0.6578471463175213
0.3981832521614493,0.4107218466605586,0.594766529284108
0.2207838461983634,0.2000336243831315,0.2952778843297107
0.327747141684775,0.3377776505223773,0.5113527877644188
0.1913253629830768,0.1865915654345279,0.2776077059650638
0.2067168279696782,0.2157147405862128,0.3246098502999086
0.3144663276633991,0.3645160320799776,0.5386822353683562
0.3320545976924727,0.3487748408194644,0.5386446516937382
0.20107211322915,0.1918458119586723,0.3390358997156633
0.2716070882159244,0.3178943726804943,0.4396118249892053
0.1202680943895124,0.1001601440794406,0.1208981089122163
0.2724138542489636,0.2533063896107402,0.4331301720172189
0.3530091457477103,0.3953224770927823,0.5202017811520626
0.2774662861273601,0.2866806993851035,0.5145218600162973
0.2244994372896675,0.221171165470538,0.3479228212961702
0.4775236545386127,0.5022895421677928,0.7147523613433062
0.2293579396526697,0.1857174330382455,0.3237259846004088
0.25215872446641,0.227926716328015,0.3055245643140191
0.4386809548262952,0.4842763868960806,0.7198966254209075
0.2773416010797063,0.323085937024602,0.3768469434173436
0.2322284587765939,0.2057810858976549,0.3725679484681639
0.2509310606729467,0.240880494703505,0.3615217607908902
0.2737855850921023,0.3159278359330844,0.4202707684909152
0.3213798859700079,0.2741098487306179,0.4059396054227032
0.2660070920057662,0.2367347114604943,0.3781728380912047
0.178217065080574,0.1612230346533496,0.2918332685171207
0.222247191948541,0.2308794575573348,0.3536130159712732
0.4004538136405364,0.408223500200216,0.5793286468609489
0.3544958937963261,0.3047867735298189,0.5500227172386762
0.2364150554673852,0.2156213117613218,0.3432075145659001
0.3995002793104354,0.416783285386173,0.5671628206828307
0.3317580193769641,0.3384700009896285,0.4663040913700962
0.2089314372970166,0.198128470753001,0.3351387819964038
0.2329952622023777,0.214477077788914,0.3009762448948114
0.1879939895356379,0.185272580507231,0.3104564990544868
0.3745445764720966,0.3253581859070648,0.4960034539936315
0.1579479042079195,0.1324349686242391,0.2172077648338987
0.2796706829166427,0.322326481417717,0.3933615347761254
0.2661974478835064,0.2507864706027137,0.420824143962954
0.2580501470177705,0.251371740436251,0.3929216086582898
0.374459814916932,0.3981477361742641,0.5945395855611354
0.2323974243800643,0.2254061231873111,0.3708823785821821
0.2058869553517047,0.1833667780520602,0.3279833880205967
0.4302173025238616,0.4712770130359132,0.7040905263443249
0.2410691903918169,0.2193006719904,0.4482846696603007
0.4240103273422652,0.4080204506118342,0.5789516474373426
0.2682591960639252,0.2709995848572156,0.435652999349802
0.2033671842368518,0.2023906223000313,0.2481077798948951
0.2700427566604798,0.2838159633775073,0.4119524141067578
0.2818988524475318,0.2745998884669846,0.4208462679955894
0.4030681294482926,0.3992513397708385,0.5956380190061424
0.202037351098267,0.1789077846743254,0.3310661343578077
0.088566202115919,0.0732191828193622,0.122569838909405
0.2138186184935799,0.2052911205685189,0.3074702920542259
0.391616139264877,0.3960778636464762,0.6398274700222414
0.3310180000547436,0.3635405720596394,0.5175721027519211
0.3231545899254756,0.3414355355969276,0.4309155276608378
0.1813838437453823,0.1943686348297466,0.3370113951464484
0.2870499682683476,0.2910835580902987,0.4439556008697719
0.279324091013268,0.2816748927129505,0.4386109773886324
0.3403249412935901,0.3666854070904961,0.507397386798542
0.321897746370536,0.3353392265397933,0.4066141910768738
0.1609371785943093,0.1810901360807147,0.2665401565005538
0.2007469708422186,0.1787578527408281,0.3290430745915896
0.4668118855104467,0.4775630859023063,0.6957462041037459
0.4543778066375893,0.455578297231124,0.7086178016192344
0.2545172809969816,0.2398065374804134,0.3983513423910907
0.1319367418509766,0.1236841953272461,0.1810572532585864
0.221388968630195,0.2365062723556493,0.3196133883678798
0.2872606921440471,0.2962212452005087,0.4525245247526082
0.156524776606699,0.1665577822415287,0.2498343277208922
0.4316550852228877,0.4464908750851036,0.6519714541349382
0.2728188663652716,0.2902637590451548,0.3931289684058119
0.3910378194729197,0.3039745115372144,0.5254494939407457
0.371944804998078,0.3888276878767439,0.5577136316344803
0.275908233127165,0.3041637020761983,0.4552470278364938
0.2522760258823181,0.2097190507129606,0.3660384963190496
0.3318517644566527,0.3545342796861278,0.4879697954678573
0.2601668075277573,0.2981658886559907,0.4522718580232182
0.3834042024463239,0.4214112633769513,0.6336275204584569
0.1796649854140256,0.149817950796785,0.279481930937013
0.374039533015957,0.439621689809467,0.7106780405725488
0.2370789944218079,0.1975737123254685,0.3263529353701117
0.2958715053183587,0.3029649428758688,0.4566095340764441
0.2058352504585477,0.1812736066975272,0.3036283722587989
0.2581172016044178,0.2801755913226659,0.3446689939951141
0.3127604795029692,0.3270763487924014,0.5564372573095713
0.2508932738415875,0.2510452306733376,0.4065995262315269
0.4739518812872652,0.4488323925078627,0.7036797862777086
0.3545366280715918,0.3466847469472242,0.5151573157825307
0.3115033528879004,0.34112216259297,0.4703875764854699
0.0790508264590617,0.0559338294748415,0.0617083502067143
0.2341174258491189,0.2478388335804804,0.4301189184963603
0.2740934766550391,0.2819865213733676,0.4199645969431262
0.3189757403820202,0.2758803397514473,0.4474210184162369
0.3039778119480711,0.2587421220300466,0.461651911655244
0.3514864802004289,0.3010192248288905,0.5431871312340527
0.3617033814876708,0.3638224498956353,0.6551793083750388
0.3335379031318218,0.3804185417300883,0.5489460294175509
0.2860055247043218,0.3135379448406892,0.4371873960402583
0.2668536478731587,0.2615818065348082,0.464735583302835
0.220650191179939,0.18481757240224,0.2971149681120621
0.2519561149866377,0.2580102061435159,0.4075320872876743
0.2800729851883073,0.2471302605528786,0.3282049339575911
0.2670897369320503,0.2485459734900441,0.3253053317176718
0.1812898032575869,0.1901898786260229,0.3314681114618891
0.3125041617862029,0.3552199481587429,0.5465674791927194
0.1506482964100481,0.1058356714867876,0.1846860312235688
0.2994500006257924,0.2805802805870545,0.4164276747041467
0.3576175363533517,0.4067338943715692,0.5831996871625287
0.3456993672682759,0.3921346994281696,0.559275721760509
0.3302530496125086,0.3135357816537731,0.5511012839072248
0.2735941103461207,0.2617266551310406,0.3967545459625025
0.2747967412247437,0.2866611855196569,0.4444222116080263
0.3713180287671738,0.341300110980036,0.513265403915156
0.2942058026186262,0.2824574177911589,0.4667735842984832
0.2248476287429381,0.1822115868356863,0.3217658107725344
0.3005304948383306,0.3058720423308082,0.4353516512958217
0.2514815538563386,0.2817290651409745,0.3827970757136036
0.2427300245569346,0.2890269797619939,0.3476458483893333
0.3267279016857558,0.3307419366765895,0.480702177523993
0.2530921190182517,0.2314854488352271,0.3737033506100094
0.2767908422476405,0.2550068366154636,0.4568364886775051
0.3367025749869243,0.3762328358250824,0.5294566131460751
0.2587628467120405,0.2503618769166005,0.431502962311518
0.3284081622289184,0.3712719915861567,0.4951811942480191
0.1232112365784507,0.0991458336514815,0.125354273262602
0.2038604267557138,0.2179594992052803,0.3510925286156432
0.3865993168867822,0.4335475259636646,0.603171956749545
0.1859720193643955,0.1828560280993387,0.2717269676241472
0.2684750036783735,0.2946310384519915,0.4145126221355304
0.3737368931931185,0.4222388505943461,0.6029807551626065
0.2247364208483976,0.2080792520252356,0.3151158307966047
0.3257499038748045,0.3689142636513188,0.522594975951477
0.161080947384484,0.1296534481214193,0.2020662451731205
0.2341870094930651,0.2288245616633762,0.3403757171683123
0.3570010946880033,0.316559965341758,0.5810543400567696
0.2031128665400969,0.2135484958561088,0.3440736197081844
0.3228132330242374,0.3303618468965332,0.4681470202500455
0.2771044544144412,0.3010865618092911,0.5003594529319568
0.2454485690000017,0.2175379307825341,0.3159076088502486
0.2882613435528366,0.3190423651288496,0.4899218712765443
0.3605656671605426,0.3193253650650891,0.5718601897542733
0.3434406818412305,0.3505628415267678,0.5281829524135794
0.3582474391769183,0.3922385349693238,0.550494798548496
0.2071237055751133,0.2069230881960283,0.2909009227534663
0.2654648178912057,0.2599279576940128,0.3833350303952517
0.2977448444483556,0.2463022187071303,0.4011671079700475
0.2545485293338798,0.2589237314542323,0.410467495445429
0.2623163807964077,0.2576096064641891,0.4149481703439051
0.3255443897767313,0.2966477986752336,0.5162716196832697
0.2321177571603888,0.2183357117872496,0.3602889067110244
0.3123618879577486,0.3241358093566203,0.4412057111546906
0.195682198731019,0.1911412709588385,0.3292743788737313
0.245447329942904,0.2559704334776899,0.3376933796187155
0.433089075494765,0.4350172803664111,0.6356980900312622
0.2267761813326436,0.2257093370770438,0.3549196859890152
0.2143793653677538,0.1662945079235793,0.2934758956573887
0.2164932822254806,0.2069552172184558,0.2848877460187559
0.2318415604196066,0.2215599000128136,0.3471108401944524
0.2969576638974527,0.3021730907724099,0.4545083936663123
0.314332328849803,0.3432162320962512,0.4879360203632547
0.2128137008119599,0.2139953255606972,0.3485820139404038
0.2807138243501685,0.2666726468563092,0.522979046817163
0.2649053720616316,0.2602705859281796,0.4017296039705583
0.336756663655439,0.3245384364838748,0.4465194426508735
0.3500184331456213,0.352086443229933,0.499229230191865
0.2470474757085986,0.2707627638047672,0.3808173239724793
0.2707300248267034,0.2921023493883913,0.3715243110064731
0.2416649579372459,0.2466283281462013,0.4071628368425117
0.2623328340021955,0.2624889558406015,0.3958703483290779
0.1600726926288605,0.1564501469786051,0.2327006825894396
0.1700728730720577,0.1628149631526026,0.2356375300218949
0.3180553192074385,0.2989958695058261,0.4725309079833202
0.3759368241821358,0.3302219613044719,0.439900329637511
0.3316000402852237,0.3546423892297646,0.5168198107634322
0.3865956012428066,0.4183341442174887,0.5733859870226194
0.3646929043539864,0.376252412568817,0.5242758494090604
0.3204396742618673,0.3628880476024566,0.5173621718000617
0.2190507986273568,0.210247791960023,0.3502044838173106
0.3541725762292794,0.3787770714540762,0.5388764393143656
0.2648676791388615,0.2787101633537773,0.4121002174593937
0.241462090906757,0.2521916255580433,0.3342274176679787
0.4079659183906642,0.4090203028653426,0.6017108705401987
0.2197397312925106,0.1858880878940547,0.2860410661576952
0.2231312620660362,0.2495868355529075,0.3629075139193518
0.1550009052354478,0.1620122981332609,0.2129040514700424
0.2250761377401193,0.222194554641942,0.3494245478944535
0.4006273447265336,0.41828901108077,0.5908339641389297
0.2631605037661859,0.257468744055389,0.3685681170080079
0.2452440188026079,0.2308904123136633,0.2936425766987421
0.4308172703387488,0.4944138220086628,0.7865480163221548
0.2690790607012692,0.2732257532532472,0.4936901178987081
0.2334109730475987,0.2048219532951498,0.3326318129289128
0.2357609030132375,0.1781655300457058,0.3225905267888339
0.2528044440423681,0.227266465549594,0.3986180721436962
0.1903786874023839,0.1661363972095143,0.3017697428596393
0.242865906712422,0.2081035753631247,0.3444087252225562
0.4234122446448681,0.4451092991905159,0.6929766741365333
0.3383768299500188,0.3282607485362369,0.4763107124470876
0.3412596545063106,0.3953714000710138,0.5658209725548291
0.2336040697373695,0.2365367769203743,0.3276921925877148
0.2750207620191945,0.2556599000999133,0.3386345360558758
0.2901086918704237,0.3000625446550428,0.4835805927132545
0.3017504409168353,0.3479008685950904,0.4801379631495786
0.2985240807474478,0.2966646753415797,0.4217637138533949
0.1830550760097763,0.1454731654012983,0.2179214955925087
0.2365432616657862,0.2087972022211408,0.3008516340363991
0.2772738025727677,0.2888096812201308,0.4368463261676484
0.1941580413681067,0.1557528361315787,0.2812842595728115
0.2846828431032189,0.2330146332840247,0.3696556126247555
0.2638526853810329,0.2936291644161729,0.3436878617683849
0.403575117220827,0.3748534580408675,0.5749163066244118
0.2266718405049875,0.2324374327144275,0.3777864513997176
0.2224182333071346,0.2377435800907404,0.3587299180686459
0.290828429574706,0.2563746813828417,0.469304795834282
0.3410125013494898,0.366713876886669,0.5056038968817186
0.2738872722575252,0.2940584234234837,0.3775465810715844
0.260145269314573,0.2685399976834833,0.4016340185264549
0.2421030339353657,0.2578688953055232,0.3900735404962682
0.3114561751820236,0.3376187705590068,0.5198389076978306
0.445982604166809,0.4616131169842468,0.6907004733850899
0.2943838843937383,0.2805191195272499,0.4298686135119591
0.2734271023731004,0.2459047510295394,0.3931701574602562
0.3180563171817719,0.2855487277909001,0.4726016980326616
0.2532849565715733,0.2827000422420637,0.3449883639272447
0.323246564729234,0.2977711484894074,0.4926920352661563
0.4068446113781412,0.439325543719649,0.6577175313034115
0.4381708081692513,0.4659686108897382,0.6868033134054198
0.1852035308942084,0.1623665584901008,0.296832123411855
0.2588523312867137,0.2649612571258679,0.3820103140644665
0.2375720696645093,0.2579646180041083,0.4457780859112633
0.2703032607903247,0.2968703911177528,0.4002489849758202
0.2037102072147786,0.1907219195350428,0.3479976920922366
0.1959230776879447,0.1845526201907909,0.298178714987481
0.3026488098249003,0.3205707632264972,0.4598534603907045
0.3330143793941847,0.3031941056677713,0.4776941369662967
0.2800444233013966,0.2634004628735663,0.4598734832020764
0.2418673665370217,0.2552875618930872,0.3897054919500725
0.045097129428102,0.0289749225675822,0.0169396487370896
0.3836657935740902,0.3990329431944033,0.5830126868173388
0.2873282950263474,0.312998082912899,0.5033633722799076
0.2365574339107433,0.2228452195917132,0.4020028913424879
0.2442900371296056,0.2568335781137194,0.389527103113134
0.1520230620629232,0.1128495850227964,0.2000399051183275
0.2458420287046238,0.2305360516161881,0.4033511367178636
0.2719211119617406,0.293209269544306,0.4232786718656732
0.3199009901541229,0.2944061809186216,0.4964601401165857
0.226728896840974,0.2421277388615063,0.321448827222593
0.3177669535479677,0.2768213633070628,0.4489827033064933
0.3078260905562784,0.2968450528372436,0.4222785879575118
0.3402573329489555,0.3505310639646534,0.5002576377920782
0.2737518100742858,0.291618765070713,0.4588708566765946
0.426324612655437,0.4494774335981446,0.6719874166121733
0.2184644150199286,0.2142808823532098,0.3890674142599254
0.3797601109995604,0.4277506071384653,0.6292726259308686
0.3750636804135359,0.4125905089635013,0.6310052007557908
0.345040609923463,0.3641591598742423,0.491224891799391
0.2935210651193614,0.2847805137507753,0.3846804633127459
0.2008045380230607,0.182279130578812,0.3269129115073787
0.2058951462367207,0.1743315679488595,0.3296613029526641
0.238941760361785,0.2432431787172563,0.4151651423595103
0.2998463887534494,0.2457661432786211,0.4144128166251272
0.2998575848501556,0.3368284152657201,0.5047576892510887
0.3175829678216749,0.3681031520564709,0.5022419961334957
0.4120563754708619,0.4316933305706333,0.5801886987116122
0.2734941974680909,0.2863442558735191,0.4389160761437257
0.2908894807238609,0.3071037610629848,0.6722102796889556
0.4996934449564951,0.5192781911401622,0.8230147323399172
0.2829106791232048,0.2730486765944003,0.4503073943136869
0.4140692226695605,0.4476007644106093,0.6539638781622205
0.1679062841183727,0.1215313842178898,0.1966620901269849
0.2287559309670988,0.251642949954324,0.333378112320169
0.2959494980493989,0.2803243370828007,0.4324230746971972
0.1214606899577852,0.1172869721153974,0.1682160426890866
0.4199795330895315,0.4251195329749688,0.6500148712252269
0.374177713215146,0.3733378723490694,0.6540317740916675
0.3497999702694653,0.3966725540742404,0.5545583714610988
0.1313957257812428,0.0983842109578208,0.1311007213955288
0.3800725188255102,0.3968557719323055,0.5435597293097278
0.2629844707028536,0.2102793227385118,0.3587944855752386
0.2308657861557142,0.2029994106598288,0.2899449834047728
0.3569085762816387,0.3549600731735417,0.4998231169892467
0.1346971723128145,0.1132897427099165,0.1966388037363431
0.2552078107943964,0.2906243056521643,0.4267682820603339
0.1933352546922769,0.1661647983205763,0.2972083314969601
0.2853399108266405,0.3317370078041716,0.4512028252012415
0.2464136654715067,0.2722732492633362,0.3615719072008012
0.2466513905596133,0.2179410661496379,0.3344952640436805
0.2605128263640007,0.2222131436760585,0.3564561135705603
0.3452224058337848,0.2915229560947115,0.5489535397443178
0.3604969301996408,0.4041958996444205,0.6056990918629264
0.2371218988621637,0.2679777361442098,0.3325931000522482
0.4105265255715069,0.3882102045268715,0.6786040652123652
0.2190014200423068,0.2283237856987023,0.3376347015145681
0.3834420979843961,0.4003245273661272,0.6008258656321505
0.3128330820512509,0.3201960114193899,0.4729366785278353
0.2535432199878037,0.2537336942990268,0.4081331123132723
0.2035710849552739,0.2194672947443176,0.3074317217524909
0.2780950328312831,0.3144848146787294,0.4736108433271142
0.3184628667188107,0.3583998916982442,0.5286054625455409
0.1896651625477275,0.1753706786685975,0.3288270769810099
0.13073108392882,0.0953857723115091,0.1131100810734581
0.2547426328356302,0.292240430032731,0.4216212445459156
0.2499890312670261,0.267100818752126,0.4247973197371244
0.3146099978910659,0.283637524844288,0.4763102312590294
0.2925062717202826,0.3321046500466481,0.4427493186286889
0.2796387081103573,0.2221819041934943,0.4182479567172436
0.2582773575154317,0.2769640322200262,0.392868900405797
0.1895041474745123,0.1680014472078479,0.2674724156529496
0.430236024980761,0.5081343788351476,0.8414604691256652
0.3089689727980674,0.3493987051835125,0.4716701158640064
0.1760005315209467,0.1280405686106109,0.168577125993017
0.2626059809954853,0.2903620227614575,0.4271516170760961
0.0913549219255158,0.0718081658328008,0.125420246210023
0.181477754160868,0.1583398543232343,0.2847335573240315
0.248307829552492,0.2434858073765561,0.4352213230469838
0.2160234332243951,0.1723547296461259,0.2934338671732971
0.3215690447735806,0.3526215913804895,0.5128417916651717
0.2607125086852373,0.2669713610234494,0.4221367749563069
0.2927576001176332,0.2366092326472381,0.4186517799439023
0.3192099817261618,0.3049492522198385,0.4731791091571958
0.4388152711637385,0.4374572357485867,0.6717885769170256
0.2524842707282446,0.1887561531068007,0.3130027741323793
0.2907040469555864,0.2996453317706538,0.4474861582438393
0.3426797232758591,0.3926404989721506,0.569250257926119
0.1329931051639047,0.1265727665680449,0.2029138500015016
0.1293475737163459,0.1305765466421348,0.1983191904107774
0.3451996584094553,0.3840555968211823,0.563959262902658
0.2916547752964759,0.2931650287021978,0.4257299418701023
0.3730298287359529,0.3928617484263824,0.598336134968244
0.2446573925722626,0.2318004565022944,0.4074220145975317
0.4370963767637629,0.4795693383671502,0.756285761538759
0.2649700549346812,0.2870519210671931,0.3927543449238113
0.2682967716057519,0.2516097357657434,0.3708387537409482
0.428615476910466,0.4310653992229811,0.6096070870551544
0.2524027083706887,0.2179007172603724,0.3422922985856022
0.2960018000978539,0.3481905153088357,0.4582781726699572
0.4083958434281242,0.4240836323608198,0.618443222661707
0.2951856360821453,0.3395664270154563,0.5111946400056352
0.2475482027954083,0.2248808530860101,0.3653103526651103
0.296051057261645,0.3263102489905342,0.4568881113297401
0.2548271799445542,0.2769134948948676,0.4255322072366231
0.2162056350572473,0.2015561291988237,0.2897829797292078
0.2644758506401777,0.3024949753320909,0.3609011738232477
0.190645713655093,0.2157069483794846,0.2577663358145722
0.3304249300074222,0.2479457334289127,0.4247303054840028
0.2059600760129684,0.2044056996944599,0.3427640907111328
0.2957805688161428,0.3119711016062164,0.3930404589449419
0.2668849925050037,0.2248247629008878,0.3459584025055253
0.3605816556545618,0.4088562996267376,0.6233353839296413
0.3209228477579757,0.3546885616679514,0.5394412290374128
0.2373875311793042,0.2175854999621465,0.4044451479954021
0.2656588032447101,0.2485092817436686,0.3896296258067895
0.2383125485026542,0.2506002025388723,0.3813490786370954
0.2396415316366486,0.2801982390586353,0.3864198187297587
0.4018906777866362,0.4328405230467698,0.6152827526820295
0.3487266215189523,0.4046855848817863,0.5857988490346449
0.3034717460212742,0.3321614659521303,0.4929127456772235
0.4586891412352197,0.4644077730070681,0.7406799367645517
0.2094225246955523,0.2057785864030089,0.2767355304320045
0.3402346388877705,0.3865508915152653,0.5517164483444248
0.2070542169100711,0.1888889041133304,0.3204499981256304
0.1794978021308304,0.1587473369387619,0.2402022431988558
0.2703089724759628,0.2128541305219202,0.3701221575826304
0.292441791436779,0.2885249581776322,0.452102319588152
0.1663304367259392,0.122091010608617,0.1593914173180123
0.3537385364092841,0.3535640114682569,0.5501224742936629
0.1487790215198902,0.136346806981101,0.2510654405159791
0.3101003778989614,0.3129112889484068,0.4755136596944096
0.3245967068521063,0.3526743416044954,0.5204858950224607
0.3096139466648416,0.2773851178019942,0.4813846677460222
0.3121343985064129,0.2833138364832586,0.4350998990473613
0.3738034175201535,0.3952971551782414,0.5490391241674715
0.3172457469889388,0.2814256097322565,0.4146996858543559
0.2449362656128485,0.2295711913766638,0.3852265340030185
0.2687457787110192,0.2399090729917915,0.4149125944223313
0.2978410053593788,0.329451750445669,0.4973601295271086
0.3757587280303188,0.4101646089592211,0.5835175841982027
0.3494673041706708,0.3493502245350539,0.6424713902485729
0.2033537964944849,0.2288014010488416,0.2733092141050021
0.3509288039828294,0.346070001994616,0.4492948528678323
0.2660667282034989,0.2831131729360382,0.3688626206069186
0.3892552899207754,0.4123635868472595,0.5616869214066543
0.2852729619315401,0.3027301155678821,0.4988557300715106
0.3228391968930034,0.349919227549928,0.5187894761213083
0.3284620929439698,0.2699676192933753,0.4043352930263837
0.3950057932085792,0.4192387632308529,0.5960993349116802
0.1894567305843592,0.1700013241834622,0.2733585000454931
0.2193806378972396,0.2049135594415689,0.3676497547863814
0.1384303328137397,0.1349063102580838,0.2226771390454374
0.2486387661485504,0.2351744109067038,0.3640743090980103
0.1780302072459565,0.1679740293448162,0.2654817197535312
0.1492457775214374,0.1253098248277954,0.2104854269131644
0.3370004843689086,0.3131245523022884,0.4508841108985016
0.2567995295923022,0.2234076039896346,0.3968920258082936
0.1466972944453636,0.1251894489634424,0.2076382651841629
0.3968766641435563,0.4224208761926852,0.6352182713119894
0.3998193544902209,0.4060495870266721,0.6979463978108025
0.2685470439670092,0.2887322781707173,0.4304266834543758
0.3995855820942792,0.4090869037655681,0.5500043216928361
0.3308828237388367,0.3659191830442196,0.5339426200727866
0.3000006351865705,0.318532420251853,0.4901090584126225
0.2770715452215678,0.2353171610506352,0.3975697415843772
0.2931081741592485,0.3225863872358899,0.3686011446260261
0.3356041960546976,0.3464818755110124,0.5106664035839072
0.2572940831691689,0.222658928831312,0.3781242659471532
0.2417450597703652,0.2090404388744071,0.3820537874400033
0.2638288121216878,0.251711137631077,0.3753758519250218
0.3389811148910952,0.3833698417233503,0.5159022276924775
0.374090987175633,0.379166312817067,0.5827134378373057
0.2866680539521987,0.2843425784921056,0.4396471118182395
0.3503415387464369,0.3313762022811858,0.4828640434676554
0.3029348115844457,0.3288392404029925,0.4876057725900196
0.189809576964072,0.18971290446161,0.3234638473668705
0.3624697520339017,0.3756235868424726,0.6156107334935796
0.2201907942333698,0.2053832622302789,0.3774890483454515
0.4251088122760588,0.4436960546537888,0.5999944428296683
0.2804958506680423,0.269718905165868,0.4668113831159376
0.3263221393644746,0.3557810815297914,0.4625750367059056
0.3056648323889285,0.2837567913390477,0.4412601485774103
0.2528051366650815,0.24112688817246,0.4097058007373608
0.1293874425636337,0.0957807710001174,0.1681711651441985
0.3556515850163754,0.2692353144828623,0.4299457019845328
0.382695270616746,0.4145715272329747,0.5565109794115813
0.262974611445662,0.2902089835034141,0.4064405499006102
0.3657372181153222,0.3526362693202996,0.607181690036984
0.1632655907696882,0.1512766243376503,0.2944230818230932
0.4851908733380362,0.4888480614064445,0.6814760944504292
0.3611950428996218,0.321314120938906,0.503363907786622
0.2014372754731034,0.2095594003133112,0.3347788179965613
0.2885348557684963,0.315364053164316,0.444934082555884
0.3258761730486224,0.381431652886847,0.5332742951603173
0.188668083754655,0.1653241428627469,0.2859225235288457
0.326589441174398,0.317014619575743,0.561219757656061
0.4086924839998633,0.3829850540292029,0.6192177912841075
0.3897921616908975,0.3900554620552882,0.5644890347188073
0.1951339710187694,0.1602549176055469,0.2987164682666588
0.3223048145812638,0.3726185445628316,0.522824295215581
0.4033197071734892,0.4233883833799664,0.5772620557914334
0.4051364107344283,0.4429771236960601,0.6493852734454003
0.2853103934218974,0.2832083974376,0.4151407897973627
0.202983137784145,0.1801552995384965,0.2479876087579321
0.289065731366983,0.2698155380886667,0.3263223228989301
0.2801807118881429,0.2483752201937045,0.34799989568905
0.3404040887765331,0.2953264442466456,0.4914815876407207
0.2052554274678579,0.179254907069623,0.2608439271077287
0.2029083363423012,0.1739335274041387,0.2734805410309349
0.3568174442992021,0.3798050187357022,0.5329101691848181
0.1469929203457491,0.1424248568455217,0.1649997181203159
0.3603240040868438,0.3516121084315566,0.5127815970677598
0.3997313253774651,0.3828085495794759,0.5787883920395528
0.1464603952781552,0.1266193620386867,0.2171368609579731
0.2506421242180767,0.2277398615526724,0.3407511418151246
0.3639052208982362,0.3725076536242916,0.6047658297130423
0.3332602275863794,0.3696448465039257,0.5186820091469483
0.1995263741600438,0.1826517842151537,0.2532386590444765
0.2790174456786754,0.2649373154997759,0.4431705712112473
0.2510170359114748,0.2213303955352684,0.3593549839544342
0.4028260924394264,0.4331754954681261,0.6169314518589798
0.1732794767057914,0.1430075867767177,0.2014120765725701
0.3949734234371523,0.3728413902151893,0.5777129883082528
0.2151499672295451,0.2048532634872885,0.3484677393607323
0.2142240139026638,0.1602153449911572,0.2915044410042992
0.5009528329171362,0.4866806809941422,0.7440501615152811
0.1797911505840571,0.1871406770646229,0.3271003961143988
0.275540697003812,0.3016914054257357,0.3585857737938923
0.2058818567757479,0.1907819087643691,0.2992613399612266
0.3190985886404956,0.3100990431463639,0.402744923061196
0.3812088758945145,0.3753815150023186,0.5638010777098934
0.2214436674289754,0.2222822229353878,0.3253482676355104
0.3619967515010412,0.3705826179906427,0.5078811871004506
0.333552662731706,0.3689179076250209,0.5439403185107157
0.155617221089266,0.1397633734970564,0.2534829742077825
0.1567920699925143,0.1466134071724536,0.183939948932101
0.3327948732295089,0.3283753447890603,0.4651574503645476
0.311515275140113,0.3585015453289027,0.536593447239831
0.1918231097187393,0.2112408894096075,0.3036118240596575
0.2280266446714671,0.2187456919762126,0.3606476469798624
0.2728341882775837,0.2988954398290135,0.4257351388793858
0.2747524362510931,0.2358949141964055,0.4155538374847263
0.2767607239903449,0.2871162922510812,0.4522623327932066
0.2384179310613649,0.226406449679083,0.3558234114827111
0.2570656742322911,0.2279601118558022,0.4430361133629133
0.2311485280479445,0.2280801302432395,0.3330388482579055
0.4768392714018427,0.509415510077243,0.7473767264659941
0.1877618778836484,0.1416603429401116,0.2218052803451719
0.3173294080092699,0.2854038638206033,0.5110303519717028
0.3794321705759135,0.3527080564739943,0.598468041112759
0.2071639119685663,0.1819010911799897,0.3274913828418317
0.2165029066621822,0.1882561731823159,0.3291550689652585
0.3243584357757518,0.3496533054114431,0.5408865369326544
0.3436416900555685,0.3594050490140305,0.5660920246010446
0.2769792509362593,0.2818986647761201,0.4102309327669257
0.430484090297536,0.4771445825497108,0.7526128045845883
0.3030755476151469,0.307362676999412,0.4589721854252385
0.2455158305031986,0.1996326723586688,0.3050621959626715
0.436232170196009,0.4855111795041483,0.7174620190810197
0.212090008776292,0.240321059857122,0.3244579337684479
0.3495553302594523,0.3879328860000204,0.5500681521743641
0.3482867744255392,0.3833973036591132,0.5125026831289127
0.3236584796868132,0.3667002464397434,0.4795637856208548
0.2426035897095028,0.258962460477821,0.377195846750593
0.3981473428806161,0.3942984198901514,0.5909973370915163
0.11469461637247,0.1139005055841209,0.2174792684719553
0.1910907096721165,0.1936523125235041,0.3236053167579376
0.3069261064675922,0.3095693106839593,0.4895136057210985
0.2858593008462026,0.270201577796159,0.4052153721721857
0.2875350665067163,0.3313462412761973,0.4193518909279651
0.2180164442222363,0.2543492535400948,0.3329408282610784
0.2789312043777809,0.2688287993319635,0.4909250007742524
0.3656879285028826,0.3370968132609014,0.594302929142409
0.2085823324030356,0.1937794650805872,0.2768260031032206
0.3221860098106962,0.3687203689064553,0.4974572210970703
0.311752399287964,0.3047105233395398,0.4933527853383572
0.3979899219210773,0.370797170071234,0.5822495990269225
0.3049235873001489,0.2700033153746606,0.4711743500457277
0.2069574752887915,0.1902794173268094,0.3658478780753561
0.4707348759831483,0.5009758475316123,0.7399359473178381
0.3965395744645698,0.4027920351967558,0.5663659092769608
0.330204154262036,0.3722453860377187,0.5092790323016552
0.2294827913783834,0.2642236139168613,0.3535846350180971
0.0897265731657888,0.0831859572588842,0.1110077587943545
0.2130624575181213,0.1967009495925536,0.2957957860571884
0.5950202642766135,0.6043734425700398,0.9354942350132408
0.2084166209301105,0.1801898023562667,0.3428322888057571
0.4003869466771005,0.4002545222922958,0.640623387349525
0.2995890904486333,0.3128872591271197,0.513895412831944
0.2676608893507132,0.3072014366328326,0.3684898689677882
0.2458373027885983,0.221456319428827,0.4291783020792756
0.3217583277440201,0.3173096619043877,0.4391427581346603
0.2512327760592637,0.232998393053452,0.4092782411466784
0.2384092005918759,0.2271217557013207,0.3616481902103602
0.1860299859749822,0.1435353453599765,0.2586322672183586
0.3007107403608114,0.284606058666026,0.4025131384619323
0.237413966585408,0.2013663237296884,0.3309632168853798
0.3968846947912023,0.4533968135744353,0.6736646633021449
0.2174190579187743,0.2077772987217297,0.3070491666199245
0.3421500531204506,0.3549817011724454,0.513694180792378
0.3392408021645237,0.2927256944401569,0.4905044685822614
0.1823234101043883,0.1530865264857727,0.2552599042998202
0.3710316149794432,0.3552990927510652,0.5415359734099201
0.4153485799351811,0.4364131439883937,0.6403904893686932
0.2789441114854895,0.264593172495428,0.3854820402843213
0.1641040158698743,0.1297991390461599,0.1634947170862122
0.3605160662183831,0.3816602535619533,0.5231306083668303
0.3611593989313343,0.4044206859941222,0.5436541336054391
0.2675144923514287,0.3030622629650319,0.3993026728457398
0.4583722160583847,0.4627718911899069,0.6723427694599906
0.3242870507727493,0.3218199936934716,0.3947763441912172
0.1493430268538723,0.1487397528880316,0.2702054737495401
0.3474699650794208,0.3604419681856743,0.5558735043746905
0.1631929766145983,0.1304243008657923,0.2316562561042093
0.2925446124986178,0.2720593681515891,0.3467899416998647
0.242235742820168,0.1872584788992585,0.2454642344190144
0.3015500966394626,0.3347974311635885,0.4860242540532422
0.194201180755766,0.1524453869266469,0.2319215493518045
0.3231692840052907,0.3172341440046342,0.3930932156591009
0.1569967819080454,0.1257544344670705,0.1960312896307383
0.2845227027457637,0.3031744152188649,0.4591165789266575
0.3273830047001217,0.3838208364452352,0.5696941388640595
0.3112259908198428,0.3531578019800144,0.4717873216857606
0.2362283688940373,0.1988552762992312,0.2985806843080595
0.3592360929265337,0.3870477494050011,0.5325713226817715
0.2466545048938254,0.2151118184152211,0.3825251215229261
0.2261304140336784,0.2484259326415789,0.3145268525228433
0.2643516132120287,0.2735199299788973,0.4347094186274949
0.4678997480692988,0.4999464715059216,0.7122012012479492
0.2536334736567633,0.2726057019737757,0.4122835256200711
0.2288959377616028,0.2173543170565853,0.3247453336623315
0.3601893697323275,0.4235162838518256,0.6721132255407872
0.2658979948135999,0.296500503322523,0.4109419515946823
0.3221485400024555,0.3593213728827425,0.5006134355831929
0.4317880500516523,0.3973781311135014,0.6162208511520022
0.3474165810850824,0.3315576979426563,0.4900942253324122
0.2156689042974267,0.2268639833353787,0.3316713030338969
0.1650300601222282,0.1725929301803297,0.3197107705054179
0.2949893522445472,0.312785280435269,0.4559487093385626
0.224612246968868,0.2311481637054324,0.3316821995847969
0.3623871558366421,0.3576154560144466,0.4925821294376266
0.2547125444049579,0.2258637242447261,0.4176135399958082
0.355585817226328,0.3448719929482727,0.5245446562886977
0.3579280044970604,0.4003313343106447,0.5681173663525411
0.3202239427806131,0.386473745605037,0.5717000028066559
0.233910766389394,0.1975528921569723,0.3217057262803258
0.2843137572982737,0.2620493444130969,0.3277144520441845
0.3322959823264654,0.3343723556865065,0.4954900976016532
0.2445918122882296,0.2179772187109897,0.3476113983203421
0.2589838462812099,0.2652186504225227,0.4034016637307838
0.3842481138491885,0.3873976940222003,0.6359666497822573
0.1995732631159145,0.1915053245032688,0.2716512875235969
0.3477887353340344,0.3529272316734437,0.497008705720959
0.3210803310089024,0.3545931966658178,0.5239573750106928
0.2169272965602099,0.1649889495239035,0.2974137738688902
0.1597509152867932,0.1209793334579854,0.2216361776779207
0.2741053330839482,0.2671193563178691,0.36561387798382
0.3261274783830116,0.3044646116478466,0.5834806525214793
0.1421695088748766,0.120152876783629,0.1832660173822264
0.380226621123567,0.4229414530467277,0.5835420938074917
0.1021434485412856,0.0972250465104049,0.1715404308117833
0.2042276551618597,0.1670637988565654,0.2750797331546792
0.3115624195542811,0.3319924339908406,0.4673438433205971
0.1865527169976986,0.1964169333348236,0.2583624310503002
0.2787608813804144,0.2684063359463619,0.435207751659648
0.2915308763369315,0.2979422545268489,0.5083256396123034
0.3399935862118691,0.3146087748568659,0.4767254157799631
0.3565982963307834,0.3175708329860026,0.5549965082434838
0.2594481487952943,0.2919443546323748,0.3480880672989793
0.2850128440454886,0.2537457853724946,0.3838465041106532
0.280858507576157,0.2802032582281152,0.4718778256057927
0.2282074583182078,0.2241348251891107,0.3211281954936841
0.28318111262676,0.2793686357142982,0.397953219349355
0.2229765921565929,0.197886322647476,0.2960378831389565
0.3138214624095867,0.3259001076168576,0.4648026078929861
0.3276332598261118,0.373996095657741,0.5025428376361525
0.4339821523386726,0.4783013563804399,0.7007649175714409
0.2334857604563773,0.2572848206452518,0.3058211275030773
0.3587718545648133,0.4016329721208771,0.6056334122746887
0.0986239322834117,0.0892925923190057,0.1433956371491257
0.3020090866761049,0.2838117300895754,0.4217553400600578
0.315482340790334,0.3557759685796921,0.5715175302167901
0.3750079555141615,0.4171955239805456,0.6293603860556977
0.3076602770109854,0.322984172815932,0.6297493523353417
0.4669358094717654,0.4918027579973111,0.7161278795347057
0.1707550462730033,0.1762275774959356,0.293905071356784
0.2002401532647975,0.1651064175783288,0.2705239461680533
0.277155769448187,0.2406618499254451,0.4596216077629282
0.3951184553246094,0.4320382359677326,0.6083206752012847
0.3018769456420769,0.3145466784809962,0.5200593144841601
0.3967258310833713,0.4249405809235654,0.6053796950258786
0.3169397667520413,0.323874573837036,0.4343178466278344
0.3158895349215666,0.3307477530561852,0.4596107579363019
0.1669430081693838,0.1411620134867626,0.1780563840802767
0.3246538498715751,0.3533586151854543,0.5285471046891133
0.4391600087613778,0.4962420589873897,0.7596790018209582
0.3076487717895874,0.3028792077501821,0.5096193060117429
0.1818893271883026,0.1749430271489607,0.3068661855934975
0.3958800103866737,0.4165729053933259,0.6281813993949855
0.2702322180304783,0.3080025149127538,0.4284671691809908
0.242252196213473,0.2696654957880837,0.3616707227055435
0.2834808959170936,0.2827210424019608,0.4938107498734952
0.3396381301968378,0.3399185085608057,0.5410383708304048
0.2133845671014464,0.1806325815235625,0.3149473353434633
0.1440982349840223,0.0873609511002075,0.1397583737162456
0.4283997585137108,0.410542794143682,0.62480511618698
0.3380652142848123,0.3836912702501622,0.5810817323086817
0.3515550109944926,0.3817244872943905,0.5345217959608918
0.2476851316732522,0.2202473144341341,0.3028817988014646
0.4357765771808521,0.4538863737023051,0.7450750093710508
0.2777644374836144,0.244179761971763,0.3873779823261136
0.1913775037193661,0.1835502866338783,0.2779106199905358
0.3632398161662846,0.3822821209471932,0.578724612949183
0.2956619167016291,0.2886593324874998,0.499730141905142
0.3196322391040538,0.3181533564565996,0.4654813570743378
0.2632524981187509,0.2575093349090889,0.3907525275651736
0.2844619181378278,0.2770548559084848,0.4199431768923102
0.3081439988380419,0.3427085365828525,0.4402955622497203
0.2581484103896831,0.2675462241162056,0.4156708834814507
0.3074226377528964,0.3362623010859319,0.5684485309210621
0.3578963041352905,0.3527584186410912,0.5570175533298851
0.4142932939799276,0.4447076607252735,0.6586125718368975
0.4209718950482618,0.4660100285160219,0.6898135892862651
0.3700332117302662,0.3780145124725587,0.4661164769024905
0.4249929692015189,0.4384463122887921,0.6231574062613945
0.3288623207061441,0.3396584437595494,0.5454310525576758
0.5066648983870032,0.4879238730191983,0.706171019806137
0.3161097566236422,0.3414981488496429,0.5686896832151075
0.2092325578124597,0.2177355258990139,0.3317154343694116
0.2078361240304365,0.2196400802153728,0.373666930808023
0.2290169372891499,0.2128911665666557,0.3612593808804878
0.276391616975653,0.2769974460337527,0.4714546209751686
0.3371219046180866,0.3160092932409428,0.4300728670032556
0.2582150474751314,0.2766127956715324,0.3956594337929716
0.1477361986925043,0.1258224628253283,0.2148389578789087
0.3586576793456146,0.3212172151620482,0.5014517317619052
0.3354592412382849,0.3559844398021925,0.5756763736768737
0.2049925275426739,0.1908423108246268,0.3220960808148784
0.2306241886126905,0.2610030847460765,0.4083362330113553
0.1196514539960659,0.1014952411443155,0.1293930723570563
0.3161056205665735,0.3554313779729318,0.4840652617407123
0.2746893776623353,0.2418238529352132,0.4497018954943626
0.358615721817818,0.3886145910411047,0.5951273224535869
0.4101963545640994,0.4185194017578902,0.766009972681427
0.3351751014839812,0.3660508542782446,0.5430134323442904
0.3233883433031749,0.304036166427364,0.4759338298014585
0.3182991603321807,0.3330882940063945,0.5158206748700743
0.3869851265536527,0.3425670136722124,0.4975808824022623
0.3814366321247243,0.4381878719022206,0.7795152690735235
0.2993569620367499,0.3462187345266843,0.4702509978190004
0.1950593255068713,0.2079069199204367,0.2948241846863955
0.1707835219572727,0.1369409878713066,0.1764984939834372
0.2677593002825482,0.2384489225077871,0.3676353443757151
0.27076978170459,0.2903254550783355,0.3783526155805
0.2497616618096806,0.2652052981033745,0.3979716273983918
0.2160522106656172,0.2295004302329157,0.3067645794408518
0.3067465004314521,0.252157157688832,0.3470310090955556
0.217043714821448,0.22712608816519,0.3516503918364818
0.2517273855098016,0.2791660493734321,0.3567744509834289
0.1622989904541662,0.1427209092238084,0.2386718450517468
0.4282464029601538,0.4651963302883466,0.6687480809487137
0.3042543029474099,0.338269907152637,0.4621125215497909
0.2591094700512633,0.2341290608435124,0.3553984371433484
0.2990336962049796,0.2779281047347303,0.4218294360774094
0.308688091394711,0.3349507095509738,0.5248303929244392
0.2871831202161789,0.3110986013009742,0.4728264284033929
0.2487352877838312,0.2346703036990662,0.3734808191483631
0.3308245905827866,0.2667996341638645,0.4404933122657077
0.4264640721133609,0.434456385732947,0.5683584354480006
0.4484040673734889,0.4886303213079001,0.7066211532993145
0.3061393399860854,0.2558029138465527,0.4461040742655652
0.2088815817260179,0.1913645128833498,0.3202325499304297
0.3463206106492036,0.336918000595187,0.5337089997728465
0.3140366403321101,0.3082602233251558,0.3882726456459993
0.4593880918873151,0.4792526789892121,0.7056344556650682
0.2384430446249631,0.2036129713951444,0.3638614341518161
0.4783303005803557,0.4905821308698442,0.7201829062847463
0.2093472640811247,0.18702771482269,0.2789308116845
0.3857986438380157,0.4182240673880308,0.568073026065919
0.2819265954466736,0.3201500318882696,0.4485398852346764
0.2087050730971218,0.1757274579378184,0.3291823706318236
0.1080142184744536,0.0894793760751372,0.1582824194305866
0.3764205732007816,0.3523001098509839,0.5579387391630373
0.3382398216705694,0.3490999255848867,0.4888511905972773
0.2831192888588049,0.274987167751389,0.4251839258149156
0.2849723465951687,0.3113927603751989,0.458970840077715
0.3924580876382939,0.4098830135095926,0.6232816127920071
0.2280073311974152,0.1987804171753011,0.2995895453693191
0.1225783390896266,0.0958164621211001,0.1583309351616432
0.1584637810238705,0.1592090698237754,0.2959706877072722
0.3079537769556657,0.2995593372604251,0.4639517544094261
0.402923479056874,0.4079082865552198,0.6170680407005013
0.2647632877987668,0.2499634061310843,0.3742533327763971
0.2826992292950667,0.3180832845496116,0.4085318731250895
0.3766809003753963,0.4266761968774785,0.6057460280835549
0.2639357152052415,0.2220538773961556,0.3625081982032926
0.2667149186514866,0.2644724194481718,0.3883296887644475
0.3017892389841935,0.3406202072339829,0.444260728448742
0.1686774605407814,0.1583141623149267,0.2397292718070735
0.3675735078715524,0.4180851511432346,0.6068694914179262
0.2106173392603271,0.1855924035682404,0.3001574497513469
0.411080026515627,0.3845270223248561,0.5649443157464914
0.4236195268105945,0.4340389926265187,0.6766993928788982
0.4023449666516286,0.3799078565858204,0.519184907113354
0.2612954139871037,0.2734937193442091,0.4570526040555043
0.2447440153519798,0.2428433878934545,0.4615516444224286
0.239502183092466,0.2412758988812802,0.358917770309989
0.2840708605552162,0.2821819572003285,0.3713977883798433
0.3088492822881908,0.2554771982270457,0.3975075522160448
0.4158374647533733,0.3395911461262638,0.5904346896322255
0.2885319769990982,0.2595584635845147,0.4117361525729573
0.2566884889685022,0.2585298196717812,0.4422209496692668
0.343713906729314,0.3879085599131285,0.5238001407248061
0.2220554206111948,0.2020367817722623,0.375895358836222
0.3979502632776278,0.3726546900821061,0.4954408174509394
0.342830427738333,0.3534546117511195,0.5382597447940347
0.2548322470242912,0.2471266931915074,0.3685095609082348
0.2254613515225402,0.1782760607341639,0.2760866267676092
0.2159365216036724,0.1793813210935141,0.3128873373696003
0.2445682140478237,0.2563734619607301,0.3654851699785233
0.2714854340712256,0.3155080355852769,0.4487903163332783
0.459032883208002,0.468928848046732,0.7396887699441409
0.3385037150936528,0.3607086443308729,0.5253984705926312
0.3357797101335923,0.37771291598492,0.5807416393327322
0.1805852081512206,0.1582326564763619,0.268019541840533
0.3207617226663259,0.3391668535356225,0.5400137415024309
0.3343180517718411,0.2936737155446809,0.4660021181719065
0.3318155376476063,0.3413961872955483,0.4682519584272741
0.2703101871011835,0.2208218739930482,0.3373089106974334
0.2928528368161694,0.3388891544497843,0.4682134782189485
0.2105683708470959,0.1677808273767153,0.2801413464470113
0.1857560532867637,0.1900750796100018,0.2857312589473897
0.2318771828957627,0.2449140716411444,0.4319992201978887
0.2854542719581175,0.3169858786467171,0.4721470941632257
0.3127385484211654,0.3396175072392065,0.5086622590490927
0.3841341626174253,0.373802059666484,0.6069742579297893
0.2922102739408075,0.287887951581931,0.4990061314499832
0.4473241863039475,0.45830431353777,0.6686080794475859
0.2942495027845391,0.3360911426685125,0.4227538519790729
0.2306238261158524,0.2475449379797241,0.3676447953107143
0.3016712116014181,0.3276031091136828,0.4667505617963676
0.2647454118164903,0.233705146546697,0.4054350358966208
0.4381933335815297,0.4284939385555556,0.6341247358858294
0.4259092375634626,0.4587770705896617,0.637502792363841
0.1902720826353786,0.1849739513290252,0.2777661261406999
0.2399219889907381,0.2262554319534087,0.369225604203962
0.1552425018969816,0.1570882392887084,0.2412437799387482
0.3821012880805044,0.4395752637429553,0.6883587909077984
0.371606608538765,0.3390010020235635,0.5489291442186195
0.2392666850483038,0.2318149399436287,0.3296146780140033
0.3323265978857304,0.3678633243818836,0.5216248437900098
0.246250826833503,0.2560312090447671,0.371708272751022
0.2707074538239081,0.2934668599440778,0.4412462126755879
0.1342185561439309,0.1166395309069924,0.1510344260500394
0.2860057735119585,0.320361451112729,0.5032392639127917
0.2487419565331091,0.2594614093724667,0.4040604923389577
0.2939278974396934,0.2262534915622321,0.3754273635200769
0.1672659756149382,0.1678566389279805,0.3369172024760846
0.1930368471875099,0.2004117528723204,0.2583613369278025
0.2738366207229228,0.2470711013006163,0.3715970772006312
0.2943693791540095,0.3266636885245868,0.4072583996851221
0.3132906348499155,0.3145852644055502,0.5278312631386006
0.4414618133109969,0.4923922110483951,0.7597990824633584
0.2618307149941934,0.2346755453089331,0.4118846640058102
0.4238126907668247,0.4324862539770276,0.6122460921256926
0.286394776585232,0.2336091011867085,0.4244517144199977
0.2174357753923592,0.2277854734739205,0.3612821023268551
0.3606589920657676,0.3301918417909605,0.5025087853588587
0.3044885252027727,0.3606688605792578,0.4969328218386643
0.3167061015845718,0.3592730371639825,0.4941077052897777
0.2764464344354665,0.3023355247234042,0.4442555340983985
0.3911809941837672,0.4023719493605301,0.5970934100875503
0.3479590580596974,0.3772738790746899,0.5643706008740078
0.3157021486233261,0.3393676172058931,0.4998270179867018
0.3658758226109134,0.3088119020993053,0.5434770840044537
0.3067230358752435,0.348243590974826,0.5104277627673607
0.3350947714186568,0.3353066009890441,0.5063091424381628
0.2486488007477675,0.2210482583041793,0.4232252323103438
0.3141641998395879,0.3297221309690444,0.3987899471014567
0.302351993704164,0.3499150587846559,0.5630941091027618
0.232891853968663,0.2408939033356648,0.3653905587592262
0.2745783614133573,0.2568675968300308,0.4560975154968734
0.364871601913755,0.3641470254755212,0.5576853173864275
0.1589746956540057,0.1384202723487415,0.2193040287483123
0.3973717334227327,0.4508957264523662,0.6696638560782662
0.3564804938606262,0.3341233901817462,0.5878662705695056
0.4022734360182388,0.4195512888059431,0.5969418180616818
0.3972293514715337,0.4506352178702323,0.661788127661017
0.3046968442679596,0.2957907049760516,0.4169842353684863
0.4157056865404893,0.4417196583350418,0.6020519810008916
0.3829505629954491,0.3926901698451429,0.5967887862037182
0.3729401933799028,0.3763252667970627,0.5487760369538943
0.2031770796646589,0.1787969076225456,0.2730988759785473
0.3029462534227524,0.3452362452845145,0.4777721882775694
0.3335791089186667,0.3756350088326549,0.4882229069501028
0.3298822538212723,0.3455907976379455,0.5432437194089919
0.2859232333650496,0.3120843320829451,0.4713582156878811
0.3156770813131461,0.3285539653256191,0.4314165984240447
0.3661007705514356,0.3672590629860648,0.6334437534433592
0.3016901308468529,0.3427240100887693,0.4901905561360076
0.2093394932891735,0.163374880683975,0.2966534789115744
0.388569450371846,0.4168415477519387,0.6283054430385225
0.1607260338814382,0.1738363183188505,0.2804140802869467
0.1703259969497759,0.1825585936904197,0.2548707720371963
0.2743361505732218,0.2975753969030806,0.414064904470393
0.276810497406162,0.2920198530986149,0.4220407972325471
0.2111236115916613,0.1935061253184914,0.3206036339608971
0.3670341074237448,0.374821520312832,0.5947054358724816
0.4244040640291569,0.4224294523239144,0.6628473288932439
0.2866263308280796,0.3030593850478974,0.4408925396366277
0.1994570227176834,0.2122123029758584,0.2698047775886818
0.2866795527158514,0.3029522218351353,0.4340219593723358
0.4797674979568441,0.5147390903643124,0.7488110126197567
0.4524581634820477,0.4392281070692124,0.6626108436079075
0.3531604854755559,0.3722571015390274,0.5249931960183535
0.2680209931430333,0.2989963768777678,0.4296462096423855
0.306236949998102,0.2949422337158915,0.4911884304303012
0.2569217128707657,0.2633909286529207,0.3579956590022474
0.2656661572727539,0.2344962408111565,0.399092598312905
0.1870367872727674,0.1667596430098014,0.2419465801347282
0.3799019240140822,0.33554605381932,0.5375215949744592
0.3025223871839039,0.301805820720884,0.4406990100491271
0.338053531474179,0.3309580424372209,0.5596799281597891
0.2106351581116231,0.2124693395460483,0.3341351415431938
0.2083244677973265,0.1898264431905386,0.3363344995959906
0.2321231660124307,0.223026866860245,0.2963276508474895
0.3145168646946572,0.3381534151121908,0.4833845685214508
0.188679510141308,0.171091017560452,0.306485331458211
0.2951954322534337,0.3209438958029917,0.4541326420929152
0.1480533928535473,0.1313636558029983,0.2174156700960494
0.2679270729832885,0.2911475199439465,0.4202995579801538
0.2140073518225618,0.2155668021138675,0.3618366604724909
0.3433562018579486,0.3699229552226839,0.5202993579612442
0.247518035955928,0.2256678427312481,0.37537783120112
0.3046092334795766,0.3509689585163268,0.5057829348383883
0.2405099729573499,0.2497833726988109,0.3900656697365313
0.2908018102354236,0.2673543291104794,0.4198247086941599
0.2509163096660639,0.2574670300657536,0.3741641289141372
0.251006135754483,0.2091708166636972,0.3339933098256336
0.1938937987752283,0.1673649322086867,0.3197573606248818
0.2806133107178385,0.2270538562254546,0.4129762720957217
0.4191944566342723,0.4427661053576008,0.6256855095211159
0.4118497267457796,0.4392401539325994,0.693161011129629
0.3811128643250957,0.3897650567274438,0.6037168295149523
0.1944153277454044,0.1886141362182331,0.3513251189359966
0.2627001314939012,0.231254992605266,0.3267416510301072
0.3670131490194895,0.335836467945246,0.6345289456270806
0.3574706492004774,0.4000349351780095,0.677593276698513
0.239681472381642,0.2423018068934051,0.425204433384989
0.3696127989773589,0.3815295374632357,0.5798611181404847
0.4408397446580747,0.4186127423876365,0.5890063282680894
0.2815171010560853,0.2223917513642079,0.345305830858139
0.2633690256699392,0.2315782773066095,0.4243258845380496
0.2447278377185228,0.2065730209411217,0.3141870800403943
0.3521477476125085,0.3355949677969172,0.4744648539644497
0.1997933825082593,0.1824608625242175,0.2972178319303273
0.1708823504151375,0.1651330058625136,0.2450294541284585
0.226724313800213,0.1922284800722568,0.2823833521140343
0.2298725351714961,0.2129108691159876,0.2664253594808533
0.3617880256246567,0.3107656711229865,0.5294620683387259
0.3880250388544016,0.4122853842253481,0.6136920298986562
0.3367921137664706,0.3775478182067059,0.555353627824264
0.2673157855089146,0.2458768768696421,0.3649705338808048
0.279419406321798,0.2870246163859076,0.4077211604451268
0.2616239435635901,0.2928751594517894,0.4608450010131796
0.2116874143197532,0.2031016804901141,0.3115418594535299
0.391289934322766,0.4487929146100169,0.7981868006134715
0.2691106197351833,0.282502478926161,0.4840469627581606
0.3422894943593205,0.3388427850156487,0.5619408404830987
0.2360367621707294,0.2133610010338489,0.3935167656126412
0.3408091616384964,0.4021959673442664,0.6025455093128886
0.3737929536854269,0.3737016071882877,0.4949913201833444
0.2491264887776417,0.2469136263332612,0.3915265241847886
0.3098744696900957,0.3398235524217821,0.4428988374069562
0.225900064757875,0.23236170993509,0.2944969076946897
0.2369147995536464,0.2382627086804349,0.3440897732132454
0.1804339903907697,0.1651325134864446,0.2581362818722157
0.3165751083151454,0.3629935036221275,0.5054767119332312
0.3356398971232643,0.3616762353235093,0.4879925965201728
0.2610264576467537,0.2902434185848948,0.3553234414593376
0.3061604285421954,0.3388954934175409,0.4798967305686503
0.4472255268078564,0.4685289829808567,0.6545855042542715
0.3151586708036661,0.3497819978877233,0.4779958457386477
0.251774718723365,0.245518892923998,0.3857409506988773
0.180113088721158,0.1804899314011264,0.3006116309130639
0.3128992948504543,0.2900483305446311,0.4378888547471358
0.354243108539554,0.4044773630605099,0.5853191823919884
0.3755519843653819,0.4021722929503854,0.7393736780333007
0.3426218177965262,0.374922345464561,0.5278842106450474
0.3850854420433265,0.4255476346071297,0.6522911275693997
0.2794588777598654,0.2436752484268751,0.3203643616386122
0.3525969938487385,0.3966838649015064,0.643366362070369
0.0840634806060173,0.0566547134355909,0.0743948637233882
0.2960632313822773,0.2986725560312824,0.4497840564314587
0.0997509031128274,0.0832709343402973,0.1140634768226179
0.1966238597020327,0.1781107859465732,0.2917591337614869
0.2511167353147642,0.2756686330314306,0.4516829674699721
0.225170608886793,0.2475788048642462,0.3185634312785813
0.2035759146510593,0.1918669143088018,0.2867186802292293
0.3456439025145796,0.3165802011905436,0.5230484989509075
0.3574914111914463,0.3717384047642684,0.5530478641017621
0.427928030887964,0.4361626315208412,0.5681359002458969
0.3116536581507607,0.3480491947122884,0.4899652070477571
0.4130161621569455,0.466653526542488,0.6962545509242553
0.2347744040127731,0.2599193996951427,0.3284834596239337
0.2900289198626297,0.2732624349838067,0.4118639404791683
0.3488460144200312,0.377477573252983,0.527697787571831
0.2980967128068034,0.3422659187163326,0.5090503024317816
0.2999696163771272,0.2857979698370959,0.4341112910390926
0.2952132429247139,0.2776742458320879,0.5163087642162323
0.3670851423880643,0.3869429856957689,0.4915111475077611
0.4763092552292209,0.5016049050747282,0.7287229598618955
0.3006142153552724,0.3380132220648936,0.4616302436718289
0.3796024914637035,0.3690868094017817,0.5420895267292949
0.2967373392833656,0.3058097519714025,0.4242131563801055
0.1846100097506822,0.173671342261179,0.2668045164994063
0.2469867900895295,0.2514062344728699,0.389647440860096
0.2683467538009089,0.2847664696517221,0.4538123572662628
0.2580734258816409,0.2736885980896085,0.405998137422093
0.3306096129913931,0.3233189353173576,0.5717687832114386
0.4688596330955565,0.479999475860329,0.6875976808470434
0.3010705410385401,0.3438592540309035,0.4826455374169454
0.2182122889618779,0.2503260075548542,0.3241411749309831
0.297586279897015,0.2873413679675968,0.4388437483114778
0.2033004432524882,0.1404835435597286,0.2006837763813116
0.362740846038525,0.3538399512648931,0.5235583417351228
0.3150189863440864,0.3609509449291256,0.519791269826645
0.1299870614540759,0.1301180681145406,0.2263015809022581
0.2835415979963852,0.2349704316920371,0.3556651214778689
0.3101411903482871,0.3630714418047223,0.4935052790393242
0.2696483495608998,0.2892890346401621,0.3834265543350241
0.2539080947054021,0.2297064687802322,0.3772130027598591
0.4250184001186359,0.4464713743982531,0.617150277049006
0.2433235841581916,0.2551939559609285,0.3588323902425437
0.2830935053905969,0.264058038244706,0.3792265986512854
0.2914413954092629,0.2934822938596961,0.4704758818956721
0.1510321380720573,0.1330354202746749,0.1763185590611664
0.2719025359958975,0.2455895551597166,0.3833133064163275
0.1822650579945483,0.1437791423549902,0.1841705845708416
0.3620386474409465,0.3703249239089698,0.5519474844861394
0.1762175484608267,0.1699665198789612,0.2307024642560479
0.3145942437925972,0.3654767480984981,0.5255447092882105
0.2187066488972097,0.1922996210697886,0.3567429637574156
0.2788295195775641,0.2257331124266859,0.4107169341978637
0.3281558399921939,0.3528361174424665,0.503462857194214
0.2620756135000998,0.2605030034532599,0.5001976684701384
0.2467045932655703,0.2202420430092594,0.3602776101870198
0.1992362548693092,0.1921337833715283,0.2962661889145986
0.3571870929198901,0.299109811845111,0.5007056255528016
0.2262969118862157,0.2107477038974332,0.3341012398406745
0.1620255408398613,0.1428359043508417,0.230820857561518
0.2912233048007942,0.2961765530433399,0.3552140612038474
0.3706349276058249,0.3986891332496996,0.5379236200199343
0.294905334073746,0.332622591634225,0.4961315389793124
0.4019602685949738,0.4318967612011278,0.5866936291263457
0.2307533855851845,0.2535829919772563,0.3259517419141614
0.3469858933530109,0.3316056376224697,0.5540486878141759
0.1966071676381683,0.1893324898686924,0.2678370527011085
0.1771014285190696,0.1894007938839056,0.3835811628354483
0.2124567996534552,0.2539293601166348,0.300582058568749
0.1730563284455361,0.1411504864014395,0.2518338843105151
0.268066448094735,0.3139032349828185,0.4425805242104828
0.3845310381458582,0.408756340951516,0.6294259741832724
0.2324205316788858,0.2237422327545687,0.389407320698434
0.223393671282844,0.240477788061663,0.4237936859005349
0.2532987882045735,0.278082712750677,0.3844044323084942
0.1647486824401554,0.1142492399824141,0.2097743947370041
0.2301684111021232,0.2030908525052865,0.2802936946062219
0.4250160881914993,0.4356664875193032,0.6540607543526995
0.285235313247036,0.3320943961409267,0.4084314270649619
0.3539345831434971,0.3064855672761221,0.555122625513526
0.1691555776300617,0.1628357120487567,0.2616762319195997
0.2896828203420249,0.2332589434320618,0.4133550203409997
0.3045792968483931,0.3434239830056372,0.464048551296616
0.2510929693844287,0.2409368600678247,0.3456829581607849
0.2486361689675277,0.2462721098031811,0.4098637705965882
0.2921367215620006,0.2323434422029358,0.4562068897835696
0.1770343975460977,0.1833594192860298,0.3019145696879888
0.3317780278360803,0.3090876097316992,0.5258915822187946
0.2383133141604232,0.245430927442081,0.3794488707927967
0.4486476108637391,0.4706925527201206,0.6716455869473453
0.2152671207055856,0.2071729852595876,0.3112589378110722
0.2693609893858698,0.2499514091148343,0.3864425567944684
0.2718234543758667,0.2512035956854938,0.3828670445256339
0.4187371011872596,0.3806783757642764,0.5560406135170389
0.3254607637797229,0.3678838832501221,0.5195105900668433
0.3241205572241731,0.3632468101678992,0.4912966253028802
0.3453264907135719,0.3776804458849115,0.6001801753470282
0.4643600990632061,0.4954426917790541,0.7357603769585338
0.3676505264729768,0.4375747602242887,0.7133286784407951
0.3473830629017128,0.3755383913726673,0.4980982165640454
0.317872426728422,0.3320137972202695,0.5003029970538334
0.2787905170107694,0.2348870078894674,0.3427100494123798
0.2835384552114735,0.3153098300601987,0.5379690065432107
0.3509442163348889,0.3882738323731929,0.61229719935336
0.3611818251457266,0.3665199618309081,0.5585697022925447
0.2422769470270437,0.2078297082024815,0.3415045980464096
0.2922175853139648,0.2844256780989959,0.3875437641955427
0.3685139599956129,0.3840491201626111,0.5680663276448559
0.2368835667512344,0.2633647935141651,0.3449665479067624
0.3469291858410376,0.3506881882919069,0.5481002791086894
0.2684651013305896,0.2849779732861768,0.4258001650118735
0.2702741836304407,0.263562230534409,0.408230448368186
0.282588982157017,0.304271240478513,0.4646100216156728
0.3289818429171148,0.3506052921785431,0.524091898497445
0.2998881637087319,0.3267601216127174,0.4601808983885201
0.3023342955340876,0.307891155625851,0.5115942444835166
0.3776910692328798,0.4017671750215102,0.5420322307576038
0.3874475861818208,0.4125597134986902,0.5821303191145676
0.2392673446962405,0.2271333912338353,0.3863090299509291
0.2504405719934918,0.2612740744524907,0.376919736637797
0.1732690079589914,0.1362787072390219,0.1714283810712221
0.4260273550291283,0.4484085048573812,0.6457380006067579
0.2868444757539806,0.2789899389079209,0.4309558674545658
0.3099118975796349,0.3495687117666389,0.5035488385443575
0.251929217822211,0.2959298068390487,0.4612080569793595
0.2601255813716399,0.2840739288846005,0.3859486525421974
0.3368080703216017,0.2890120968208385,0.4616389913778322
0.3269534665556872,0.3798178462800137,0.6254998209996239
0.3160086257342948,0.2991289233593839,0.4702088112729965
0.3430774705185107,0.369329866406801,0.5448048362030952
0.2749285487911112,0.2516124763803906,0.4364067508964994
0.3628574688274183,0.3449052817096352,0.518778267568227
0.3394518554299585,0.3667546511309768,0.5134135106925605
0.4101396304584602,0.4154648284287457,0.6006563872709705
0.2427927720183719,0.2336941655836678,0.4637073713535899
0.2531078892680566,0.2348340926965784,0.4571527299852888
0.2537860435230819,0.2274171792744917,0.3840619528020126
0.2174676635727523,0.1700691345210391,0.2565555828688117
0.2903723811841747,0.3058645316353385,0.3954201599096312
0.426443517367133,0.4245020748104226,0.6543585092016598
0.1810608049924032,0.1886281681773794,0.2983466609838424
0.2117793894445089,0.1938625536100007,0.3186244373945706
0.2770981498720981,0.2730490512594399,0.3177980677024268
0.3118917024800535,0.3602568527751242,0.4757429713819058
0.2160044849442455,0.1662245849665457,0.2493427007355938
0.2559103042662848,0.2593506171691274,0.3044826197663962
0.2316908718894528,0.234054077785829,0.3387112839722976
0.2452485574644614,0.2430100237409942,0.3985699160021897
0.1656784785958087,0.1478734239262515,0.2622621523125162
0.2487896004437357,0.2220765232650809,0.3472374399099503
0.3082158833792474,0.3609343081459596,0.4839835642282779
0.2868273061200423,0.2950499332448833,0.449330723798742
0.2526707535612689,0.2610892895609673,0.3951566799440739
0.2560817127904798,0.2509437771496888,0.4120429560059652
0.1861918233782471,0.1883680031631877,0.3317221112928376
0.1782141275846516,0.1757206028514757,0.2360671905913651
0.3020641025066719,0.3222185053565778,0.4027281161732823
0.2671948220310701,0.2533562075878652,0.4096692039006044
0.2129623321284567,0.2077069245204341,0.2932098332592858
0.2992233547350578,0.2577523450426176,0.3862336007004047
0.2113997025850126,0.2474831352176501,0.3366968957100136
0.2053987768184684,0.2055501454674737,0.3064015799643868
0.3121396857001219,0.2953312881571591,0.4971395466423489
0.5118606418256432,0.5182826229392015,0.7068229188840756
0.3466031568272041,0.329657605578264,0.4445156125192947
0.2761293447271848,0.2626637196725063,0.3731174602404087
0.4283205737266357,0.4735797954480658,0.7251027631482628
0.249615236779746,0.2347626126725323,0.4241039842706717
0.4475757118963157,0.4580861998515579,0.6773308127300657
0.2519121002244927,0.2181846516238519,0.3675062710015302
0.363907286584148,0.3798585544929218,0.486512687992772
0.3082673600479917,0.2850756237222857,0.5548303328933722
0.2057697170578252,0.1886573057755909,0.2929618111066511
0.3902088230773933,0.3383156441674667,0.5246578961671954
0.342460680726314,0.3012756942232335,0.392118965932352
0.2307015063107219,0.2571558561364926,0.3861182340960687
0.3290624161666921,0.3600450571273016,0.5139401486903451
0.3336836637259608,0.3283185134463713,0.4837797237060905
0.1598362428327072,0.1217632090066913,0.2079083703262083
0.2934213693332681,0.2569509791389814,0.3899353910721757
0.1701085985198419,0.1623327224600485,0.2481024491048496
0.3708644098733009,0.3699811379844413,0.5742288437551454
0.2083247280609578,0.2076810015862343,0.3534621233326316
0.3834448547172413,0.3946702469000787,0.5672105649713303
0.2995834310732017,0.2651218409870487,0.3957834183342999
0.3198504801387151,0.3414273455388983,0.4841675191587256
0.1974479150718378,0.1905968070519945,0.3389952857098865
0.2749201541645892,0.2951445926091821,0.413558741542559
0.2443397481923175,0.2586465753504503,0.3798546695153154
0.2681162218148261,0.3052995858239762,0.420964657632304
0.3054609510504089,0.3599689191630852,0.5388107754011309
0.1808388944163866,0.1787808678136085,0.2243815107712398
0.2919976034666641,0.2774088038438974,0.4062405909821275
0.2811296581859179,0.2792976002449931,0.4256635440379311
0.2137000590285855,0.2202428168535999,0.2959821713367325
0.3331846642306486,0.360367595207641,0.5468735252944223
0.3155837147189201,0.2988113692111398,0.4566243839699786
0.4295412194537238,0.422578688968134,0.615501542457048
0.3561572376938957,0.3608468217141789,0.5327167129809753
0.2977702060520871,0.2873548503469292,0.4902314627645476
0.250637688598304,0.231530856709222,0.4231175685433541
0.3260707666463146,0.3551646506986704,0.5186560633381881
0.3884802784582062,0.374324854198785,0.5869433266246079
0.3114215611018581,0.3175341466331023,0.4969176220854535
0.3267246194359058,0.3024531879757381,0.4850525597670529
0.2362125616103663,0.2480636706285093,0.3568230690475051
0.2152778586743938,0.2189220419547493,0.2803857676773107
0.4229363906673881,0.3811955047868104,0.628081883409727
0.3908925517164471,0.4143321661311803,0.5762304412663066
0.3827325504358784,0.4061512632187146,0.5636719206012041
0.4062344296075996,0.3950533127531535,0.6253398614135247
0.3031620611055632,0.2867426081860192,0.4236849685254076
0.2381421626464032,0.2524800552116167,0.3824045450236891
0.2908266667114669,0.3207994588188123,0.465938538610148
0.2760349802235962,0.2810284181822597,0.3503689576586049
0.2237892802782233,0.214757214750993,0.3540736473128783
0.3279975630980655,0.3301642367099171,0.4659082317286828
0.3438045830256925,0.3625712870500838,0.5799092654638345
0.218412561858836,0.2434148050708786,0.3192085149794046
0.3516582975741762,0.3722514704449597,0.577701353672252
0.4060063718741157,0.4330646847987395,0.6644188940476607
0.1409256860835917,0.1378646975684021,0.2067076967593737
0.3259989510494612,0.3481055309511807,0.5177570801771456
0.2220729806363644,0.2086510138806538,0.3483273831891587
0.3442862556283332,0.3918206216656961,0.5525295558428825
0.267891471972987,0.2630510925713775,0.3501953529720805
0.0936622756569925,0.0686626306858639,0.0945295964270401
0.318325143939463,0.3546582205254258,0.5337622300615807
0.2389604992972226,0.227501397673792,0.3266091986170079
0.3277754663537314,0.3021896847978026,0.4935679327220671
0.2872792761496174,0.276924831008237,0.4702300989124824
0.2533821291411781,0.2846563793361388,0.3303495151103352
0.2105124334247879,0.2124670227900497,0.3327916121999156
0.3643165304663102,0.3640872545303392,0.5658643116356312
0.4608211022663794,0.4806368095983807,0.7131863370749608
0.1710065838210299,0.1546151668077267,0.2607625940754884
0.297951853684424,0.3491214775606105,0.4799190463117659
0.3569045397791545,0.4116781727361976,0.6466089918296527
0.4215943725275461,0.4252141167127678,0.6232889465727174
0.304335094593759,0.3106957417805066,0.4420582318097891
0.1996907908621595,0.1862618144656984,0.252730647400808
0.3347642760716302,0.3036304214179632,0.5494426232356885
0.2609836285709102,0.2378985488074689,0.3741824661165516
0.23675814567583,0.2561859231566802,0.3260762746769655
0.2358457612392354,0.2296231746292014,0.411998532528981
0.2921534284485504,0.3000334522797298,0.4308239726407002
0.2259255993001698,0.2018137205198251,0.3636055978124125
0.2986804250726853,0.2580623510415183,0.4621603255554603
0.438579467846753,0.4665464036423344,0.6923147991740416
0.2881226337923032,0.3085441399585054,0.4709342931512114
0.2686466615129673,0.3194772293496033,0.4138969995624167
0.1794266250979614,0.1530233165464067,0.2932112682423544
0.2517723569478565,0.2905575208324342,0.3305059096557099
0.2951636426167285,0.2841293222801517,0.4726052677763471
0.3443306751153222,0.3312143872439653,0.4607244080863342
0.2861808159423254,0.3090347513662418,0.4532113813691097
0.2637564453090732,0.240966085203039,0.3712442516056415
0.2796409232863971,0.296774479554604,0.4536407409425395
0.2911790104503857,0.2734275615837813,0.4631540914390146
0.303937812204003,0.3274644162665261,0.5358882583265622
0.4146674723966683,0.4355603234399258,0.636393432069067
0.2227778498405838,0.2200237062513895,0.3481825204822861
0.2275854574999413,0.2182409122610597,0.342267455062319
0.3166263495120683,0.3270972949634864,0.5537556489098686
0.4975183781433371,0.5196054402421382,0.7663759974627667
0.192080743613427,0.1952725654531468,0.2769418557366245
0.2513995034710307,0.2735055517341909,0.4625342929180152
0.2600081127140777,0.3098816022250009,0.4293395677534178
0.3657796693468312,0.4019200908907597,0.5878435720205131
0.1476591200299958,0.1272236855386108,0.1674828546329649
0.232785801073628,0.2127611744747021,0.3249288539898393
0.3321436711689631,0.2871265765554829,0.4405587734907694
0.3702053957385463,0.3732009404008543,0.5380941840167753
0.4314152419767372,0.4647710415390398,0.6791709708083694
0.2119265274504523,0.1891200651946177,0.2840876601945097
0.4945768150386401,0.4574240117443859,0.6493626533987138
0.3384640445729405,0.299945751381532,0.4695960099496342
0.1416049346186819,0.1382948069982413,0.2213145647746263
0.3892187700115946,0.3958838044920918,0.5786244058014074
0.4221243244497967,0.4550848250070516,0.6442246288077856
0.1965902187047155,0.1777260593544953,0.2988948554734796
0.270794214516845,0.2996953614674292,0.4201841515092425
0.1935034765939524,0.1835212842553105,0.2734475112074186
0.3727118139211842,0.390729967676048,0.5511295527065694
0.2451492101946082,0.1994422635407906,0.3037735559872934
0.1570659425468583,0.1408264896169116,0.2832107665687407
0.222576177691723,0.2004717168837318,0.3653028530061832
0.322013141353225,0.3323107130832878,0.5534375129777018
0.2460648457558873,0.217115107402575,0.3536444215121948
0.3479049966126391,0.3384285359024118,0.4989330854989862
0.1358044044414399,0.1428275175235315,0.2415992115117674
0.3146113114434308,0.3149188928995085,0.5558829774660212
0.2350867498084341,0.2186802607467882,0.3262727531841799
0.2980631267726186,0.3377476576392942,0.4642390648243926
0.3859181289490421,0.3629103506700732,0.5602390847882549
0.1997582780800623,0.1787424278599282,0.232802164917467
0.2778657727417383,0.2907726872932675,0.4445946656860558
0.3070791345756098,0.3213112722089513,0.4204804230804204
0.3273380626128344,0.293981760685745,0.5003812216252475
0.2931778851964786,0.2964482265117099,0.4260894360778927
0.2535741409176802,0.2396681252147735,0.3141752078938447
0.2091359639779314,0.1959387020375825,0.3169541356087595
0.2417321530704095,0.205163901193399,0.3654730738821741
0.2361516930690366,0.2463196200305202,0.4360182588122527
0.3623632640009719,0.3695430746942473,0.5290299481222143
0.298834376026819,0.2897004110949042,0.4543665957489605
0.2700423570483045,0.2978471987811941,0.4429301050376972
0.2299704328738807,0.2376737841313208,0.3178513482597699
0.2075999180249778,0.2046411421405991,0.3106933189102535
0.3365589190439725,0.2476949794331353,0.449642861259389
0.335154728636534,0.3462033363445981,0.514186799160106
0.3813096527024628,0.3995601833789107,0.5740680580799092
0.2611827169986044,0.2435281659208465,0.3660964724404927
0.2796891678928835,0.3036007921641714,0.4383060355230155
0.2391504476059561,0.2386153430544712,0.4204388791010746
0.3171584166838409,0.3639467031813612,0.4907537487391213
0.3327810833507621,0.3804689110566385,0.536468894606206
0.1553544611336254,0.1115412743441484,0.1863513714936454
0.2762025435967445,0.2958880251659966,0.37828356830291
0.3784319983151113,0.3763323576786815,0.5677439309063336
0.1689155192799755,0.1563005798395537,0.2600929873361195
0.3104536548403671,0.3170397661204394,0.5402915733082403
0.2756417468784443,0.2599628090119132,0.4230734978012305
0.3983267884027654,0.4203598586699655,0.6007595773667057
0.1860606250107105,0.1982741414234657,0.2991308259289688
0.3870602371859022,0.4443445440799119,0.7378471811244773
0.2518710011424189,0.2339747141048581,0.4054948585692063
0.1377160390960782,0.1103876396224722,0.1943191047568068
0.4722658827579599,0.4956445578870036,0.7416222367604689
0.2809197447965402,0.2876931692798322,0.4134789169847543
0.2409356700004826,0.207272035081386,0.3726518293373071
0.2401054419314552,0.1882247909999718,0.30201557543008
0.2987992891718567,0.326434749079681,0.4849692370886448
0.1779729157425627,0.1684021405160466,0.3029734519877483
0.270419723959974,0.2439588056676799,0.4465028566872733
0.4329960965306713,0.4319420108265052,0.6733330082842511
0.2992881733569151,0.3409563482379788,0.45672610344497
0.2396947763956859,0.2436078588153768,0.4000655008669153
0.239086830788638,0.1969611090738027,0.3662660271181913
0.2910602612966381,0.3247658849842276,0.4337177798928182
0.3715365699027891,0.3878150190955978,0.6082997327469929
0.2487752158326819,0.2536509967359374,0.4093015105210572
0.442583363377086,0.4707539488357709,0.7543756984167802
0.2677224618743843,0.2232045935554434,0.3974492618166798
0.1698847431836291,0.1440590068331396,0.2481899203488459
0.3447887535611595,0.3205420800238898,0.4769735769962483
0.3081479429991167,0.3353538106198888,0.4945701714524658
0.3493782083894242,0.3896840849854665,0.6364997969379701
0.1787860707085463,0.1938521270788694,0.2898225436092111
0.4533829629484091,0.5006376031778984,0.961015726024802
0.4411506694242299,0.4663172256583783,0.6638286437452977
0.2871495267270794,0.3289975959566288,0.4704356479772963
0.3680622112829863,0.417254895593904,0.5879791106025524
0.2443470763932162,0.1960419278188873,0.264478675047513
0.3593696200312571,0.3002677516121698,0.4471906140740636
0.2716261125381382,0.2522537454570813,0.3979016745612994
0.3007329039956237,0.3383034130238932,0.4551245419167842
0.3243068845730218,0.325278763102772,0.5246855676435448
0.2438411316751731,0.1726039259314914,0.3148408828089177
0.2991059896295404,0.338505245362128,0.4761986049681213
0.3202428587378212,0.3650151897971062,0.5277516190697142
0.2928805865781795,0.3211502706188793,0.3906888372866764
0.1820469513229879,0.1683607460536458,0.282742375809027
0.3349247390635402,0.3732406416390307,0.5523517085078485
0.2538799891327112,0.2848084620204648,0.4759598267476609
0.292199629770477,0.2983365995985477,0.3981661597541602
0.2384306535091933,0.2050443784207811,0.3208581323513956
0.3816734306005777,0.3730269767824749,0.5399593169003073
0.2777587239809797,0.2840419735172437,0.4130320426937509
0.3438091867595791,0.3852704206905316,0.5975671304026575
0.3360347129625168,0.3647772279313039,0.5954945483847078
0.2886567361570723,0.3100888108651212,0.4190900201840182
0.3277311579449062,0.3797551812300958,0.5167318433214284
0.3454669474724214,0.3918509643584097,0.5487642198721003
0.2999220926875213,0.2837120034950474,0.4964937221243377
0.3125157962340466,0.3352733963091291,0.4467787045049904
0.2493863424960752,0.2314311715348375,0.3845917548456584
0.1986303046648745,0.1740705632960627,0.3009018871799707
0.3523645933536082,0.3701255422147687,0.5307468613542907
0.2427922859725946,0.229942134725736,0.4259905351774185
0.3710884937382014,0.398440390512599,0.6130487151017472
0.3409467970614791,0.3580661252210702,0.5237903584706409
0.3727293687182557,0.3600823446932486,0.6073377269718253
0.2620989094011552,0.3004062165856003,0.4288573670704376
0.3381752548713089,0.3725125972307426,0.5115590755989499
0.3915539430671028,0.3211617611027237,0.5116706222211681
0.164966325432117,0.1526284564749118,0.2283188659310749
0.2343610905492548,0.2557545911543849,0.3658904697018064
0.3849143116604787,0.4575964326157826,0.7328851524774961
0.3021848031650504,0.282714236881025,0.3783020430203162
0.3696720962304143,0.410782804691705,0.6552926905801304
0.2718703551297667,0.2944085098108465,0.3519062616127241
0.3616413312306982,0.3655072556378559,0.6163327027395786
0.2205105476354274,0.2099518651851632,0.3189958334817205
0.3988229913607988,0.4186545692155957,0.5978292303416355
0.2684354684659616,0.2382686177374066,0.3982208270942782
0.2360717759461684,0.2379283842200639,0.3418452171636414
0.4857571867091519,0.5050710003378966,0.735960986521928
0.339443643262849,0.3483014244491477,0.5170430225692191
0.2445239799820113,0.2479274260623452,0.3531402004771509
0.2474378286845002,0.2436739859837079,0.3436308072361386
0.2450944296538414,0.2480088041010409,0.4076709665175006
0.197874132523555,0.1986508667719649,0.2981353307316419
0.2849106304114915,0.2876934040567991,0.4711041530978495
0.2064013872891324,0.2295748577287287,0.2601707548715113
0.258190955495057,0.2705296179115962,0.3727881864536054
0.3789965032972573,0.3996607172137199,0.6517828190388087
0.3795505443390247,0.3848515644353814,0.5975368099059264
0.2963764591503583,0.3338968126227242,0.4379922290855439
0.3087415739546063,0.3458285985351856,0.4766605508407999
0.2542278376780065,0.2464710162948996,0.4059827431958221
0.3739034289419195,0.4166456955625243,0.625749757702482
0.1997593443750901,0.1690700945208575,0.3034694466053132
0.2230304374779648,0.2264304934112271,0.287092935985523
0.3641636506367175,0.4034845478167796,0.593197286531006
0.1809171607991622,0.1527077517627346,0.2609724717536081
0.2693905366444918,0.2948919593686456,0.4421861607759179
0.3984031341645673,0.4038030528628327,0.6574055973534028
0.3596863419459305,0.357441266651107,0.5427297859606438
0.4088152911030255,0.4355325451096274,0.6296769010411148
0.3840931348527437,0.4471269521331002,0.679727359360576
0.2417860042999929,0.2395199535576722,0.3825987922292891
0.2230224230150516,0.2334308756119588,0.3071353986882259
0.3218863884068463,0.2798144050092102,0.4830672863034678
0.2940984750335577,0.3366426960925435,0.5377897233376487
0.3207340663273176,0.306852771188713,0.4942726304421104
0.3744055215934861,0.4018432475452118,0.5342031714754246
0.2616408018480836,0.2724615118090344,0.4072769323705186
0.307740026048616,0.3384801549347322,0.4738125039032063
0.313556400346119,0.3481920095982464,0.5190147083008003
0.1888610636197421,0.180819016762856,0.2795878375985253
0.2588735608573972,0.209729332618262,0.3583408647047691
0.3117547207131353,0.3208283055077743,0.490860407585481
0.3468556559781143,0.3892902176323975,0.5529940807752761
0.2534509683248033,0.2550549401432523,0.3226262561852928
0.1982311301872877,0.1896664488277578,0.2345154395898197
0.3850136488674154,0.3624202780375686,0.5346050983785333
0.1803709643381142,0.163654154636189,0.2398394952948256
0.3202817737941926,0.3534034129240754,0.4789714190053304
0.264128189190476,0.2187098059928075,0.427265862139815
0.3791893959577787,0.4041536828509373,0.5945504126923965
0.2976633704746286,0.3358988944663563,0.5354488567422653
0.3225555644004111,0.3725695160420826,0.5170037180781176
0.2549979496362963,0.2412373147241059,0.3701929271838386
0.3242709270949785,0.3585121651033927,0.4878477735640141
0.4229411716344275,0.4392805972467752,0.5605772672521228
0.3239061308147138,0.3032436674610017,0.3853948482674891
0.4522940052738195,0.4785722563561137,0.6758509200522175
0.2831082785440333,0.2590512085056913,0.4257006056756616
0.2003074980249735,0.1963538885298618,0.2960554272041718
0.2971929151717017,0.3208108347504718,0.4152092286313346
0.3546205392064196,0.3567479454521962,0.4391571891109628
0.396733315887844,0.427737035133051,0.6029315089441143
0.3192407362070753,0.3101514956649881,0.4684531266261529
0.4508918156270551,0.4560387761459127,0.668748406201119
0.4320275948109415,0.4619584025972548,0.6383765630886341
0.2399382267158761,0.2503372583219233,0.2830091119853161
0.3125955771014236,0.3686389528007835,0.5220316811786987
0.2338001518050702,0.2171372105601534,0.3854583474840727
0.2015147597476565,0.2056607963204245,0.2687278254614821
0.4464335862383922,0.4571402002694171,0.6820118209793753
0.3024754934313243,0.3349006578010425,0.4732633496020388
0.2510186360878013,0.2476776135076221,0.3988401142629103
0.4621911849359842,0.4740342172487828,0.6759805583145616
0.166286741788124,0.1547026716998756,0.1988783066966362
0.342932103835129,0.3708444531908482,0.664594855890594
0.2153558172321308,0.1894309432248365,0.3423992376186849
0.2971721975671529,0.2443384572704701,0.430334085215666
0.1675937250378237,0.1173399811249884,0.1429185527349088
0.3693180978652259,0.4045283548544222,0.6326716345196781
0.1787879973673016,0.1639762906161473,0.2673580388742012
0.2217978664117029,0.1894322411867718,0.3467559460842856
0.2497789195564903,0.2570536279345568,0.4003170750576485
0.3363526946796062,0.3436159573461242,0.4627955006601614
0.415098933041831,0.4574547904903371,0.645615922249528
0.1961145372458097,0.1909493106140899,0.2939216767755988
0.3336432280476457,0.3506196844836633,0.4974826313873356
0.2325567765760438,0.2270542179615206,0.3875158436855306
0.1663748323612024,0.1358157997813228,0.1992324006258489
0.3160518301978519,0.3147939614975243,0.4908148616336047
0.2863319212674672,0.2771789241818519,0.4048164484868407
0.2805559126451483,0.2609217530001431,0.3813887019121242
0.270194684889895,0.2827596656168552,0.4182057432907658
0.2314151499002953,0.2267040405830755,0.3378213601758064
0.3483311573520233,0.3967651935144608,0.5323289836009448
0.2850017299209497,0.3163987512328436,0.4056156544557671
0.2664463888523155,0.2388248448420642,0.3583346914961987
0.252195340141549,0.2305625338153391,0.4313908551571042
0.1939435116832005,0.1772360194351391,0.3114733189362912
0.2323860999426066,0.1910528052056362,0.310359991723827
0.308090282103371,0.3466408884458624,0.447948844880335
0.3043770496947038,0.331922319443816,0.4531395950877706
0.2489147844983585,0.182271682871997,0.316050972765062
0.2348439061650762,0.2441311236986077,0.3848978132146842
0.2937317517743408,0.3389773763087207,0.4853216654112666
0.2198870195206146,0.2489648182314799,0.3475641902773592
0.3334979465444382,0.3433540304709397,0.4893359618334501
0.2060775030044555,0.1963744423395995,0.338929491285556
0.2853540054106623,0.2786552095150926,0.544258385582641
0.2643585403492353,0.2397057675323289,0.3289783097020765
0.2746784128107719,0.2938926565914622,0.3803338587577708
0.2107618725472985,0.2136265383864351,0.3346539206989417
0.3123649567760604,0.2997794368678181,0.4342871445044541
0.3943563030237889,0.3946178626189936,0.5612012789856874
0.1690603828838966,0.1573506045307253,0.2334976369545509
0.3700194358573971,0.3836199910182087,0.4580064145198794
0.2720275210467814,0.2851032587677264,0.397825392485933
0.3399066446529812,0.3891765445860857,0.5474615395939906
0.2794913271035255,0.3110328442427725,0.4348191665165662
0.4270027744162302,0.4542216424521897,0.7413741331409788
0.4284971299313762,0.4121862483784043,0.720573367078983
0.1838584634722199,0.1359828546222962,0.2103367055160677
0.2704876166477942,0.2278609301140255,0.3734069022274669
0.1162817726429571,0.1093178855043661,0.1987790429260323
0.3145409808192195,0.2692446805192413,0.5286985481933877
0.3329202683540166,0.327854746213266,0.4694758716019952
0.3111683209009885,0.3225859233657161,0.4960613843503
0.1547253650023613,0.1444068191629668,0.2472833684071366
0.260859171086824,0.2499386683372846,0.3436222559643195
0.4113632982424222,0.4532021571131281,0.6499396033737679
0.2936583181808626,0.2669533936314323,0.4650028555514882
0.243522372089889,0.232819949906063,0.3387288314564485
0.4063435314926666,0.4440375984987317,0.6522241975081846
0.2311279273524333,0.163564562263505,0.2542261067233719
0.4066092811487031,0.4162827049731364,0.5450566654785849
0.1700564462349122,0.1436296964505534,0.2295454649363246
0.1873375604906023,0.1616802551589774,0.2315502871456783
0.2173188020849398,0.1899505771814789,0.2912341703409866
0.3219563514028388,0.3029381029769111,0.5166626078137342
0.2668950717558046,0.2733451048625542,0.4010948430816102
0.1881534825155479,0.1879480057667843,0.2648532715064497
0.4120157063871306,0.4380511368370427,0.6196885594777756
0.1447511488528404,0.1255602873649252,0.2103488498538065
0.3805625869667621,0.4030116787017205,0.5276946929662103
0.2142246088988141,0.1869241878918875,0.3099974512254008
0.2093638355917876,0.2223430342120723,0.3156984607497367
0.2809357866091097,0.2781479511091228,0.447437976299768
0.256031721592587,0.2561628819253086,0.3985953675136788
0.220439229533634,0.1824838024089845,0.3037846981372085
0.3583811498701968,0.3815787831439225,0.5916652350082673
0.4093450317363232,0.4228638518184682,0.630444419980958
0.2407769613305598,0.1887778954570242,0.3136225802063522
0.299281420636436,0.3358956319012895,0.4289817058957681
0.2513289395442775,0.2175323423236214,0.3948911377203082
0.377893682127647,0.3346514189435678,0.6141911453741177
0.349228623436619,0.3099576871999381,0.44846557348199
0.1939330576671452,0.1963484926911617,0.3464535829137108
0.1778280713099564,0.1441942301721745,0.2171857022116256
0.4263275706436228,0.4517024911740858,0.701138577636005
0.3591591256410028,0.3699299468721393,0.5071193917637482
0.3046351036406397,0.2778982356928466,0.3962701915167409
0.2863351895157281,0.2687311068172389,0.3934805754634843
0.2664714399552088,0.2401919360188911,0.4336404800435696
0.2666636101553327,0.2909995220791583,0.4748430723540462
0.2882796277865471,0.2616735531450582,0.4508458674602208
0.4400096765841784,0.4467377216217437,0.6052494030767513
0.2136800549642785,0.2065168856378507,0.3109035360121966
0.2113969033181805,0.1450654458919311,0.2246005177067534
0.3015283236160336,0.2988722725308994,0.4100947754270705
0.3672215114567141,0.4033868701307835,0.6607772461407786
0.2416385841597231,0.2620594594890572,0.3829280181956141
0.1516397405207118,0.1315986964231649,0.2255508764586668
0.3402452552946311,0.3629719600732358,0.535394826935234
0.3482354581739084,0.3813630965365686,0.5654030687995216
0.315960844849934,0.3648504556507635,0.5291921812917852
0.3194410555272766,0.3240740317961804,0.4933761344887458
0.2967207431803477,0.340274840786212,0.4426186387720706
0.1855290278082895,0.196681595555604,0.2523541872479474
0.2619881949776487,0.277668775364212,0.3698949596537114
0.3700652551768352,0.4003636841475697,0.5442545213209583
0.3980127733709697,0.4067444935269376,0.8393646090268257
0.2971074396741157,0.2782203399814499,0.4699854178522457
0.3508968055560142,0.3304232373302299,0.4812031442201522
0.2178307954781827,0.1913450869855324,0.3136419648746615
0.2563581058226187,0.2370976434997347,0.393451569804708
0.1931159366625435,0.1895835175462056,0.296207563854262
0.322724996449695,0.3178171591086394,0.4516829651409696
0.2784972096644981,0.3199877354054769,0.4571393844959125
0.424592066029945,0.4756092042220675,0.7615576979556843
0.286572221742038,0.3261174372437055,0.4520583724232204
0.4186246903687551,0.3705533583052667,0.5905080802747407
0.1896591313821404,0.1860363348531247,0.2740594960496313
0.4231063672817143,0.4170975906676195,0.6534802939144735
0.239330143807892,0.2505801142717815,0.3799548793628353
0.218968928569489,0.2124404101337236,0.3225537769693939
0.3147400293596459,0.3463532785232268,0.5524206132143288
0.3025773012523762,0.2891155877253801,0.481667219465515
0.363428107208702,0.3861866688032879,0.5996393947792451
0.3343154042522607,0.3516355835992599,0.4943706588281216
0.409662042227109,0.4536991026624986,0.7009429882565249
0.1544662636178403,0.1377328246549101,0.2383500487938075
0.2499407859885773,0.2250351372918315,0.4174619863919971
0.2643276199906794,0.2765596580136245,0.4094282742788068
0.4904150915968043,0.4740893929054512,0.7890622110199386
0.2721039855470468,0.3022680265885863,0.4468157213280591
0.2841433951328657,0.3232443116116226,0.4494231403913113
0.2613726280706725,0.2825483767529391,0.4170473053047354
0.296646752838694,0.2493066902706975,0.4104708586483994
0.3199331014160556,0.338822043633801,0.6361015325326925
0.1028004334151671,0.0819913919392289,0.1243829155341699
0.2541678696176631,0.2256390037504509,0.3253825827485147
0.373230946757615,0.392664313915775,0.5523760990339246
0.3171930278866673,0.3115121675932176,0.4105801609120401
0.4227203957787698,0.4525325534021829,0.6612233175938821
0.2726338739303325,0.2909582513601628,0.4262201166415131
0.1978234883213982,0.2149546925452577,0.2823142749383944
0.2868919143032617,0.3340699093319963,0.4403056794844081
0.2032385810122117,0.1612861332108415,0.2824777143532662
0.3184684541962536,0.3675514012303736,0.5339332130578849
0.3526975350171024,0.3262984005507415,0.5531583075383083
0.2500942779807388,0.2394164597191597,0.3731062463610636
0.206073188195108,0.1982302456909103,0.3204119061222688
0.2578794269830777,0.2479544224926186,0.4215151841872372
0.1859912960137962,0.1650023424174259,0.3011081507795586
0.2659893410902965,0.2697990971366328,0.376819796679412
0.3297742471668027,0.327563972791226,0.5292895818490373
0.3898419421527063,0.3908492638032484,0.5695998521112604
0.1878714939922676,0.1943661049033752,0.2896630247713351
0.2122022803322925,0.2015322193766174,0.333523515057837
0.324913757839498,0.3693344011296295,0.5273308295063599
0.2670688261425498,0.2461312792660044,0.3355035726955807
0.3034038656230369,0.3364717105923934,0.4627645576615246
0.2328892814694613,0.220612808268922,0.3345034912903146
0.3416434081684371,0.3379382741523042,0.4298798583942402
0.2149129687479908,0.2325405461839721,0.2972404314746664
0.1996020725292219,0.1622346207186232,0.310980350568237
0.2619346662178224,0.2134825614690523,0.35278944892555
0.4118168363120742,0.4526806715517552,0.6488237416651251
0.2830542027837473,0.2920177217160875,0.4526104985294903
0.348077788560908,0.3307823482954072,0.5452346440307202
0.480160980168778,0.5024635270848875,0.7465539303525436
0.2681901141082227,0.2784368978003289,0.464130820942969
0.1981981461139667,0.1641245995381627,0.2859896997250907
0.4424189049578719,0.4382443198758018,0.6206153890684747
0.29624661799343,0.3099637802537491,0.5367833570690763
0.3559170729150467,0.3559883327148865,0.5376662586335262
0.2462975349153443,0.2658500034649335,0.3650481043747525
0.4238677747681696,0.465659776808054,0.6758761384775227
0.2720752918689486,0.3066745045390336,0.4186793149559587
0.2710102090869047,0.243889058714131,0.392181179560745
0.1035669950149719,0.0846542714755102,0.1074785743523888
0.3065432506614768,0.3321069362003104,0.4787486260227035
0.1984995589876117,0.1746815989260685,0.3010541266882026
0.2844834580345053,0.3069861610396136,0.4317566466534364
0.2305380105215573,0.2291116295258028,0.3178606036701629
0.2161286493520411,0.2025202770915562,0.2921661074214955
0.3477384004248621,0.345071777017512,0.5479866852871831
0.3405921631168082,0.3826488688348303,0.5742800411029897
0.3061684919305846,0.3160731833546343,0.4579705142053674
0.3244027463308029,0.2855681321505064,0.4515765411770785
0.3030500384005121,0.2904716030372875,0.5152972315993228
0.3497661125886659,0.3903378890598988,0.5503843527294852
0.2488130862074573,0.2680428602275091,0.3783825811942266
0.2964179623584844,0.2918762426861513,0.4100245774493761
0.2337413791656796,0.2285958449064906,0.4128887953019463
0.3446194623288851,0.3655420881255563,0.4826656007510997
0.2431989484535084,0.2084364116914066,0.4002607802101502
0.3645716811357393,0.3814684885624796,0.5269575510210892
0.367388298483747,0.4013275479776071,0.5611068859232529
0.3986681674715315,0.4213937005510652,0.6176425496131508
0.4170642498139108,0.4643284273965772,0.6643466683179092
0.317014012646795,0.2886441113290759,0.4995890262452417
0.1259770239412124,0.115377475816718,0.1933767433384253
0.4445423918995286,0.4602496754919175,0.6733007410770044
0.1584283847810745,0.1335786097255705,0.1996648240578528
0.3536936823599573,0.3680961368336272,0.5525324643320052
0.2486928177145471,0.2149726980826481,0.38281757749122
0.195073189601323,0.2084978414163966,0.2860366225256033
0.2611580786374351,0.2399128135874903,0.4036294944951667
0.2132834825926214,0.2332401594414683,0.3250123480786068
0.2603692643403059,0.2285100908104892,0.4130925131459487
0.2574468072766271,0.3010332346412515,0.3482636518073993
0.4222569779001573,0.4688254251490862,0.6954722030476205
0.2796534337299005,0.272750021733856,0.4291883194112007
0.348386696746226,0.3201368612920743,0.500394888508569
0.3042064512440442,0.3380685569758919,0.5110764929313005
0.3539627401830999,0.3649343281026858,0.5769048882824558
0.3788972435373913,0.3587108091149097,0.6032691040450624
0.3177880722763897,0.2931337464181446,0.4846234187088607
0.2642973097302201,0.2557344355745957,0.3993125011447463
0.4452805761677721,0.4192420343282895,0.6758561931685969
0.2990087200833547,0.3147045723618568,0.4742095055736761
0.3016527559822675,0.3147229009666939,0.4536084853378095
0.3812611324562212,0.4254795624629202,0.6025636603662156
0.3532221735040879,0.3225847117765723,0.4626286342290694
0.3315756190313827,0.3158852170761125,0.468108990890821
0.478668073141192,0.5010693656675435,0.7631213894103975
0.1486257337595113,0.1235790118758457,0.1907372053787001
0.2167480196022527,0.1675799105787682,0.2828720264067604
0.2598816580945765,0.2138090089344223,0.3563037844332454
0.3130251778396916,0.2776789830549641,0.4722214921506281
0.392632116817165,0.4190833758342194,0.5859503554620616
0.1953421517692948,0.1966041479838922,0.3318625480098446
0.1783581458874435,0.1842687697589404,0.2528874057295585
0.2968369230524668,0.3091166892651953,0.5148527800432693
0.4101962145195036,0.4280105352267259,0.642374542013758
0.3737076539698821,0.3805619826804829,0.5446315160784843
0.3976169315960158,0.4556653653223474,0.6998047437148047
0.4018185429362499,0.4199050017740243,0.5809945603804723
0.2939852730148084,0.3019835044295223,0.4524221006561199
0.3510486424145599,0.2773529177663943,0.468345848162142
0.2116648830338889,0.1946528052007805,0.3213755119119024
0.3801804471864933,0.4159958476298584,0.5565779210886009
0.2173570315868424,0.1939424168465031,0.3038134157039108
0.1738572298148535,0.1551620584502057,0.3055933495323548
0.3493265062532349,0.3762035854584312,0.5391035687023574
0.1635366961091332,0.1312034937430264,0.2217860418491863
0.2022476888477972,0.2011880577644983,0.3676317189076261
0.1139722408300711,0.1110215133517132,0.2007066307498121
0.3636110323481891,0.3278813771501936,0.5470201298081574
0.3757074033261529,0.3994950656272991,0.5650534350690707
0.2145669845109997,0.1990695416645936,0.3244817623989885
0.284742386590649,0.3062001810228661,0.4482638735137769
0.243720768927868,0.2100571184051328,0.3850956277579758
0.2954420791814418,0.2851421042348738,0.3775828257548203
0.3546367947273995,0.3743673434438417,0.5148180233951632
0.3572720024547484,0.3098702483730742,0.548832130349917
0.2495002697666974,0.2297083377627513,0.3870549257031486
0.3138034124017814,0.3416057077200609,0.4826159543437546
0.3662597410251175,0.3746968378335144,0.5563919155731718
0.3287474823337785,0.2757044582902364,0.4482791654633776
0.2807938726846565,0.2537985828747781,0.4191146104905335
0.2954828882640428,0.3135307916105257,0.4622080595538408
0.3680017927794767,0.3980691324192862,0.5404365384484647
0.2935065601855282,0.3013714363800733,0.4639992185453661
0.3440961427203265,0.2637840981483026,0.4591263500816442
0.1898983585354293,0.1876028843566697,0.227162205869508
0.2841089732221262,0.3086967232660078,0.4232749603993661
0.3529971887142529,0.2877186693832319,0.4361753866651675
0.3147006935395555,0.3624632153700435,0.524729605523507
0.2533323975454886,0.2893817597312722,0.3974135221557168
0.3543665447319667,0.4053667369439991,0.567801049247365
0.332571145042755,0.3302635185187406,0.4818516202840642
0.2960162531296502,0.2660206073084961,0.4766423075003291
0.2361318097338021,0.2329928078218265,0.3774848515552236
0.1834214192920595,0.1695687656554382,0.2802831465270763
0.2416061756564554,0.2854318296485126,0.4126335739229862
0.1088363461909057,0.0838138186158047,0.1399001237879371
0.330307754357401,0.3465602317931087,0.507220264325818
0.3452126765297432,0.3495563679328641,0.48986442971488
0.441393305280143,0.4762875964696608,0.6620387598719925
0.3304929181877866,0.3652222262384321,0.510491038259942
0.2817575931522025,0.2761433088549682,0.4721978584039577
0.2566482685474874,0.2176877411043225,0.3411187504410481
0.2151040811768934,0.2165801873811564,0.3384397085093888
0.3307925343439977,0.354137982287983,0.5224845593858841
0.3340171791994203,0.2880678878542582,0.4448458654063521
0.3177023590243958,0.2641124285083255,0.4444236226946969
0.2174346166500585,0.1875317247770289,0.3556969049053618
0.3303454799182896,0.3456322086274722,0.4650611248708375
0.2682537390704055,0.2941109614462887,0.4079469031913699
0.3769237411148527,0.3998314601791297,0.5931014529520372
0.2419202648069263,0.1946764233621049,0.3300283413268008
0.2174332251964496,0.2502499712570451,0.3323481615335565
0.2610416429335803,0.2610519510510431,0.3587144361668254
0.2513773665536016,0.2766066849745122,0.3990225082418863
0.3234199206045407,0.2849335960707654,0.4476824968715667
0.1906766555704805,0.1667650161727331,0.3065393246069347
0.3117009006678516,0.33566850564816,0.5125709283047528
0.3676422335449067,0.3948411128560801,0.5915146910822565
0.3133741850360668,0.2769209011135459,0.4185709661143111
0.213265489032084,0.1772988727590798,0.2288334337923367
0.4819381145253267,0.5077883540088023,0.7321487552495851
0.4820878691860084,0.497030796579037,0.6818219754063783
0.3269171144700172,0.3697237602742789,0.5037789696901164
0.3725126636849601,0.362764457805064,0.5628029813479217
0.3715512307969283,0.3989324709778218,0.5938288826468012
0.2924136082437296,0.3103388831653523,0.531610739050771
0.3245495777976023,0.3168380308859142,0.4744058433452529
0.2455218726525534,0.2591703204959664,0.3807787104270858
0.1933041428802925,0.1516025069638576,0.2234928723668783
0.3268371404464146,0.374259547216359,0.5324987747353005
0.2416743375301305,0.2625342654305817,0.3778829752647318
0.1861758020689164,0.1722716142343219,0.3053864074485499
0.3994265105301828,0.4194283155135458,0.6050190313532813
0.3179019974993612,0.26682376676892,0.4763446685411905
0.1665805494565352,0.1502995157700807,0.223904643980746
0.2475879871932457,0.2124272870258907,0.3577384272842389
0.3663607666086888,0.3803139889091506,0.5439545230177024
0.3840948592623164,0.3847918959057099,0.5261110056420144
0.3155733934736219,0.3684107101136492,0.537496843224217
0.3246285610030393,0.307572108402825,0.5007754325322495
0.1675308112830054,0.166931715622118,0.2322287172130589
0.3522203402361558,0.3695193033658189,0.6057915768799477
0.3698769116318205,0.3723745714400138,0.5680970027410295
0.2892232221207818,0.3361349587391647,0.4235982813282274
0.4298384512284486,0.4439420888837157,0.7126500175744964
0.2123135501338002,0.2490698398197952,0.2742001525922688
0.3724109768770481,0.3910993330921786,0.5169328679738923
0.2161212456871221,0.2129619776893959,0.3041934767768994
0.3816442710566868,0.4449798342057433,0.6900836090189885
0.2420173399029934,0.1806873872132776,0.2861089877851822
0.3082382472241233,0.2934587099360652,0.4501477487014738
0.288871405171483,0.3133835949047026,0.4234726211182105
0.4644907963194979,0.509132794641222,0.7714955549491915
0.3272977600520675,0.3349644426597196,0.4831005641804173
0.4533211066295327,0.4822141622556828,0.677612952659524
0.246953883093527,0.2484964654754729,0.4075181154164046
0.3049664476995585,0.3012750477716721,0.484818116221784
0.2047428403971412,0.2123648404943389,0.3885779590055494
0.1503003188386994,0.1389673506104524,0.2214933224424558
0.2145096373376444,0.2128762554608234,0.3310394911123182
0.2087661176513858,0.1692581841806035,0.2675052780749596
0.1844490487337088,0.1732159926327846,0.2341622400282761
0.2630794613195109,0.2579678161440015,0.3877864584833292
0.3855402938660507,0.4184299618216786,0.5706756734386311
0.3624244094330129,0.4141318880891377,0.5998402116048694
0.1872531278769327,0.1958967965468121,0.279015272200278
0.2211261069295284,0.2329775532262185,0.3220906695032304
0.2627891381127697,0.2366797355505402,0.3761986049750679
0.3019797251786785,0.2799816161615111,0.5041658554027831
0.3295465820428377,0.341305595140396,0.4907782368422373
0.2892115964589359,0.230581699068564,0.4185211247698804
0.2085552925967475,0.1984004313582169,0.3114164040554869
0.3280993493723517,0.3424895809250481,0.5622916320499844
0.2419668897969346,0.2822546266486003,0.3341261061992794
0.3503849288700055,0.3108737203956021,0.4591907027585749
0.3223539598079466,0.3114783625000956,0.4871213565584715
0.3768239997649205,0.3681283090125532,0.5246061729207971
0.2752397007020855,0.2596366441555,0.4163147313302264
0.2898052078896461,0.3014787921986406,0.3556931189113054
0.1555240112557315,0.1210806153001598,0.2169567645416912
0.4246653408130045,0.4287700490282813,0.5721277201050967
0.1738737715124496,0.1510071865346041,0.2365230834015144
0.2300937782662848,0.2132366474165726,0.3905975404840241
0.2567679375327606,0.2750396176466071,0.4007013149261229
0.377262620446028,0.4049015780932664,0.5941741259865991
0.2613622951916806,0.2758826454036419,0.4252799666291118
0.2686575604847766,0.3116851633717138,0.3902649164454067
0.1850227897424965,0.171722953762306,0.3061956224229758
0.2194191673280284,0.2124899266667847,0.312697734770071
0.3438305230752413,0.339288459333061,0.5691700597099518
0.3848796634991043,0.4128777419036899,0.6549565658519058
0.2078889001689232,0.2216948080580401,0.2863506701848415
0.273576213734403,0.2965090693841606,0.4569062657914884
0.4352029645454839,0.4802869184311156,0.6898864661133005
0.2486648854102534,0.2560632757506511,0.3684986069219354
0.3710279734872615,0.3953200824336789,0.5416188109565232
0.3670513187996725,0.3946088294779558,0.5820694784018874
0.3291381582094002,0.3701947346622447,0.4957217631802814
0.2564567055168409,0.2961612227736701,0.4454931282460373
0.2506792290079906,0.2355703805455274,0.3726582279923722
0.3278373028315525,0.3405595759488951,0.5285558503018282
0.4091357609123432,0.4353896207731495,0.6433179527852051
0.3318800220244784,0.3503287907372825,0.5118827609724045
0.3307031517012717,0.3710775298249285,0.5462057353202502
0.3883434102057531,0.4133591988078829,0.5684247193680819
0.3684978450527282,0.3474860272274273,0.4914259016255211
0.3155826560682561,0.3315216905764671,0.5155676887921987
0.3080990268946242,0.3451663337456878,0.4831812689392983
0.4081386321208026,0.3824761369567936,0.6114917480097526
0.3339724578874097,0.3492346271810367,0.5278950683700243
0.2359888482542069,0.2029476264427155,0.2898349007947481
0.2418925026256423,0.2380081609918999,0.3819058328031563
0.1945211795887561,0.184503341644693,0.3430884100153594
0.2911822056066664,0.2635178715049753,0.4093617564650292
0.2056982029687721,0.1864615081820611,0.2986715496643247
0.2836877057359131,0.2386716224507775,0.4243097592801003
0.2896518883038134,0.2880856768259811,0.4473616168806271
0.210167802787217,0.1919254801182511,0.3494820330858426
0.2646532306592266,0.2870910586990521,0.3948125250593361
0.2821732845520436,0.2576775772957035,0.388205899100372
0.3285066341363281,0.350545584539248,0.5354792987800593
0.2883965790193333,0.2809209282024701,0.466753586348973
0.2592757544011483,0.2180911683918977,0.3697193748883222
0.1881705832074758,0.2005297018976503,0.287458609683985
0.2321745268134346,0.277333389650397,0.3056498084252181
0.2449882344656754,0.2638162162769052,0.3336984291621969
0.2581054247757096,0.287389132922991,0.4025872532836653
0.2552694356056724,0.2729729094549216,0.425857091753143
0.316931261639528,0.2904548084251749,0.5353617606885273
0.3544438549651509,0.3182226107385481,0.5379487476960946
0.4153982480625987,0.4442641712852238,0.6389701949982103
0.3045553031599335,0.3289974702751363,0.4970481991141107
0.2959711047351965,0.3201411785941119,0.4678347042491733
0.3452016119770209,0.3411825551284315,0.4877166716865816
0.2390914251818018,0.2583585525965765,0.4538917725441235
0.1959557472492679,0.2038549321994804,0.2923686648547705
0.228248505768727,0.2355270909571441,0.3202221009869905
0.2233026566095312,0.2534387909412847,0.3452772000099152
0.3121235899881056,0.2915911878073382,0.4879454612209927
0.2327959007128923,0.2514266238795518,0.3469930979326087
0.288920836848852,0.3104983402955465,0.4498590789380977
0.4113470255839115,0.4628218792607729,0.7168753910999401
0.2713150281654364,0.2371697534044063,0.4342519654134066
0.1565537787791963,0.1441613087182573,0.2208106579572843
0.1735567135902385,0.1754653722913529,0.2371431719983696
0.3826381074371888,0.3951827489220362,0.5853641281707103
0.1965069647428902,0.1638513890086488,0.2768265341069581
0.4274444410846488,0.4264563773830416,0.6381107083703058
0.1418646417370878,0.1338036972130785,0.2397641646449748
0.1635315527377933,0.1307565243101779,0.2322334545589503
0.3467207073835303,0.3650937648526245,0.5309952562504845
0.433999692831606,0.4435568342205598,0.6194383233608393
0.3586956661673483,0.3797647045393482,0.5322269647387654
0.2867311907759029,0.3201191502253492,0.4616626461663017
0.20087538887237,0.1888742282447097,0.2622917046539038
0.1791523141197843,0.170045491510718,0.2583747105389701
0.495623218137606,0.510399000119799,0.756913377924481
0.3537030627634369,0.3745307919777287,0.5793356246601865
0.149256109369791,0.1206864817996376,0.1743583728022502
0.2668762394145747,0.2559492592419882,0.4593339897912131
0.3001770014180384,0.3292924029243284,0.4961610666827225
0.3395869045043211,0.3734782313393205,0.5349763452145825
0.1807500510053576,0.1763003891933368,0.2474957576706
0.3848131978393301,0.3559135496951375,0.5636682753517068
0.3672571880210495,0.3697286419137521,0.5868815562992531
0.3563541406438636,0.3858500417729232,0.6020073499517613
0.2264060076536487,0.1884878098316298,0.2894038422380987
0.298657803070756,0.287682014835988,0.4273849097915176
0.3689613093994756,0.4113413828834567,0.5626419990195675
0.3348676349674997,0.3683661093063653,0.5553524491101047
0.1539492646603411,0.1445499655616096,0.2437849468942833
0.1351698132116253,0.1060719251433499,0.1647854496192875
0.3173032995871656,0.3504465803723516,0.462675985922668
0.2127830177108952,0.2004861593953657,0.419514800740597
0.3077255538309967,0.32303810616661,0.4739428358976932
0.3679035162487988,0.3907973106493602,0.5208790954776644
0.3256626388810535,0.3519683344234575,0.5656614066468837
0.3358364499942868,0.3808528022308876,0.5785580393912703
0.226854491274283,0.1885606754463469,0.3155961164504444
0.3404250101978671,0.3459353494241927,0.477838857155051
0.0756606093971329,0.0641782362497144,0.0851598023266963
0.3159539083721085,0.3321837735002141,0.5122101833168562
0.2360677360365695,0.2041461954079829,0.3087574656782491
0.3053804180214892,0.3423680112497063,0.4984775637193187
0.363378281826223,0.3709754421944411,0.5078177810976753
0.3106502905492227,0.289003086155613,0.4331661175012264
0.1583453661971597,0.161080619315784,0.3193690965977674
0.2310738183470476,0.2295987786856268,0.3347841507028076
0.2865920470126333,0.3080575068995206,0.4344785233571581
0.3150434548013078,0.3003153669483668,0.4114120839924255
0.3555848974535689,0.3828281914500654,0.5359294594453358
0.353542146821621,0.3776215557515592,0.4757528755320683
0.4389205800764696,0.4639291257160982,0.6278484325898064
0.3661536913872503,0.4140483859727031,0.5877765237947655
0.2426743692356647,0.2230883521799217,0.4350576048423993
0.241963741104377,0.247520878067759,0.4054458519199215
0.2371731776918623,0.2242999537214933,0.3111902340050939
0.3011567657487862,0.3268697063318462,0.4725152893434824
0.4182155059344166,0.4260409630073646,0.6123602350466552
0.4111631684304302,0.4491255219594958,0.6433569346680343
0.3708282491998084,0.3869096621384212,0.5745667924550846
0.3330654144622539,0.3654788735436435,0.517673732045626
0.3832258736089635,0.3804315716131214,0.5273637318529162
0.2811068237585745,0.3138300053219579,0.4270622362274191
0.2395642637815432,0.2271601670152229,0.3115517487818846
0.1967872665754745,0.1908027004973885,0.3252349130632819
0.2526896525449471,0.2876223915049514,0.3540142312369511
0.2690617149021741,0.2918889738676065,0.3509230888214959
0.2569340861814359,0.2853241553911042,0.4309854509680806
0.3315350959319463,0.3223315210402673,0.5242316895743634
0.2883212847272234,0.3413753657322154,0.4641724546060962
0.3272542956043699,0.3397604841384919,0.4370865124091352
0.2624186050498519,0.289002341516802,0.5103296789032649
0.3165707602769021,0.3232405575997888,0.4874515497842651
0.2708766261690927,0.2749784041129215,0.4029685429078512
0.4601284269425617,0.4904902020024572,0.6906922229697976
0.1929536074254375,0.2130534341352327,0.2742085102956322
0.3202806936773585,0.3040336543736306,0.5810076978580045
0.2507824504709309,0.2306593442603753,0.3856693294561084
0.3778901411133328,0.3631281840589043,0.5239115459619779
0.2691434181886659,0.311573246102037,0.4438499129720084
0.3811090044863888,0.4355968583806603,0.6525642201584825
0.2034774503879818,0.1974946590801871,0.3128551836888875
0.2692143396030006,0.2746129175947251,0.4470430756760271
0.2819583349987263,0.2662300612828406,0.4044215518649846
0.1894859759596751,0.1387341276665697,0.1901342207838024
0.2331136641639936,0.1593518279693266,0.2477457109953952
0.4466135936618297,0.4530185759330069,0.6853552575221473
0.3471348499169273,0.3252637380839234,0.5308104175721347
0.1971708908447031,0.155051060061335,0.2488121918070892
0.2130693524740171,0.2144231918069843,0.2866638321362436
0.3628104912440166,0.3395762717108427,0.5442264160018248
0.3741289286624552,0.3370559346115985,0.6119872638533331
0.2232702343039073,0.2199897203202626,0.389902495940968
0.2237306182769931,0.1870319615596491,0.2713106354799949
0.2213349180356776,0.2024770594189506,0.3467462217098273
0.2402752966391728,0.2584105887986779,0.3309967308030797
0.3223776141944255,0.3345858469500444,0.5010696578491617
0.1709353001816634,0.1472388292109866,0.2647521127302293
0.1563910135479078,0.1513809393746735,0.2483922868753436
0.4177199581088463,0.4316053526664009,0.6315711035205053
0.2446361778796469,0.2773511835355119,0.4395478174691747
0.251355110274833,0.2377852155814438,0.3459788588612074
0.3289252807688471,0.3407550375228285,0.4632974490089384
0.3565070696647599,0.3828859109019722,0.571944044143416
0.3864741867837677,0.3927219403633959,0.6345243217715822
0.36963419980238,0.3778737128963458,0.5055238555630429
0.34342702920149,0.3868881387342227,0.5954649157470123
0.280873806461764,0.3015230238900729,0.4416977724905372
0.3443622855253824,0.3932750751166387,0.5477470277074451
0.2984690900890419,0.2631811682875249,0.462844185397459
0.2225591136600925,0.1930100016128747,0.3081628363318147
0.1301639615639335,0.1284273537987756,0.2205656093260838
0.1484993955597306,0.1415373160907939,0.2688156608918108
0.3035885262733856,0.2891727072694489,0.4338059184952074
0.3076847045693105,0.2757177466466693,0.4752424472304621
0.258175010285519,0.2644006081700245,0.4041880934894758
0.269096699267188,0.296477178225474,0.3929790361165839
0.4454491171280351,0.4651419524765769,0.6302554388738913
0.320860308253396,0.3748195594774853,0.526926842212563
0.4711285659606011,0.4644764808892723,0.7441724080346851
0.3100694204300804,0.2670721066928628,0.4678373256932682
0.4123635747533584,0.4174737752756976,0.6346514809772469
0.1999696269238672,0.2029262975480211,0.2895427593813055
0.3187544387902414,0.3552224731720775,0.5294551078395336
0.22054214261804,0.1761939984984494,0.2903472560644921
0.1612651147567526,0.097040973623687,0.1599292347642552
0.2801568813855976,0.2836303674853964,0.4355882062300775
0.2326675669224478,0.1856524687165197,0.3106517296101628
0.2675432776172575,0.2790546777466058,0.4024272735017974
0.2373934970915484,0.2509047333163328,0.4248202314854726
0.2438282769743882,0.2142697243208876,0.3794063138394563
0.3249987274697742,0.3702180709985591,0.5089130191848529
0.2508400722633931,0.2138675695628153,0.3242940136991543
0.3316529269950747,0.3758040680232211,0.5425017171066175
0.2586258934302721,0.2892420717755104,0.4009605363959581
0.3090631046147534,0.3374242729521401,0.4868159984605861
0.3103845778672359,0.3487559115768081,0.4731897031014697
0.2966154430757961,0.3125387000326323,0.4770328590416841
0.205614714923792,0.1953580958165135,0.3114687363038682
0.2454476729706817,0.224441752538382,0.3100856714358085
0.3763741387265417,0.3776841185018872,0.5917574087551716
0.4080490451446867,0.4442220159646833,0.6874697529839937
0.2413576056351282,0.2589257208135933,0.4088246972836775
0.3123425326209255,0.2852319344498851,0.4356928998740648
0.3454522578773441,0.3970746040382781,0.5778969467524566
0.2448827868980127,0.2051488187760431,0.3284936503559321
0.2060505717680461,0.1676529912759148,0.2990077363397923
0.2055316388224459,0.2052603029157487,0.2625131118514467
0.4247621571410463,0.4124289973021098,0.6328807510310477
0.2693113908929982,0.3047012708372605,0.4104140017853515
0.3845897983194297,0.3932556534553181,0.6336924790399046
0.2585805057703244,0.2469687876713624,0.2999360677389678
0.202396271291976,0.1728817054127463,0.3132484230179611
0.3184432700042956,0.2934267662608525,0.5240735908881519
0.3019180477275048,0.3060323885934168,0.412438093080425
0.2148486757184193,0.225790984435094,0.3949017939492769
0.2456532591967261,0.2068502660250056,0.3280443968960078
0.4150903610564661,0.4098657468838157,0.5379838191203123
0.2040532743072931,0.2113370206187694,0.2800945199230328
0.1472496649079986,0.1147853812974402,0.1638222898246029
0.2035854410810904,0.1998065503010591,0.3629686051646718
0.2266350544237697,0.2337849304791247,0.3350966875301974
0.2810610647651644,0.3120385051985792,0.4876626316148222
0.2694528985287266,0.2763907198980586,0.3939616829687192
0.3584851176606448,0.3245280257038389,0.533143065866452
0.3235482363392516,0.374385464997842,0.5249389740512367
0.3876843847657471,0.4352047047764989,0.670709213067112
0.3655334474117988,0.3266048602676119,0.6321220409677456
0.3722171185077755,0.3925034729946344,0.583607305721611
0.3460700124268857,0.3510637383561413,0.4629583617380443
0.343916090899079,0.3830301984500211,0.5479331359565298
0.1629204929887968,0.1584555692285241,0.3056280304088417
0.3686989949070924,0.3924983387179756,0.6378163469663202
0.2127223733139088,0.1961659123809093,0.307138634166073
0.3027688013122349,0.3203142158692335,0.5423022052519128
0.4486044821217126,0.4313425199672125,0.669591105346571
0.2052724962427565,0.1934871209120509,0.296366070207243
0.2326987357184765,0.1900189745392054,0.269431101847245
0.2970438661191548,0.3447691475609401,0.4888760922807889
0.1638804701231289,0.1404890237674904,0.2565376270691255
0.3375883313453971,0.3752781312326432,0.4639407058033783
0.3553481905019272,0.3908707589634077,0.5174365481520039
0.2550702772622227,0.2939116553986505,0.361074650415557
0.2874950472457845,0.2928793552694486,0.3822305110582055
0.1932405056197948,0.2110633660661195,0.2494240346474244
0.220993846513393,0.2078477697926484,0.3436188494464551
0.2945489690028556,0.2832984102305029,0.498378962746998
0.2777862890644313,0.2989051433644584,0.4199634918732134
0.2889629170660407,0.314755396919514,0.4401643896413936
0.283500761239341,0.2485329859359614,0.3799664627330498
0.2045320852955308,0.1547475833310489,0.2747396147564517
0.287559831969054,0.312176545437702,0.4121011449040436
0.3392972360830312,0.3504398027269083,0.4206274696751631
0.2126240735843386,0.1723349432565311,0.2919467947849565
0.2252714818834525,0.241638763901466,0.3692843179328371
0.4167685777215166,0.4563376265604744,0.6428415416472238
0.3912485944303096,0.3912015211517275,0.5767097049828014
0.2678716928969205,0.2977324338558385,0.3582284060709087
0.3790747524565073,0.4207964371115424,0.6036979796901492
0.2672892841478735,0.2768627774275565,0.376993226640374
0.2858548382090341,0.3062225555707525,0.4614413457578991
0.2715767389817927,0.2651352644334744,0.5320145698048449
0.3826131481783247,0.3876364010841369,0.5698437175843944
0.1827427477417741,0.1907444033309829,0.2750407140863076
0.3505809110692965,0.2931916986913215,0.501863106840735
0.3577624855667032,0.3434086657028114,0.4900216278442683
0.2945636291412323,0.2621394189753069,0.4306541387896804
0.1895229569547308,0.1800517237529691,0.3163191833919702
0.4025626901086585,0.4162059616709686,0.5872667954469464
0.2042642869511612,0.2073666375152769,0.3349301195006415
0.2758065679104166,0.2357375350737252,0.399010330765899
0.2812720170471048,0.3034008339990386,0.4824124339379212
0.3593271878487323,0.409098359573788,0.5937279037772855
0.37539852055395,0.3798095847819993,0.5902796527509979
0.3346125168418559,0.3558022699062343,0.5725914601854518
0.255063186797638,0.2712169830742636,0.4054275712082447
0.3405252485497505,0.3494108583812604,0.5145293146582068
0.2744922568844216,0.2433782130924608,0.3930846031836719
0.4373461004067476,0.4632283414954726,0.6611336185616704
0.3233077429616484,0.3041095354517062,0.4450513042035509
0.2778846986340615,0.2518815745736061,0.4248291692752779
0.1758284805337612,0.1191794656418918,0.1646755206585785
0.1468055114621921,0.1185829873409476,0.1547731097192607
0.2820854470597612,0.2852676739459853,0.4402421157580591
0.1863851891612305,0.1700879844425126,0.3330822311450778
0.2369033234956911,0.2645310472584725,0.3819576678077262
0.5195807933719881,0.5286467040727537,0.7378037104754978
0.4083074810525683,0.4265586077604873,0.615147045712798
0.275232094820764,0.3154797710510947,0.4045159002661671
0.3283273606591883,0.3452017328824619,0.5049466987530568
0.3573391603423853,0.307260034759709,0.5450248256370894
0.1709709556963582,0.13880838515187,0.2379722283368903
0.4105783694823933,0.4356147790337305,0.6661743811846421
0.3575985820905071,0.3676045088845753,0.5244770387201428
0.1863476695465213,0.1727193141957757,0.2310479707837019
0.3966135872656507,0.4227085648432616,0.6008178981834205
0.2535470508013033,0.2468407064819283,0.3865762053058709
0.3312405193972291,0.3677748820457701,0.5924971388227132
0.3209527872593247,0.3172335176299645,0.4650163939066442
0.1728317133642197,0.1835941310256101,0.2077679896570081
0.2333145338839149,0.254633873238734,0.3826664837588484
0.4191253794613946,0.4549732736129954,0.6372149441523532
0.27954521472094,0.3041887349748931,0.4093149724609168
0.3709236363423349,0.3972870043439754,0.521041850341761
0.3208618281166858,0.3384130940835124,0.5437398474675448
0.2620823120156517,0.2482869759724191,0.4092155305030218
0.3671916405562611,0.3608084001790818,0.4933760603995861
0.3749395745195716,0.3951249765979882,0.5653032972747504
0.2404231721681115,0.2326163719428081,0.446658437007688
0.2764060760615008,0.2855082259987224,0.4857517196942908
0.4119120385038313,0.4326828772305477,0.598526274177628
0.1604826073074114,0.1515268524387739,0.1995376810739333
0.2687833091005281,0.2808000124625061,0.3993491243391535
0.3094116456460311,0.3072820122138114,0.3996899540692056
0.2594351215192626,0.2863982183740278,0.4242291614665602
0.167650837074535,0.1536232686842561,0.2759019466407005
0.2106551459943466,0.176616087900562,0.2852226704395914
0.2737866558886861,0.3186208941136396,0.3907371327173095
0.3288576888410369,0.3464459049514244,0.4792640777418784
0.3852202510424635,0.3518181485065738,0.5574190357010549
0.2931349433609689,0.2614458697723916,0.3833895838551392
0.2095643163332231,0.1575918981156415,0.2768471332696791
0.1592359722933436,0.1690324372965657,0.1882551272777247
0.3399672257037953,0.3349044979408396,0.5523684562015573
0.3823877219103381,0.3842401528470247,0.5894717673971268
0.2239312250087594,0.2660320607537919,0.3661614371498622
0.2326351856181269,0.2205842652118984,0.3181649530813596
0.1905561889903955,0.1880239275869083,0.2642133566794785
0.3463311909122201,0.3681532347938789,0.5453576000551948
0.3855531746037564,0.4156152315223645,0.5713985322319625
0.3173891624112624,0.300303708667738,0.4862634075281241
0.2952760129872203,0.3188244317953598,0.4448476115342111
0.4509561509101771,0.483245531476185,0.7101008111007303
0.2715552260147846,0.2772995048712081,0.4210850489421582
0.3947450602219575,0.4433680819462389,0.6485994014489934
0.2618682483269952,0.2478304395613453,0.4190712820543597
0.0965479055693388,0.0838509390181382,0.0989217251519675
0.2179412202596168,0.1834148836339398,0.2723000848050338
0.2025829688683856,0.19923274434755,0.3303213419616412
0.2521525080606234,0.288543960851213,0.3679824686678332
0.2701446934349768,0.2725221035107562,0.3975909282283484
0.3670542197312015,0.4102255299898227,0.5552492201529158
0.3231726370388451,0.3237798065490492,0.4875342923473034
0.3562407741400424,0.3999081326041735,0.566428437369263
0.2006625964351165,0.2100139294984116,0.2849967938619573
0.2518145548575903,0.265195806512565,0.436605478184571
0.20983595107917,0.2164841244895841,0.3021567889430769
0.1883275174522718,0.1958598960976739,0.2803025220871677
0.2094963401563678,0.2025278861394505,0.3142201562342814
0.1272810420427801,0.1236863873675044,0.2059304842494901
0.3415835690629561,0.34623270635718,0.5898509701106956
0.2545378073169036,0.2380334245454322,0.4350612633901231
0.2707063434149128,0.2953570511143951,0.3944956373899064
0.3215262048707118,0.3351357472682691,0.6005782114643794
0.3174457159600918,0.3598376740213355,0.4691437887718755
0.3571372476785791,0.3273756611041973,0.4403373958527597
0.3112677261684111,0.287613477589518,0.4490928586693147
0.3357359199005029,0.3780539600234219,0.5224640371947853
0.247871212381787,0.2249305405853146,0.3988332912146717
0.3239402349837118,0.3638753557058394,0.5094819112633214
0.3148051217583374,0.3108610755593446,0.4262420542450828
0.4139408218438239,0.4309551952176931,0.6023666367836811
0.2928400674223226,0.2875829642057333,0.5541022879628895
0.4075839590060162,0.4288818027281487,0.6317125935539105
0.3308722686558122,0.3738788824368014,0.496617656665246
0.376988114784343,0.4177493408834067,0.5937010963941218
0.1128014760560636,0.0811957075899551,0.1327754880864695
0.3265952691454165,0.3607673599059989,0.5209059741118485
0.4372508951575171,0.4594132441114947,0.6334151295440481
0.1780331136424598,0.146780517793137,0.2276289938194127
0.19570619095878,0.1672801751693136,0.245399589509803
0.2186028918071216,0.2412748538736704,0.3158050076883046
0.3379949946389221,0.2638554853111425,0.4429920698102783
0.2644097458611777,0.2615761459149407,0.4255326636879066
0.2750050181337608,0.302332699005695,0.4226970283704981
0.1830291322635144,0.1649647777801413,0.2262766565606379
0.2961533362243583,0.2709536106631205,0.4119789190763689
0.1792590436259484,0.151044458528564,0.2659735793588195
0.3396410268741774,0.3787690153798193,0.5197445493625175
0.3285472525679352,0.3556576364105872,0.4795591252925117
0.1902167949732114,0.1819824459418195,0.2461681825925641
0.1100459178794333,0.1022256991126085,0.1117085376401345
0.4310524411863652,0.4418048280222384,0.6723414979076461
0.3994001588226604,0.4158051969866966,0.6073088900237001
0.3022977351443975,0.2727839382864723,0.4026199615411031
0.2845437108674962,0.2374432113207742,0.450903538960992
0.2978968290821004,0.3129747618667653,0.4850705118895546
0.2802773560005472,0.2814916254016095,0.5845746763185155
0.3632460415640318,0.3501804325487129,0.527646882292035
0.2861437390970304,0.2774825935755252,0.3809509409538666
0.1761431337814186,0.1693632511705768,0.2740151751184457
0.1658090044304771,0.1553898749638452,0.2551915228245444
0.2612948871343637,0.2490517692911349,0.3900887758670024
0.2595714123594573,0.268942753655391,0.4026199711546387
0.3033264456772816,0.2963200770129373,0.4267154276189074
0.361843303268735,0.3632809620499103,0.4858169719606982
0.3064190704223379,0.2975494772089692,0.5114739212250344
0.3376142292015537,0.3185598688925113,0.4741288121674008
0.2923924538329329,0.2716807609306406,0.3942546446013785
0.3378619577927994,0.2553946535104088,0.4093564850813028
0.2900992416563029,0.304878134644036,0.4443674643970966
0.3996723405037161,0.4144282017788301,0.6432209315825211
0.3108750090421455,0.3482011156419244,0.4998278133411002
0.4174542888794547,0.4378520239388945,0.6329102825399243
0.2699207662001993,0.2730564180807083,0.331715834125494
0.2641992914056009,0.2827381916796166,0.3803977884549224
0.3850271483906627,0.4160828543457663,0.6138118241891791
0.3189884562510773,0.3278697211668124,0.5199142458836364
0.1751722850238593,0.1694957003703574,0.275638072018501
0.1756417164351039,0.1543570889712168,0.2396337047190564
0.4131578639122262,0.4320341129749321,0.599005866387779
0.162984182410676,0.1360846390142895,0.2466856803486718
0.4067300256002737,0.4097185760760088,0.5999908455670632
0.2827026569452868,0.3103947592594223,0.4468015478545072
0.2238369460800607,0.2201859445444351,0.3084504560015705
0.2235636673835521,0.2334259493158807,0.373744989918207
0.2637692642661687,0.2836334333344372,0.3799426645698494
0.177054043205589,0.1756332125343327,0.305459545521518
0.3346959271826952,0.3921843909755457,0.5888092097261435
0.2958078717518735,0.3056446978968102,0.5347637010180128
0.3960612625565537,0.4191817603659761,0.5808176264727941
0.3945158996757683,0.4258907863028502,0.5613565113125336
0.3081061461425682,0.3147839704935019,0.4867325650516907
0.287249121658768,0.2909322074784343,0.4260525202658764
0.27069745163815,0.2477371127493684,0.4039875823749128
0.2244370829249826,0.2326950626960702,0.3327700327767284
0.3231447014275077,0.3731707907413475,0.5946843417898648
0.3322742699512983,0.3431546403489504,0.5281175776065768
0.3724916062525246,0.3227255015487411,0.565357584488513
0.3448430893772188,0.300302355306523,0.5324678303357404
0.2802120067775169,0.2550003401929336,0.3667031143452332
0.2443422583375143,0.2160547338088807,0.3274637154239582
0.2666674033214011,0.2865293600202218,0.4354642286817027
0.3125647770641514,0.3521419212264723,0.5103634220723189
0.3313396516780986,0.314222490105089,0.4901114697697176
0.1834775613452211,0.1872638886838492,0.3286973644952962
0.2854514316868766,0.3239180381133971,0.4408389019082502
0.2388422422213238,0.2264917195631794,0.4207212756891073
0.2103499148695327,0.1983679012904912,0.295781891112802
0.19586375930262,0.1971982597981875,0.2907874312964572
0.2303798294591473,0.2206102337327172,0.3574588889569373
0.2395930305474156,0.2242818960793645,0.3586638336711962
0.2725544428185256,0.2718758467110001,0.3636554218766952
0.3184165099504548,0.3426506527419511,0.4069301138423971
0.2325685523492471,0.194744220107241,0.3708415103008283
0.300647574295487,0.3022986052769363,0.4263061713004563
0.1752942197046297,0.1565746338564948,0.2491600305117793
0.4804684561049861,0.4969218724282183,0.7112680475109218
0.2732697821776114,0.2570158449671888,0.3899312980199214
0.3664102613309288,0.395891842439765,0.5022202222286943
0.2268741358084277,0.2123733166405927,0.3374132919342227
0.259913455393787,0.2354695753951796,0.4424730554793634
0.1987453002613124,0.2117202388717089,0.3141941780498879
0.4190522046748093,0.4138304103365846,0.5981275480874617
0.2141691447540586,0.1931279955084882,0.3221825523299835
0.3518348725844902,0.3913809261835306,0.5562225598975341
0.242044551045385,0.2487733031443597,0.3465597465675063
0.3087380193009327,0.2486157505652204,0.4027070174456843
0.2467602245872614,0.2044750171981293,0.3530679405591476
0.3769195304698163,0.4182356872526888,0.5864457290051034
0.1740087178981411,0.1713797468796337,0.2705887599845576
0.3711363008830053,0.4118207944996959,0.5774304743765439
0.248616476990045,0.2044804690804947,0.3809835771780269
0.2705090198269757,0.2470283262769503,0.438496916031054
0.4021258981588322,0.383854828725347,0.6147433801535563
0.3871105473272631,0.3160441201307757,0.5726860197228263
0.2516327763236564,0.2724144273597253,0.3975212679029655
0.137859426665597,0.0851917824649625,0.1338364374040273
0.2696457708519318,0.2548255081970098,0.4056505738005762
0.1537498489758361,0.1304026597150076,0.1991230034444504
0.2565626678294476,0.2658738974646955,0.409379316365827
0.2670169578732195,0.2465125534152338,0.3867548115014234
0.1759704394024652,0.1578137528074188,0.2825546956979288
0.3176757614044568,0.3054679840253109,0.5052839584840174
0.3781777474435742,0.4176841178547653,0.6179379953879566
0.2297009865110988,0.1774756031425517,0.308669761535407
0.1994963041770259,0.2081308640061095,0.3240558372513532
0.2288403172855155,0.2470275799883459,0.3584605770655469
0.2953039692647558,0.2932822860447556,0.4652401720182285
0.2829058329981325,0.2582555943589079,0.4289282139875369
0.3965899666711128,0.3878691198018838,0.5693418250468408
0.4729722393852918,0.4637380158693633,0.665752252202169
0.1609267609712917,0.1769390722342413,0.2691406726611899
0.3735621689348296,0.4217058678245997,0.6693113958945137
0.3796550832775582,0.3762008558794948,0.5780396619082426
0.1147593453121355,0.0752179066614171,0.1168218723563041
0.3003402330347442,0.3194160150859261,0.5482870642970168
0.3919546746599462,0.4272711134588668,0.6289923824988599
0.2948643490969497,0.3100210657720758,0.3754857081174129
0.2229127950737455,0.1796693971274635,0.3251993214505108
0.1586870903074194,0.1504212016102923,0.2495276041655041
0.1592232217246083,0.1669502375837018,0.227319816367093
0.2148319747681338,0.2122991841784678,0.3358319443006515
0.3679825321303703,0.392955471147421,0.5929455162065485
0.1896157645729549,0.1775376698541927,0.3022758681394014
0.3258175530205184,0.2631696867758836,0.4636712342318644
0.2708532131892899,0.273335673057419,0.4249167160351001
0.2204823034215842,0.1807686134737419,0.319573708217479
0.2516533035274801,0.2016940262585009,0.2948381831930998
0.2190634503159974,0.2157681283796202,0.3107322368477635
0.3795903613744357,0.3498342031087922,0.6079576363879304
0.2575638461797487,0.2663422876076504,0.3129728720804938
0.3591132942544884,0.3592247568397609,0.5925022077011757
0.2571910109306213,0.2729012968808066,0.3903161782229299
0.3252081190792809,0.3421005929863515,0.5138980159384123
0.2958164305055384,0.291201524630558,0.4269684663836412
0.290231731121626,0.2987067158565519,0.3916131805566605
0.1460447324455196,0.1179558349512206,0.1348501227667575
0.3052240038374129,0.3151725418409187,0.3986487674063017
0.3387684511964511,0.2723743476613245,0.4587024605382512
0.4473636325824519,0.4553408719357501,0.63361917635739
0.271711819112332,0.2607967019436085,0.3595423477001677
0.2512920754521838,0.2074185568338327,0.3561989764648383
0.2764384700594663,0.2726973648822425,0.4519277012873526
0.2297762692664325,0.2118027082224558,0.2963054509903608
0.1575991136145181,0.1586140310980133,0.3179206034173465
0.4090050786738781,0.4586970790746367,0.6680280766786008
0.3440020156036604,0.3178499431943413,0.4622839617980333
0.2501528082031971,0.266498447438021,0.3949944603209921
0.1839039543517869,0.1674226682071409,0.2598596916997625
0.3462312704229094,0.3936367980512313,0.5774950127370799
0.2421180450889885,0.2394738938498859,0.358730624491817
0.3359259065859966,0.3834774307672552,0.5444399339652982
0.2898573738106801,0.2960245920710768,0.5108242663200963
0.4170009195137122,0.4436956878246558,0.5984603555119118
0.3584862248795637,0.348463673338871,0.4870706783263065
0.2751142746131345,0.2964400421166077,0.4340358177597781
0.2259783986257823,0.1883608791342437,0.2898991788229076
0.4387199617559455,0.4874822624160643,0.7079451842642479
0.2352041719398185,0.2454937579690884,0.4245256729595905
0.1846055669254038,0.1756332006449546,0.2784532629732876
0.303558474150068,0.3386292056575961,0.4255295698313407
0.4140167826613971,0.4195852188450211,0.6289818593319717
0.3292757881520887,0.3428538383646832,0.4800193541707323
0.3230195773148392,0.274858334568843,0.4177263446427676
0.2981159306641908,0.3523968470920457,0.4901453907272366
0.2027524145599508,0.1788001471892977,0.2982207529957161
0.3241592029024538,0.2431185638681873,0.3703537996871277
0.2606066526083843,0.2815187555692368,0.4358890996518536
0.284809991351992,0.3217074810284898,0.4246929643594752
0.2694708454665873,0.260826386283014,0.3548824371989258
0.1771152991436328,0.1726594796405304,0.3079664238972504
0.3292940087075771,0.3685042317824465,0.5153120665360233
0.3621632621709948,0.3743729615943404,0.5784178651730881
0.2177437605622031,0.185499879601598,0.3626581063818497
0.29924121063512,0.2775732083012582,0.3977643175267309
0.2995844814936695,0.3042683431831234,0.4488820239855555
0.2008903616149381,0.1727198894456634,0.303405153424952
0.2384177300300263,0.2128099617128557,0.3198252483429472
0.3551048927186976,0.3452280682381474,0.5063175201272528
0.4192863512375242,0.4668255216502591,0.687238167084895
0.3184195974996644,0.2809355589014692,0.5118251462930872
0.3017712610411188,0.3221356982116012,0.5486145557287058
0.4261448894316857,0.4101534819111716,0.5471328959158006
0.3301513792034672,0.3243069806675244,0.4791629776729572
0.3133626643141507,0.3255049314524496,0.509687836695538
0.2759636766812112,0.2729094276664185,0.3942991243008973
0.3854459511622091,0.3571057964564312,0.5031280579366519
0.3540400394948856,0.3454990523077058,0.5618553440968849
0.4378677292835692,0.454212096607048,0.6931645337797862
0.2533650768281242,0.2742183334661216,0.420397743987419
0.2463096860370512,0.2338136909461266,0.3630233338852034
0.2645395917265057,0.2496614138204509,0.4019730068701341
0.2395748131442873,0.2500500176633251,0.3592488289156055
0.2972700567498169,0.3255357571794535,0.4926756742368036
0.3885959431368592,0.4144468407289623,0.5719569457411527
0.2844611556338008,0.2931665548741622,0.461697703914357
0.3410694276003339,0.3672594300651639,0.5577216912325506
0.3783578180448325,0.3890601480432744,0.5620237046164616
0.2819879477789817,0.2459225522886855,0.3739672921915422
0.348719279913431,0.4068659869867531,0.6019472135257933
0.2851298954042567,0.2259345313950888,0.3758604036483615
0.2216342259135142,0.2288067126180457,0.2944076959659061
0.332391238536147,0.3274002744873541,0.4508640981505988
0.3075337778810854,0.3482932770026195,0.502403812516148
0.2821829468008116,0.2886619636319862,0.3678488108080858
0.3344644401089428,0.3284890396369701,0.4986161758090153
0.2610658722824488,0.2675385719641435,0.3798289707301838
0.2941707079857679,0.3333269270388101,0.4242337356973499
0.2627365172318452,0.2613932266172634,0.3814089311365045
0.1503776161958259,0.1345637244207871,0.2222676975724658
0.306540352215057,0.3417618480452199,0.5034431288048453
0.2643577409003735,0.2450114577179843,0.3938794576969201
0.280013925273241,0.3042051262751823,0.4684112237839653
0.1917477178684492,0.1974535386276461,0.2981150916294748
0.255133228234003,0.2413643633296871,0.4039891915622979
0.4009253522357513,0.4372407975676328,0.6379545935639266
0.370925385924429,0.4038399790080806,0.535035194544741
0.1991222229201884,0.2074662374869073,0.3176125511814658
0.2396582311842101,0.2399658074504255,0.3587443352713793
0.2746333690321911,0.2573381517183196,0.4224325888100775
0.2839345272482618,0.3229880537849903,0.4491605843605868
0.2690337748962168,0.2542117743109505,0.3856447170301083
0.2918477161649528,0.3074944967329859,0.4483745098881092
0.3437608628220061,0.3125771433356433,0.5234714584764706
0.4419516062591046,0.4243231269030784,0.61631587495607
0.3011408023946466,0.3082985471453455,0.4617850889144956
0.1714680277391772,0.1631014755933416,0.2580425865700997
0.3454462763082376,0.3352917345521173,0.4093846072106881
0.3623568787432155,0.3734539783379152,0.529887563974751
0.2035514339630016,0.2244914418874993,0.3387473204418231
0.3010229400011767,0.3208065731588072,0.5057735330411511
0.3768506171735303,0.3894745762308784,0.578242724349217
0.3838323325799134,0.4330926869527973,0.6265505735578599
0.4987069735751437,0.5086623329660289,0.7004410107384452
0.2001435563861055,0.2013057463757751,0.2950184939044299
0.3265811285124034,0.3630902090873191,0.4972084766267948
0.3441346754489066,0.3604338395996317,0.5585319660047584
0.2134900450139678,0.1724821013535223,0.2834085398254287
0.1464523583368715,0.1381888442328767,0.2444947270708347
0.1959215737969297,0.1522719865442911,0.2781435075802885
0.3097270605291213,0.3267317266969637,0.4943267415093638
0.2633914155443383,0.2635089472786537,0.4150122237709278
0.3433576120253756,0.3678364998333524,0.5346288177505294
0.4078410718765262,0.4413492556862901,0.6832958402730888
0.2496644848642747,0.2392279998395882,0.378863377485564
0.3080652113288917,0.3450680145216507,0.467810747410351
0.4065642700161008,0.4360057064062151,0.6149070678322577
0.3649237988267315,0.390031316088232,0.5782671827267133
0.3566808445168495,0.3905970877865818,0.548328904371609
0.3811374330510486,0.3882747717523993,0.5906760985448596
0.3546955525056066,0.3181043579411671,0.447553829689976
0.2553584684657971,0.2600747336968649,0.4330310620734178
0.265672228727055,0.2790316213115951,0.3973445058926498
0.2970625001057324,0.3213143919176641,0.4465746882250697
0.3136508347908321,0.3363822613107053,0.4881329318530019
0.3783299314340714,0.4278049912271737,0.649222467213846
0.3478767008963544,0.3976438913622263,0.5390241859480492
0.3837855218231429,0.4318226321616744,0.6053719832193516
0.2251334858426226,0.2565617561559419,0.3167206085839406
0.3403346222392509,0.3801109304271071,0.5382137007095139
0.270530495503351,0.306066385680278,0.3936806671395705
0.4223934630859521,0.4478534692982923,0.6699695171919476
0.2556631572484407,0.2837325865440258,0.4946658101063756
0.2777541261662288,0.2607768831101587,0.468523755764711
0.3128812770822564,0.3500338775577598,0.4490181822242778
0.3319228281599978,0.3362426037423334,0.5039136593710726
0.3428594978635011,0.3875270649385804,0.5367520902093634
0.34176879736297,0.3801211331477283,0.548093315155227
0.1974649106979196,0.1790465995602132,0.3061833542176595
0.4118483649279811,0.4379890751567168,0.6266671232974039
0.2153700662278222,0.1895637166413318,0.2744099960070483
0.2266574050935089,0.1895988908262547,0.3335671529486452
0.1835327845918798,0.1757657398738228,0.2150015353560436
0.3070406406545295,0.3499365084442456,0.4526068059361733
0.2746964832292362,0.2339950995907316,0.3285718224995599
0.2123607662146643,0.1815527312929138,0.3398002762671426
0.2456917018390531,0.260121075616829,0.4006831531758936
0.2869224226393155,0.2825876677139164,0.4207360460314961
0.2441016097116968,0.2176393447137984,0.3141289139428969
0.2579714121458953,0.2768404358884505,0.4472544292488068
0.4042021252162774,0.4384117200399258,0.6390570192140883
0.2846125405627566,0.3054482624052914,0.4331177146299583
0.2531306108223469,0.2205041765669501,0.4142027698717944
0.1293060692800626,0.0911413725946879,0.1259936241687784
0.2128689839938353,0.2111206746792512,0.326489449504296
0.2523818226496686,0.2594083133189476,0.4681931155285334
0.3012358753535732,0.2848833769676102,0.4120674479831262
0.3086529293774886,0.3462611192933433,0.5013854011364627
0.3292295366009792,0.2969886336303066,0.5277463603767578
0.3726130439572009,0.3567859541890384,0.6154370758294889
0.3356715783241832,0.3344208170447793,0.511606493154038
0.3034353730277245,0.2929778887634459,0.5442273550796626
0.2917949851110026,0.338975082433081,0.4626144993040763
0.1942088578016372,0.189342926806069,0.2986788546571206
0.2903117139143898,0.2978824304207728,0.4452962416335669
0.384126348794238,0.4075018926489608,0.5337647842662286
0.3223629132278621,0.3193181207833007,0.4509969842739052
0.3053327239098631,0.3416340453799789,0.4484783951028559
0.3361661368974503,0.3685674111025878,0.5155637168927308
0.3095769226295948,0.3117993221592273,0.5427756097729501
0.2858946970994561,0.2861151311707312,0.4871350874503192
0.307546467552846,0.2966999629932287,0.4183836830067413
0.2575954752433371,0.2802024997078033,0.4222985371352609
0.3104427989226128,0.323003815435918,0.4106481819777375
0.3351956283612377,0.3105411325097202,0.4789156464478046
0.1955365776869535,0.1850415404309281,0.3122152294815569
0.27288555266969,0.2973408823100734,0.3993372439010098
0.2599524518769818,0.2416342255931583,0.3743359955177862
0.2462286142574594,0.2544080277444218,0.4129899810368306
0.3632440945426688,0.3879156798832353,0.6183682909035363
0.1741291053869829,0.1759674909669982,0.2535464334441756
0.228219199841565,0.220942550096814,0.3549475366991942
0.2274865293873592,0.2369248073514728,0.3925753224744769
0.3597074128702244,0.3152802965825735,0.5623337769955493
0.2572591327453459,0.2547525687238721,0.3325736739382299
0.1540002476480417,0.1201138359280777,0.1783054220840691
0.3886248359092554,0.4361412172294688,0.640886638565153
0.476303045502809,0.4929433582701004,0.7116979522815667
0.1888538489497825,0.2119280882376954,0.263035584505142
0.243085903161821,0.2365827265621397,0.4239368355961031
0.1818466506514085,0.1803071518155006,0.2798676240774031
0.3573114858649641,0.3886489379637426,0.5774386523919742
0.2830350924937301,0.3281813119602618,0.4082849675790787
0.2189482389783036,0.2363751020817289,0.3604347702993468
0.2303107772994252,0.2221012875589776,0.3245132247942339
0.1857039634296576,0.1332332458075371,0.2374337751403619
0.3410210785937295,0.3653701828036628,0.5636914804119648
0.4074041849188755,0.4285902661714528,0.654456593455815
0.2380086611173449,0.2142771394410671,0.4013275845505194
0.4412374830044991,0.4763257218383678,0.6842704131859286
0.2299326719974596,0.1990160559295706,0.4126106353063833
0.2225134082422245,0.1942329582124789,0.3353755409938146
0.2721268546998596,0.2441294518890531,0.3973373421682966
0.2113472818914776,0.2078124476735153,0.3052483354050339
0.3366796079092499,0.3776825744464993,0.5755273784231066
0.2173931589941496,0.2558124089235544,0.3364832819272187
0.2972596482048139,0.3188935815276546,0.3682946546362331
0.2527365596313645,0.2606592458171464,0.4499626713048075
0.3188598602802439,0.3322029970231179,0.4652194889207068
0.3394251109421002,0.3917428519508709,0.5884712381428889
0.341774767455398,0.3808894415742194,0.5243138858730512
0.3309569364316579,0.3202656081803728,0.4524034345631392
0.2745953008274233,0.2895138139975814,0.3943332266587267
0.4310727613822444,0.4659428240735472,0.6863885282857535
0.2657679233351765,0.2332804974851028,0.3322731606750107
0.384883951709028,0.3750822504188682,0.5264274299902775
0.1560666381127105,0.1348259427059317,0.2106754044983355
0.2588179766385449,0.2499958543319439,0.3479181366037281
0.2746086947490984,0.3136368522905637,0.4509674892964663
0.2555704590617285,0.2440905424457374,0.381450093069291
0.3415515179179679,0.3118322684234923,0.4695344733057204
0.4248975988839882,0.453135290108579,0.6940225907096734
0.415337458780131,0.4097349894123493,0.6126614932924582
0.2699691278885783,0.2416245213976895,0.4458070384317395
0.2965636228050844,0.3200317701827508,0.465564263852442
0.2488076280576433,0.2649452160421771,0.4286062369043582
0.2776874514400136,0.2616796413437356,0.3964853300807786
0.3193066255057907,0.2941084662080166,0.4290413226494966
0.2249464149544499,0.2352693438217553,0.341094600186771
0.3791039389562395,0.4009861983221546,0.5798246813863825
0.2309622579877295,0.2154836778567795,0.2842748381023765
0.2467317863815379,0.260457486215185,0.3329546856816449
0.2507471504987153,0.267350920815467,0.3682408690639518
0.2246967988759864,0.243915252761973,0.3179754844152782
0.3329848556677897,0.332975556934552,0.3961458263641901
0.2149759940399586,0.2182671351330894,0.3113911827100064
0.1788709612169793,0.1380273861059874,0.2429209073895944
0.3470930721788462,0.3326283178023301,0.5062890456150254
0.258470962450286,0.2193367663788514,0.3029792174577315
0.191974812181056,0.1837021429914792,0.2563533257807993
0.3227958462950958,0.3595349398270874,0.5416984149710317
0.2077591212660264,0.1882665097337028,0.3162572071342459
0.2816074150898274,0.2792067143468824,0.4558248902475557
0.2682382310433854,0.2926953230304636,0.4630071875120223
0.1885362458490099,0.1419052816947152,0.2168359086700824
0.2192069142990737,0.1610304308605349,0.2525442438547844
0.3067843670759586,0.3166893996728889,0.4796714476150572
0.3652904676852517,0.3910555256483222,0.520204015998791
0.2200656762212115,0.2313217320382822,0.3125722558334908
0.2854092780212245,0.2538711915972585,0.3922750063073642
0.3459546356848105,0.3976983759434792,0.5610539476766729
0.2122820845505269,0.210235913930265,0.3629148130631877
0.2991389539064001,0.2925658410349186,0.4984195821824239
0.4441602463466945,0.4673813607003724,0.7583147367657325
0.2374578573753449,0.2380327842510614,0.3990639530360777
0.4072783638182259,0.4000586978910476,0.5633444137914003
0.3006936881061992,0.3280985319322294,0.468012433864336
0.2633995853617987,0.2239841138773823,0.3959674375192751
0.4338258494634374,0.4217743812869382,0.7570608907001274
0.2463431016305559,0.2274808206417539,0.3593607961855839
0.3608269999676587,0.3843761352306883,0.5748381178396919
0.4376384519384836,0.4868874536203859,0.7089095661561073
0.2510916093652833,0.2427425624083633,0.3985878410618709
0.2362991090537471,0.2586178662568071,0.3404580695376044
0.2202709924851473,0.1617119868383805,0.2528214362023174
0.3318972325696743,0.3666262318541516,0.5446826163444345
0.225009640027363,0.2043436098563487,0.335604412763673
0.2343689923049122,0.2118930128380141,0.3468295220520478
0.3198285701571508,0.2902970203880179,0.5010370938630196
0.338923327554813,0.343370319426262,0.4264481365941398
0.2384153655472621,0.2322331748979792,0.3847433362516424
0.453071389639258,0.4619832823789499,0.6628029730892622
0.1638252611772765,0.1651612577288431,0.233589010508481
0.2612323468558348,0.3086769335185991,0.3782782125375801
0.263744055534015,0.308898491561938,0.4281732596470698
0.3426164322488029,0.3734185421517131,0.5937423178206878
0.139773524119611,0.1238150767285763,0.2316487904625824
0.3640514703658166,0.386120554895942,0.5310540580839924
0.1709738102006208,0.1411801085629734,0.2585650385507495
0.342618753592132,0.3835798243171274,0.5532382636407518
0.2991088290501347,0.3171597910450889,0.4431971721809139
0.2805337541905661,0.2653257461491708,0.4341117446664528
0.3082758809381459,0.3467001306586641,0.5346498307307338
0.3016388434931932,0.3264059098334558,0.4955531584427574
0.3362276688932323,0.3534859431076024,0.5099266743255009
0.282886421643759,0.2428295348436336,0.3946983000955386
0.3536794188563768,0.3968327817885354,0.5305866766463296
0.2026376360948925,0.1711021446831935,0.3093922260402818
0.2262241590337528,0.2260292987611014,0.3611914188476898
0.2399249607130789,0.2642412552284361,0.3948793704741207
0.272712881373947,0.3098858960262488,0.4537386782787448
0.3305377110179197,0.33901169654679,0.4419005106148977
0.2619047081271301,0.3045050870702103,0.4332635237749571
0.5297122225729796,0.476453868303442,0.7277546147713446
0.3210665475270082,0.3262286511566525,0.4768846125077678
0.2225661593410235,0.211027988739355,0.3141798962729632
0.187979459101639,0.1415717541172277,0.2057347803838365
0.1780612514262439,0.1797719738639362,0.313589215180876
0.3885600857893529,0.4172447016727524,0.6452795721410284
0.5310074324048482,0.5174913079176248,0.7910809798835385
0.3505365927402692,0.3495517534721364,0.4913717092697989
0.2241674387935767,0.2472014448730524,0.4031652549285806
0.2709108331475159,0.3125049451561923,0.3935251647499523
0.3867820905620368,0.445038194060591,0.6786804397795985
0.3999654137292984,0.4056781088788447,0.5494453706304013
0.2324071267278247,0.2318242830958802,0.3395031618832765
0.1455969465042663,0.1239778110373198,0.2045236355668497
0.202323042162639,0.2102487374068749,0.3083577417780148
0.349096112798867,0.2974524927340047,0.5044171789644424
0.2123822176830516,0.1811670159244773,0.3427231026833668
0.3091142929359903,0.3110935643342378,0.4859649682923764
0.4060286214588479,0.4566994601769809,0.6661699495619811
0.244392441292198,0.2311823474564568,0.3136500265681595
0.2172672976905992,0.2146991114232553,0.3700151748314282
0.4138596968846992,0.4508479204029756,0.7084574252216093
0.2022117104719005,0.1532747706584884,0.2805280293501449
0.3646745435206594,0.3507015141199273,0.5760001657902435
0.2492561085256936,0.1926466979327398,0.3310954581911761
0.3091020712246534,0.2734471312754019,0.4324460022412492
0.1794012524676283,0.1616692915224928,0.2916925229448118
0.3492129884008459,0.385380131647158,0.5771907847289428
0.1787697140608124,0.153012132588829,0.2589451864499927
0.2928818122037585,0.2835157949689996,0.4419507361485203
0.1447826041742351,0.1508652543789716,0.1985061777292627
0.3262817441070219,0.3701983972262345,0.5074817420814404
0.2472170547834106,0.2802642473513356,0.3355523359579473
0.2468050189106987,0.2345241233567557,0.379857026448727
0.3183429072635138,0.3604429434138485,0.5469475843716972
0.2294507908524515,0.2132547045142031,0.348712764745046
0.4937418445986557,0.5014957124137447,0.7753614148025734
0.3129371137593818,0.2774421929897688,0.5187143203539671
0.363726669313796,0.3825323667184465,0.579657915992957
0.439586412398037,0.44898166225565,0.6171061679432572
0.3734382736509297,0.3348656435208303,0.5422504032179466
0.3102248477139734,0.3206809557540327,0.5601128882064094
0.2799948131872147,0.3138693410119293,0.427192868811636
0.3082244474042213,0.3470699109417012,0.5670352804057358
0.2664940109341943,0.2994596726556481,0.3913177140502856
0.241151139766046,0.2854606734835609,0.4169819685673971
0.2528223149667584,0.267208618543164,0.408273468796504
0.299277952110054,0.3070015810479776,0.4475923683551362
0.1170750382517101,0.1057801003023734,0.1689368207201736
0.3040636088418894,0.3164881389786971,0.4670255617251782
0.372409055035407,0.3909423572281738,0.568972063525987
0.289875855660086,0.3137864065073972,0.431082116873507
0.1554476533371892,0.1312586626356539,0.2454118119293718
0.3865720510891662,0.4009375114349224,0.5381248694192966
0.4576241734995404,0.469615834352624,0.7920861433249438
0.2779806135654024,0.2960441843301686,0.4407063414532547
0.3620205785831915,0.4022500849472059,0.5675586789823324
0.3990447496910356,0.3668877186728277,0.6058970455736704
0.2434677017474839,0.2410652015873732,0.3689616909786983
0.3821719266463116,0.3622013878976258,0.5951283637436755
0.2850874224900449,0.3087812310904478,0.4566239581959129
0.2409567190309353,0.2237917517371758,0.3547249700926732
0.3233124163950498,0.2843349535713555,0.4193960982317001
0.3754727640760628,0.4065670533534479,0.583390652487284
0.3541293947742332,0.3624024164015301,0.5130805271493315
0.3536409851907949,0.3555808255030151,0.5648315915361294
0.3800862378793302,0.3865214197998782,0.6003844491261587
0.2271091181811972,0.1960955432137271,0.3706760483576662
